periodId;eventDate;Clanmate;Arena Total;Common Total;Rare Total;Epic Total;Tartaros Total;Elven Total;Cursed Total;Bank Total;Runic Total;Heroic Total;VotA Total;ROTA Total;EAs Total;Union Total;Jormungandr Total;Points
ejrChd9MHCSNvsT0GAZt;2025-05-19;MIkl;0;0;0;0;0;0;0;0;0;0;0;0;0;0;0;0
ejrChd9MHCSNvsT0GAZt;2025-05-19;Friedoline;0;5;1;0;0;0;0;0;0;0;0;0;0;0;0;0
ejrChd9MHCSNvsT0GAZt;2025-05-19;El Mosca;0;0;0;0;0;0;0;0;0;0;0;0;0;0;0;0
ejrChd9MHCSNvsT0GAZt;2025-05-19;Danara;0;0;0;0;0;0;0;0;0;0;0;0;0;0;0;0
ejrChd9MHCSNvsT0GAZt;2025-05-19;Ya kut;0;7;1;0;0;1;0;0;0;0;0;0;0;0;0;0
ejrChd9MHCSNvsT0GAZt;2025-05-19;Smotryaschij;0;3;0;0;0;0;0;0;0;0;0;0;0;0;0;0
ejrChd9MHCSNvsT0GAZt;2025-05-19;MELISA;0;12;0;0;0;0;0;0;0;0;0;0;0;0;0;0
ejrChd9MHCSNvsT0GAZt;2025-05-19;WildMG;0;1;2;0;0;0;0;0;0;0;0;0;0;0;0;0
ejrChd9MHCSNvsT0GAZt;2025-05-19;Kantrius;0;0;0;0;0;0;0;0;0;0;0;0;0;0;0;0
ejrChd9MHCSNvsT0GAZt;2025-05-19;Petrov val;0;4;1;1;0;0;0;0;0;0;0;0;0;0;0;0
ejrChd9MHCSNvsT0GAZt;2025-05-19;YurasiK;0;12;2;0;0;0;0;0;0;0;0;0;0;0;0;0
ejrChd9MHCSNvsT0GAZt;2025-05-19;Frostterror;0;3;0;0;0;0;0;0;0;0;0;0;0;0;0;0
ejrChd9MHCSNvsT0GAZt;2025-05-19;SBzBy II;0;0;0;0;0;0;0;0;0;0;0;0;0;0;0;0
ejrChd9MHCSNvsT0GAZt;2025-05-19;Serdriilas;0;9;1;8;0;0;0;0;0;0;0;0;0;0;0;0
ejrChd9MHCSNvsT0GAZt;2025-05-19;Jackal;0;1;0;0;0;0;0;0;0;0;0;0;0;0;0;0
ejrChd9MHCSNvsT0GAZt;2025-05-19;DerVerständnisvolle;0;0;0;0;0;0;0;0;0;0;0;0;0;0;0;0
ejrChd9MHCSNvsT0GAZt;2025-05-19;Perros;0;0;0;0;0;0;0;0;0;0;0;0;0;0;0;0
ejrChd9MHCSNvsT0GAZt;2025-05-19;Wichtel Fichtel;0;0;0;0;0;0;0;0;0;0;0;0;0;0;0;0
ejrChd9MHCSNvsT0GAZt;2025-05-19;Upasara Wulung;0;1;3;0;0;0;0;0;0;0;1;0;0;0;0;0
ejrChd9MHCSNvsT0GAZt;2025-05-19;Rover;0;6;1;280;0;3;0;0;0;0;0;0;0;0;0;0
ejrChd9MHCSNvsT0GAZt;2025-05-19;Vakums;1;5;0;0;0;0;0;0;0;0;1;0;0;0;0;0
ejrChd9MHCSNvsT0GAZt;2025-05-19;Shahanna;0;0;0;0;0;0;0;0;0;0;0;0;0;0;0;0
ejrChd9MHCSNvsT0GAZt;2025-05-19;Tigra;0;3;1;0;0;0;0;0;0;0;0;0;0;0;0;0
ejrChd9MHCSNvsT0GAZt;2025-05-19;T-34;0;0;0;264;0;0;0;0;0;0;0;0;0;0;0;0
ejrChd9MHCSNvsT0GAZt;2025-05-19;Karel;0;3;0;1;0;0;0;0;0;0;1;0;0;0;0;0
ejrChd9MHCSNvsT0GAZt;2025-05-19;Tehn;0;0;0;0;0;0;0;0;0;0;0;0;0;0;0;0
ejrChd9MHCSNvsT0GAZt;2025-05-19;Buck Man;0;2;5;6;0;18;0;0;0;0;0;0;0;0;0;0
ejrChd9MHCSNvsT0GAZt;2025-05-19;ruda bestia;0;1;0;0;0;0;0;0;0;0;0;0;0;0;0;0
ejrChd9MHCSNvsT0GAZt;2025-05-19;Daijind;0;0;0;1;0;0;0;0;0;0;0;0;0;0;0;0
ejrChd9MHCSNvsT0GAZt;2025-05-19;White Los;1;1;0;0;0;0;0;0;0;0;1;0;0;0;0;0
ejrChd9MHCSNvsT0GAZt;2025-05-19;Miss Pelace;0;0;0;0;0;0;0;6;0;0;0;0;0;0;0;0
ejrChd9MHCSNvsT0GAZt;2025-05-19;Kupriyanych;0;2;1;0;0;0;0;0;0;0;0;0;0;0;0;0
ejrChd9MHCSNvsT0GAZt;2025-05-19;NikolajDNK;0;5;0;0;0;0;0;0;0;0;0;0;0;0;0;0
ejrChd9MHCSNvsT0GAZt;2025-05-19;DontReviveMe;0;0;0;0;0;0;0;0;0;0;0;0;0;0;0;0
ejrChd9MHCSNvsT0GAZt;2025-05-19;Lassus;0;0;0;0;0;0;0;0;0;0;0;0;0;0;0;0
ejrChd9MHCSNvsT0GAZt;2025-05-19;Nightfang;0;3;2;2;0;1;0;3;0;0;0;0;0;0;0;0
ejrChd9MHCSNvsT0GAZt;2025-05-19;Graf de lya Fer;0;0;0;0;0;0;0;0;0;0;0;0;0;0;0;0
ejrChd9MHCSNvsT0GAZt;2025-05-19;A R I S E;0;0;0;0;0;0;0;0;0;0;0;0;0;0;0;0
ejrChd9MHCSNvsT0GAZt;2025-05-19;Fendis;0;7;0;0;0;0;0;0;0;0;0;0;0;0;0;0
ejrChd9MHCSNvsT0GAZt;2025-05-19;KlaxxoN;0;2;0;0;0;0;0;0;0;0;0;0;0;0;0;0
ejrChd9MHCSNvsT0GAZt;2025-05-19;BlueBird;0;1;0;0;0;0;0;0;0;0;17;0;0;0;0;0
ejrChd9MHCSNvsT0GAZt;2025-05-19;steboulet 2;0;3;0;3;0;0;0;0;0;0;0;0;0;0;0;0
ejrChd9MHCSNvsT0GAZt;2025-05-19;Lindis;0;0;0;0;0;1;0;0;0;0;0;0;0;0;0;0
ejrChd9MHCSNvsT0GAZt;2025-05-19;Rein;0;10;0;0;0;0;0;0;0;0;10;0;0;0;0;0
ejrChd9MHCSNvsT0GAZt;2025-05-19;Gustav Gans;0;4;0;2;0;0;0;0;0;0;0;0;0;0;0;0
ejrChd9MHCSNvsT0GAZt;2025-05-19;Angelina 2;0;24;0;0;0;0;0;3;0;0;1;0;0;0;0;0
ejrChd9MHCSNvsT0GAZt;2025-05-19;Heinrich der Löwe;0;3;1;0;0;0;0;0;0;0;0;0;0;0;0;0
ejrChd9MHCSNvsT0GAZt;2025-05-19;Cerberus;0;0;0;0;0;0;0;0;0;0;0;0;0;0;0;0
ejrChd9MHCSNvsT0GAZt;2025-05-19;Mary Pili;0;0;0;0;0;10;0;0;0;0;0;0;0;0;0;0
ejrChd9MHCSNvsT0GAZt;2025-05-19;Barsian;0;2;0;0;0;0;0;0;0;0;0;0;0;0;0;0
ejrChd9MHCSNvsT0GAZt;2025-05-19;Miaso;0;8;0;0;0;0;0;0;0;0;0;0;0;0;0;0
ejrChd9MHCSNvsT0GAZt;2025-05-19;steboulet;0;3;0;3;0;0;0;0;0;0;0;0;0;0;0;0
ejrChd9MHCSNvsT0GAZt;2025-05-19;Gardashura;0;2;2;0;0;0;0;0;0;0;0;0;0;0;0;0
ejrChd9MHCSNvsT0GAZt;2025-05-19;Forondod;0;0;0;0;0;0;0;0;0;0;0;0;0;0;0;0
ejrChd9MHCSNvsT0GAZt;2025-05-19;Seryoga;0;0;0;0;0;0;0;0;0;0;0;0;0;0;0;0
ejrChd9MHCSNvsT0GAZt;2025-05-19;Mazura;0;5;0;0;0;0;0;0;0;0;0;0;0;0;0;0
ejrChd9MHCSNvsT0GAZt;2025-05-19;Zuzilkree;1;28;2;2;0;0;0;0;0;0;0;0;0;0;0;0
ejrChd9MHCSNvsT0GAZt;2025-05-19;Elsa;0;1;0;0;0;0;0;0;0;0;0;0;0;0;0;0
ejrChd9MHCSNvsT0GAZt;2025-05-19;Zepancadaria;0;1;0;2;0;0;0;0;0;0;1;0;0;0;0;0
ejrChd9MHCSNvsT0GAZt;2025-05-19;koi;0;12;0;1;0;40;0;0;0;0;1;0;0;0;0;0
ejrChd9MHCSNvsT0GAZt;2025-05-19;Eiskönigin;0;5;0;0;0;1;0;0;0;0;0;0;0;0;0;0
ejrChd9MHCSNvsT0GAZt;2025-05-19;Eragon;0;3;0;0;0;0;0;0;0;0;2;0;0;0;0;0
ejrChd9MHCSNvsT0GAZt;2025-05-19;Rifur;1;3;0;0;0;0;0;0;0;0;0;0;0;0;0;0
ejrChd9MHCSNvsT0GAZt;2025-05-19;Moginn;0;4;0;0;0;5;0;0;0;0;1;0;0;0;0;0
ejrChd9MHCSNvsT0GAZt;2025-05-19;TrAiAnO 2;0;1;0;0;0;0;0;0;0;0;0;0;0;0;0;0
ejrChd9MHCSNvsT0GAZt;2025-05-19;Romazan;0;10;2;2;0;22;0;0;0;0;0;0;0;0;0;0
ejrChd9MHCSNvsT0GAZt;2025-05-19;morgaine;0;13;0;0;0;0;0;3;0;0;0;0;0;0;0;0
ejrChd9MHCSNvsT0GAZt;2025-05-19;Ivanhoe;0;0;0;0;0;0;0;0;0;0;0;0;0;0;0;0
ejrChd9MHCSNvsT0GAZt;2025-05-19;Mikoikt;0;0;13;1;0;0;0;0;0;0;0;0;0;0;0;0
ejrChd9MHCSNvsT0GAZt;2025-05-19;Lanmoin der 3te;0;7;0;5;0;1;0;0;0;0;3;0;0;0;0;0
ejrChd9MHCSNvsT0GAZt;2025-05-19;09MUSLERA09;0;0;0;0;0;0;0;0;0;0;0;0;0;0;0;0
ejrChd9MHCSNvsT0GAZt;2025-05-19;Jannoz;0;13;3;2;0;0;0;0;0;0;0;0;0;0;0;0
ejrChd9MHCSNvsT0GAZt;2025-05-19;FlockyRocky;0;3;0;0;0;0;0;0;0;0;0;0;0;0;0;0
ejrChd9MHCSNvsT0GAZt;2025-05-19;Hulsa;0;18;0;0;0;10;0;0;0;0;0;0;0;0;0;0
ejrChd9MHCSNvsT0GAZt;2025-05-19;Lanmoin der Kleine;0;0;0;0;0;0;0;0;0;0;0;0;0;0;0;0
ejrChd9MHCSNvsT0GAZt;2025-05-19;kingchris;0;3;0;0;0;0;0;0;0;0;0;0;0;0;0;0
ejrChd9MHCSNvsT0GAZt;2025-05-19;Triano;0;3;0;0;0;0;0;0;0;0;0;0;0;0;0;0
ejrChd9MHCSNvsT0GAZt;2025-05-19;Lord Rahl;0;0;0;0;0;0;0;0;0;0;0;0;0;0;0;0
ejrChd9MHCSNvsT0GAZt;2025-05-19;Adoran;0;3;1;0;0;0;0;0;0;0;0;0;0;0;0;0
ejrChd9MHCSNvsT0GAZt;2025-05-19;PizzaOnkel IV;0;0;0;0;0;0;0;0;0;0;0;0;0;0;0;0
ejrChd9MHCSNvsT0GAZt;2025-05-19;Elgi;0;3;0;0;0;0;0;0;0;0;2;0;0;0;0;0
ejrChd9MHCSNvsT0GAZt;2025-05-19;Kobani;0;0;0;0;0;0;0;0;0;0;0;0;0;0;0;0
ejrChd9MHCSNvsT0GAZt;2025-05-19;Drago;0;0;0;0;0;0;0;0;0;0;0;0;0;0;0;0
2bil8e6wxViZJPJuynDH;2025-07-04;Petrov val;0;3;0;1;0;0;0;0;0;0;0;0;0;0;0;0
2bil8e6wxViZJPJuynDH;2025-07-04;Mikoikt;0;2;0;0;0;0;0;0;0;0;0;0;0;0;0;0
2bil8e6wxViZJPJuynDH;2025-07-04;Lanmoin der 3te;0;0;7;0;0;0;0;0;0;0;0;0;0;0;0;0
2bil8e6wxViZJPJuynDH;2025-07-04;Railkayilas;0;6;1;1;0;0;0;0;0;0;0;0;0;0;0;0
2bil8e6wxViZJPJuynDH;2025-07-04;Gocha;0;0;0;0;0;0;0;0;0;0;0;0;0;0;0;0
2bil8e6wxViZJPJuynDH;2025-07-04;Donald Duck;0;0;0;0;0;0;0;1;0;0;0;0;0;0;0;0
2bil8e6wxViZJPJuynDH;2025-07-04;Rein;0;0;0;0;0;0;0;0;0;0;0;0;0;0;0;0
2bil8e6wxViZJPJuynDH;2025-07-04;Friedoline;0;0;0;0;0;0;0;6;0;0;0;0;0;0;0;0
2bil8e6wxViZJPJuynDH;2025-07-04;Hulsa;0;5;0;4;0;0;0;0;0;0;0;0;0;0;0;0
2bil8e6wxViZJPJuynDH;2025-07-04;Perros;0;0;0;0;0;0;0;0;0;0;0;0;0;0;0;0
2bil8e6wxViZJPJuynDH;2025-07-04;kingchris;0;7;0;2;0;0;0;0;0;0;0;0;0;0;0;0
2bil8e6wxViZJPJuynDH;2025-07-04;Jackal;0;6;0;0;0;0;0;0;0;0;0;0;0;0;0;0
2bil8e6wxViZJPJuynDH;2025-07-04;Elsa;3;17;2;4;0;0;0;0;0;0;0;0;0;0;0;0
2bil8e6wxViZJPJuynDH;2025-07-04;Nightfang;0;3;3;1;0;0;0;0;0;0;0;0;0;0;0;0
2bil8e6wxViZJPJuynDH;2025-07-04;Hexe Kaukau;0;0;0;0;0;0;0;0;0;0;0;0;0;0;0;0
2bil8e6wxViZJPJuynDH;2025-07-04;WildMG;0;5;1;1;0;0;0;0;0;0;0;0;0;0;0;0
2bil8e6wxViZJPJuynDH;2025-07-04;Rainblade;0;1;0;0;0;0;0;0;0;0;0;0;0;0;0;0
2bil8e6wxViZJPJuynDH;2025-07-04;KlaxxoN;0;3;1;2;0;2;0;0;0;0;0;0;0;0;0;0
2bil8e6wxViZJPJuynDH;2025-07-04;Lanmoin der Kleine;0;0;0;0;0;0;0;0;0;0;0;0;0;0;0;0
2bil8e6wxViZJPJuynDH;2025-07-04;Gardashura;0;3;0;0;0;0;0;0;0;0;0;0;0;0;0;0
2bil8e6wxViZJPJuynDH;2025-07-04;Vakums;0;3;0;2;0;16;0;6;0;0;0;0;0;0;0;0
2bil8e6wxViZJPJuynDH;2025-07-04;Eragon;0;5;35;5;0;0;0;0;1;0;0;0;0;0;0;0
2bil8e6wxViZJPJuynDH;2025-07-04;Serdriilas;1;11;0;0;0;0;0;6;9;0;0;0;0;0;0;0
2bil8e6wxViZJPJuynDH;2025-07-04;Rover;0;6;1;2;0;12;0;0;0;0;0;0;0;0;0;0
2bil8e6wxViZJPJuynDH;2025-07-04;Cerberus;0;2;0;0;0;0;0;1;0;0;0;0;0;0;0;0
2bil8e6wxViZJPJuynDH;2025-07-04;Rifur;0;7;6;1;0;0;0;0;0;0;0;0;0;0;0;0
2bil8e6wxViZJPJuynDH;2025-07-04;Kantrius;0;19;8;10;0;7;0;0;0;0;0;0;0;0;0;0
2bil8e6wxViZJPJuynDH;2025-07-04;Alpha Logburg;0;0;0;0;0;0;0;0;0;0;0;0;0;0;0;0
2bil8e6wxViZJPJuynDH;2025-07-04;White Los;0;0;0;0;0;0;0;0;0;0;0;0;0;0;0;0
2bil8e6wxViZJPJuynDH;2025-07-04;Bluebird;0;0;66;0;0;0;0;0;3;0;0;0;0;0;0;0
2bil8e6wxViZJPJuynDH;2025-07-04;Forondod;0;4;1;2;0;0;0;0;0;0;0;0;0;0;0;0
2bil8e6wxViZJPJuynDH;2025-07-04;rami;0;3;0;0;0;0;0;0;0;0;0;0;0;0;0;0
2bil8e6wxViZJPJuynDH;2025-07-04;Shahanna;0;0;0;0;0;0;0;0;0;0;0;0;0;0;0;0
2bil8e6wxViZJPJuynDH;2025-07-04;Lord Rahl;0;0;0;0;0;0;0;0;0;0;0;0;0;0;0;0
2bil8e6wxViZJPJuynDH;2025-07-04;Roland;0;3;3;2;0;3;0;3;0;1;0;0;0;0;0;0
2bil8e6wxViZJPJuynDH;2025-07-04;Adoran;0;3;0;0;0;0;0;0;0;0;0;0;0;0;0;0
2bil8e6wxViZJPJuynDH;2025-07-04;El Mosca;0;0;0;0;0;0;0;0;0;0;0;0;0;0;0;0
2bil8e6wxViZJPJuynDH;2025-07-04;Kupriyanych;0;2;0;0;0;0;0;0;0;0;0;0;0;0;0;0
2bil8e6wxViZJPJuynDH;2025-07-04;Daijind;0;3;0;1;0;0;0;0;0;0;0;0;0;0;0;0
2bil8e6wxViZJPJuynDH;2025-07-04;Barsian;0;0;0;0;0;0;0;6;0;0;0;0;0;0;0;0
2bil8e6wxViZJPJuynDH;2025-07-04;Tehn;0;36;4;4;0;0;0;0;0;0;0;0;0;0;0;0
2bil8e6wxViZJPJuynDH;2025-07-04;Ivanhoe;0;0;0;0;0;0;0;1;0;0;0;0;0;0;0;0
2bil8e6wxViZJPJuynDH;2025-07-04;Zuzilkree;0;7;3;2;0;19;0;0;0;0;0;0;0;0;0;0
2bil8e6wxViZJPJuynDH;2025-07-04;Miss Pelace;0;4;0;3;0;11;0;12;3;0;0;0;0;0;0;0
2bil8e6wxViZJPJuynDH;2025-07-04;Upasara Wulung;0;0;0;0;0;0;0;0;0;0;0;0;0;0;0;0
2bil8e6wxViZJPJuynDH;2025-07-04;Moginn;0;4;1;0;0;1;0;0;0;0;0;0;0;0;0;0
2bil8e6wxViZJPJuynDH;2025-07-04;Jannoz;0;3;6;0;0;1;0;3;0;0;0;0;0;0;0;0
2bil8e6wxViZJPJuynDH;2025-07-04;Lindis;0;13;2;1;0;3;0;0;11;0;0;0;0;0;0;0
2bil8e6wxViZJPJuynDH;2025-07-04;Kamaw DOC;0;0;0;0;0;0;0;0;0;0;0;0;0;0;0;0
2bil8e6wxViZJPJuynDH;2025-07-04;Traiano;0;0;0;0;0;0;0;0;0;0;0;0;0;0;0;0
2bil8e6wxViZJPJuynDH;2025-07-04;Serdriel;0;3;12;8;0;0;0;0;0;0;0;0;0;0;0;0
2bil8e6wxViZJPJuynDH;2025-07-04;Heinrich der Lowe;4;10;0;1;0;0;0;0;0;0;0;0;0;0;0;0
2bil8e6wxViZJPJuynDH;2025-07-04;Kelerosir;0;8;1;0;0;0;0;0;0;0;0;0;0;0;0;0
2bil8e6wxViZJPJuynDH;2025-07-04;Danara;0;1;3;5;0;4;0;0;8;0;0;0;0;0;0;0
2bil8e6wxViZJPJuynDH;2025-07-04;BlueBird;0;0;66;0;0;0;0;0;3;0;0;0;0;0;0;0
2bil8e6wxViZJPJuynDH;2025-07-04;DerVerstandnisvolle;0;0;0;0;0;0;0;0;0;0;0;0;0;0;0;0
2bil8e6wxViZJPJuynDH;2025-07-04;Monkey De Luffy;0;1;0;0;0;0;0;1;0;0;0;0;0;0;0;0
2bil8e6wxViZJPJuynDH;2025-07-04;Brodyaga;0;7;0;0;0;3;0;0;0;0;0;0;0;0;0;0
2bil8e6wxViZJPJuynDH;2025-07-04;kingdom warrior jn;0;0;0;0;0;0;0;0;0;0;0;0;0;0;0;0
2bil8e6wxViZJPJuynDH;2025-07-04;Nightwulf;0;0;0;0;0;0;0;0;0;0;0;0;0;0;0;0
2bil8e6wxViZJPJuynDH;2025-07-04;Ya kut;0;7;0;0;0;0;0;0;0;0;0;0;0;0;0;0
2bil8e6wxViZJPJuynDH;2025-07-04;Eiskonigin;0;0;0;0;0;0;0;0;0;0;0;0;0;0;0;0
2bil8e6wxViZJPJuynDH;2025-07-04;Romazan;0;10;6;1;0;5;0;0;0;0;0;0;0;0;0;0
2bil8e6wxViZJPJuynDH;2025-07-04;SBzBy li;0;3;1;1;0;0;0;4;0;0;0;0;0;0;0;0
2bil8e6wxViZJPJuynDH;2025-07-04;Elgi;0;0;0;0;0;0;0;0;1;0;0;0;0;0;0;0
2bil8e6wxViZJPJuynDH;2025-07-04;Fendis;0;0;0;0;0;0;0;0;0;0;0;0;0;0;0;0
2bil8e6wxViZJPJuynDH;2025-07-04;Fray;0;8;1;1;0;3;0;0;0;0;0;0;0;0;0;0
2bil8e6wxViZJPJuynDH;2025-07-04;Buck Man;0;13;4;0;0;11;0;0;0;0;0;0;0;0;0;0
2bil8e6wxViZJPJuynDH;2025-07-04;Dalinad;0;0;0;0;0;0;0;0;0;0;0;0;0;0;0;0
2bil8e6wxViZJPJuynDH;2025-07-04;Angelina 2;0;11;2;5;0;0;0;0;1;0;0;0;0;0;0;0
2bil8e6wxViZJPJuynDH;2025-07-04;kingdom warrior 2;0;0;0;0;0;0;0;0;0;0;0;0;0;0;0;0
2bil8e6wxViZJPJuynDH;2025-07-04;koi;0;10;0;3;0;24;0;0;0;0;0;0;0;0;0;0
2bil8e6wxViZJPJuynDH;2025-07-04;LosBolLos;0;0;0;0;0;0;0;0;0;0;0;0;0;0;0;0
2bil8e6wxViZJPJuynDH;2025-07-04;TrAIANO 2;0;0;0;0;0;0;0;0;0;0;0;0;0;0;0;0
2bil8e6wxViZJPJuynDH;2025-07-04;Frostterror;0;3;0;0;0;0;0;0;0;0;0;0;0;0;0;0
2bil8e6wxViZJPJuynDH;2025-07-04;Tigra;0;8;2;2;0;0;0;0;0;0;0;0;0;0;0;0
2bil8e6wxViZJPJuynDH;2025-07-04;T-34;0;0;0;0;0;0;0;0;6;0;0;0;0;0;0;0
2bil8e6wxViZJPJuynDH;2025-07-04;Miaso;0;0;0;0;0;0;0;0;0;0;0;0;0;0;0;0
2bil8e6wxViZJPJuynDH;2025-07-04;MELISA;0;0;0;0;0;0;0;0;0;0;0;0;0;0;0;0
2bil8e6wxViZJPJuynDH;2025-07-04;MIKI;0;0;0;0;0;0;0;0;0;0;0;0;0;0;0;0
2bil8e6wxViZJPJuynDH;2025-07-04;Mary Pili;0;0;0;0;0;0;0;0;0;0;0;0;0;0;0;0
2bil8e6wxViZJPJuynDH;2025-07-04;YurasiK;0;25;1;1;0;0;0;4;0;0;0;0;0;0;0;0
2bil8e6wxViZJPJuynDH;2025-07-04;NikolajDNK;0;0;0;0;0;0;0;0;0;0;0;0;0;0;0;0
fzJ1dTgLF5Cex9v7bgoF;2025-06-07;Friedoline;0;0;0;1;0;0;0;0;0;0;0;0;0;0;0;0
fzJ1dTgLF5Cex9v7bgoF;2025-06-07;Forondod;0;0;0;1;0;0;0;0;0;0;0;0;0;0;0;0
fzJ1dTgLF5Cex9v7bgoF;2025-06-07;Drago;0;0;0;0;0;0;0;0;0;0;0;0;0;0;0;0
fzJ1dTgLF5Cex9v7bgoF;2025-06-07;Hulsa;0;11;0;0;0;0;0;0;0;0;0;0;0;0;0;0
fzJ1dTgLF5Cex9v7bgoF;2025-06-07;El Mosca;0;0;0;2;0;0;0;0;0;0;0;0;0;0;0;0
fzJ1dTgLF5Cex9v7bgoF;2025-06-07;White Los;0;1;0;0;0;0;0;0;0;0;0;0;0;0;0;0
fzJ1dTgLF5Cex9v7bgoF;2025-06-07;MELISA;0;0;0;0;0;0;0;0;0;0;0;0;0;0;0;0
fzJ1dTgLF5Cex9v7bgoF;2025-06-07;Lanmoin der Kleine;0;0;0;0;0;0;0;0;0;0;0;0;0;0;0;0
fzJ1dTgLF5Cex9v7bgoF;2025-06-07;Tehn;1;14;3;1;0;4;0;0;0;0;0;0;0;0;0;0
fzJ1dTgLF5Cex9v7bgoF;2025-06-07;Donald Duck;0;0;0;0;0;0;0;0;0;0;0;0;0;0;0;0
fzJ1dTgLF5Cex9v7bgoF;2025-06-07;Petrov val;0;10;1;1;0;5;0;0;0;0;0;0;0;0;0;0
fzJ1dTgLF5Cex9v7bgoF;2025-06-07;BlueBird;0;0;0;0;0;0;0;0;0;0;0;0;0;0;0;0
fzJ1dTgLF5Cex9v7bgoF;2025-06-07;Hexe Kaukau;0;0;0;0;0;0;0;0;0;0;0;0;0;0;0;0
fzJ1dTgLF5Cex9v7bgoF;2025-06-07;Lindis;0;2;1;0;0;2;0;0;0;0;0;0;0;0;0;0
fzJ1dTgLF5Cex9v7bgoF;2025-06-07;Upasara Wulung;0;26;24;6;0;22;0;0;0;0;0;0;0;0;0;0
fzJ1dTgLF5Cex9v7bgoF;2025-06-07;Lord Rahl;0;0;0;0;0;0;0;0;0;0;0;0;0;0;0;0
fzJ1dTgLF5Cex9v7bgoF;2025-06-07;Karel;0;3;0;0;0;0;0;0;0;0;0;0;0;0;0;0
fzJ1dTgLF5Cex9v7bgoF;2025-06-07;Fendis;0;12;0;0;0;0;0;0;0;0;0;0;0;0;0;0
fzJ1dTgLF5Cex9v7bgoF;2025-06-07;Fray;0;51;6;1;0;4;0;0;0;0;0;0;0;0;0;0
fzJ1dTgLF5Cex9v7bgoF;2025-06-07;PizzaOnkel IV;0;17;0;0;0;0;0;0;0;0;0;0;0;0;0;0
fzJ1dTgLF5Cex9v7bgoF;2025-06-07;Jackal;0;3;0;0;0;0;0;0;0;0;0;0;0;0;0;0
fzJ1dTgLF5Cex9v7bgoF;2025-06-07;Serdriilas;0;3;0;0;0;0;0;0;0;0;0;0;0;0;0;0
fzJ1dTgLF5Cex9v7bgoF;2025-06-07;Kobani;0;3;0;0;0;0;0;0;0;0;0;0;0;0;0;0
fzJ1dTgLF5Cex9v7bgoF;2025-06-07;Rein;0;0;0;0;0;0;0;0;0;0;0;0;0;0;0;0
fzJ1dTgLF5Cex9v7bgoF;2025-06-07;Buck Man;0;17;3;2;0;7;0;0;0;0;0;0;0;0;0;0
fzJ1dTgLF5Cex9v7bgoF;2025-06-07;Vakums;0;0;3;0;0;0;0;0;0;0;0;0;0;0;0;0
fzJ1dTgLF5Cex9v7bgoF;2025-06-07;Moginn;0;0;0;0;0;0;0;0;0;0;0;0;0;0;0;0
fzJ1dTgLF5Cex9v7bgoF;2025-06-07;Nightfang;0;0;0;0;0;0;0;0;0;0;0;0;0;0;0;0
fzJ1dTgLF5Cex9v7bgoF;2025-06-07;Elsa;0;11;0;1;0;0;0;0;0;0;0;0;0;0;0;0
fzJ1dTgLF5Cex9v7bgoF;2025-06-07;Mikoikt;0;11;0;0;0;0;0;0;0;0;0;0;0;0;0;0
fzJ1dTgLF5Cex9v7bgoF;2025-06-07;SBzBy ll;0;3;0;2;0;0;0;0;0;0;0;0;0;0;0;0
fzJ1dTgLF5Cex9v7bgoF;2025-06-07;Kupriyanych;0;0;0;0;0;0;0;0;0;0;0;0;0;0;0;0
fzJ1dTgLF5Cex9v7bgoF;2025-06-07;Rifur;0;0;0;0;0;0;0;0;0;0;0;0;0;0;0;0
fzJ1dTgLF5Cex9v7bgoF;2025-06-07;Egli;0;0;0;0;0;0;0;0;0;0;0;0;0;0;0;0
fzJ1dTgLF5Cex9v7bgoF;2025-06-07;Miaso;0;10;10;438;0;0;0;0;0;0;0;0;0;0;0;0
fzJ1dTgLF5Cex9v7bgoF;2025-06-07;Danara;0;10;16;6;0;10;0;0;0;0;0;0;0;0;0;0
fzJ1dTgLF5Cex9v7bgoF;2025-06-07;Daijind;0;1;0;1;0;0;0;0;0;0;0;0;0;0;0;0
fzJ1dTgLF5Cex9v7bgoF;2025-06-07;Eiskönigin;0;0;0;0;0;0;0;0;0;0;0;0;0;0;0;0
fzJ1dTgLF5Cex9v7bgoF;2025-06-07;kuromi;0;0;0;0;0;0;0;0;0;0;0;0;0;0;0;0
fzJ1dTgLF5Cex9v7bgoF;2025-06-07;WildMG;0;3;2;1;0;0;0;0;0;0;0;0;0;0;0;0
fzJ1dTgLF5Cex9v7bgoF;2025-06-07;Jannoz;0;6;0;0;0;0;0;0;0;0;0;0;0;0;0;0
fzJ1dTgLF5Cex9v7bgoF;2025-06-07;steboulet;0;4;0;0;0;1;1;0;0;1;0;0;0;0;0;0
fzJ1dTgLF5Cex9v7bgoF;2025-06-07;NikolajDNK;0;0;0;0;0;0;0;0;0;0;0;0;0;0;0;0
fzJ1dTgLF5Cex9v7bgoF;2025-06-07;Seryoga;0;0;0;0;0;0;0;0;0;0;0;0;0;0;0;0
fzJ1dTgLF5Cex9v7bgoF;2025-06-07;Heinrich der Löwe;0;4;0;0;0;0;0;0;0;0;0;0;0;0;0;0
fzJ1dTgLF5Cex9v7bgoF;2025-06-07;Bluebird;0;0;0;0;0;0;0;0;0;0;0;0;0;0;0;0
fzJ1dTgLF5Cex9v7bgoF;2025-06-07;Tigra;0;14;2;0;0;0;0;0;0;0;0;0;0;0;0;0
fzJ1dTgLF5Cex9v7bgoF;2025-06-07;Adoran;0;5;0;0;0;0;0;0;0;0;0;0;0;0;0;0
fzJ1dTgLF5Cex9v7bgoF;2025-06-07;Cerberus;0;0;0;0;0;0;0;0;0;0;0;0;0;0;0;0
fzJ1dTgLF5Cex9v7bgoF;2025-06-07;MIkl;0;0;0;0;0;0;0;0;0;0;0;0;0;0;0;0
fzJ1dTgLF5Cex9v7bgoF;2025-06-07;Mary Pili;0;0;0;0;0;0;0;0;0;0;0;0;0;0;0;0
fzJ1dTgLF5Cex9v7bgoF;2025-06-07;Nightwulf;0;0;0;0;0;0;0;0;0;0;0;0;0;0;0;0
fzJ1dTgLF5Cex9v7bgoF;2025-06-07;Mazura;0;0;0;0;0;0;0;0;0;0;0;0;0;0;0;0
fzJ1dTgLF5Cex9v7bgoF;2025-06-07;Miss Pelace;0;3;0;0;0;0;0;0;0;0;0;0;0;0;0;0
fzJ1dTgLF5Cex9v7bgoF;2025-06-07;Rover;0;6;2;1;0;3;0;0;0;0;0;0;0;0;0;0
fzJ1dTgLF5Cex9v7bgoF;2025-06-07;steboulet 2;0;0;0;0;0;0;0;0;0;0;0;0;0;0;0;0
fzJ1dTgLF5Cex9v7bgoF;2025-06-07;DerVerständnisvolle;0;0;0;0;0;0;0;0;0;0;0;0;0;0;0;0
fzJ1dTgLF5Cex9v7bgoF;2025-06-07;Ya kut;0;0;0;0;0;0;0;0;0;0;0;0;0;0;0;0
fzJ1dTgLF5Cex9v7bgoF;2025-06-07;Romazan;0;0;0;0;0;0;0;0;0;0;0;0;0;0;0;0
fzJ1dTgLF5Cex9v7bgoF;2025-06-07;Frostterror;0;5;1;0;0;0;0;0;0;0;0;0;0;0;0;0
fzJ1dTgLF5Cex9v7bgoF;2025-06-07;Brodyaga;0;3;0;0;0;0;0;0;0;0;0;0;0;0;0;0
fzJ1dTgLF5Cex9v7bgoF;2025-06-07;roger;0;23;0;2;0;0;0;0;0;0;0;0;0;0;0;0
fzJ1dTgLF5Cex9v7bgoF;2025-06-07;Lassus;0;0;0;0;0;0;0;0;0;0;0;0;0;0;0;0
fzJ1dTgLF5Cex9v7bgoF;2025-06-07;Gardashura;0;0;0;0;0;0;0;0;0;0;0;0;0;0;0;0
fzJ1dTgLF5Cex9v7bgoF;2025-06-07;Ivanhoe;0;0;0;0;0;0;0;0;0;0;0;0;0;0;0;0
fzJ1dTgLF5Cex9v7bgoF;2025-06-07;kingchris;1;3;0;3;0;0;0;0;0;0;0;0;0;0;0;0
fzJ1dTgLF5Cex9v7bgoF;2025-06-07;Barsian;0;0;0;0;0;0;0;0;0;0;0;0;0;0;0;0
fzJ1dTgLF5Cex9v7bgoF;2025-06-07;Shahanna;0;0;0;0;0;0;0;0;0;0;0;0;0;0;0;0
fzJ1dTgLF5Cex9v7bgoF;2025-06-07;YurasiK;0;0;0;0;0;0;0;0;0;0;0;0;0;0;0;0
fzJ1dTgLF5Cex9v7bgoF;2025-06-07;TrAIANO 2;0;0;0;0;0;0;0;0;0;0;0;0;0;0;0;0
fzJ1dTgLF5Cex9v7bgoF;2025-06-07;KlaxxoN;0;3;0;0;0;0;0;0;0;0;0;0;0;0;0;0
fzJ1dTgLF5Cex9v7bgoF;2025-06-07;Lanmoin der 3te;0;1;1;9;0;0;0;0;0;0;0;0;0;0;0;0
fzJ1dTgLF5Cex9v7bgoF;2025-06-07;koi;0;9;0;2;0;30;0;0;0;0;0;0;0;0;0;0
fzJ1dTgLF5Cex9v7bgoF;2025-06-07;Perros;0;3;0;0;0;0;0;0;0;0;0;0;0;0;0;0
fzJ1dTgLF5Cex9v7bgoF;2025-06-07;Eragon;0;10;1;3;0;1;0;0;0;0;0;0;0;0;0;0
fzJ1dTgLF5Cex9v7bgoF;2025-06-07;Gocha;0;0;0;0;0;0;0;0;0;0;0;0;0;0;0;0
fzJ1dTgLF5Cex9v7bgoF;2025-06-07;Gustav Gans;0;0;0;0;0;0;0;0;0;0;0;0;0;0;0;0
fzJ1dTgLF5Cex9v7bgoF;2025-06-07;Zuzilkree;0;16;2;0;0;3;0;0;0;0;0;0;0;0;0;0
fzJ1dTgLF5Cex9v7bgoF;2025-06-07;T-34;0;0;0;0;0;0;0;0;0;0;0;0;0;0;0;0
fzJ1dTgLF5Cex9v7bgoF;2025-06-07;Traiano;0;0;0;0;0;0;0;0;0;0;0;0;0;0;0;0
fzJ1dTgLF5Cex9v7bgoF;2025-06-07;Zepancadaria;0;0;0;0;0;0;0;0;0;0;0;0;0;0;0;0
fzJ1dTgLF5Cex9v7bgoF;2025-06-04;Shahanna;0;0;0;0;0;0;0;0;0;0;0;0;0;0;0;0
fzJ1dTgLF5Cex9v7bgoF;2025-06-04;MIkl;0;0;6;12;0;0;0;0;0;0;0;0;0;0;0;0
fzJ1dTgLF5Cex9v7bgoF;2025-06-04;Forondod;0;1;1;1;0;0;0;0;0;0;0;0;0;0;0;0
fzJ1dTgLF5Cex9v7bgoF;2025-06-04;Elsa;0;1;0;0;0;0;0;0;0;0;0;0;0;0;0;0
fzJ1dTgLF5Cex9v7bgoF;2025-06-04;Perros;0;0;0;0;0;76;0;0;0;0;0;0;0;0;0;0
fzJ1dTgLF5Cex9v7bgoF;2025-06-04;T-34;0;0;0;0;0;0;0;0;6;0;0;0;0;0;0;0
fzJ1dTgLF5Cex9v7bgoF;2025-06-04;Moginn;0;2;0;1;0;0;0;0;0;0;0;0;0;0;0;0
fzJ1dTgLF5Cex9v7bgoF;2025-06-04;Petrov val;0;2;0;1;0;3;0;0;0;0;0;0;0;0;0;0
fzJ1dTgLF5Cex9v7bgoF;2025-06-04;TrAIANO 2;0;0;0;0;0;0;0;0;0;0;0;0;0;0;0;0
fzJ1dTgLF5Cex9v7bgoF;2025-06-04;steboulet 2;0;0;0;0;0;0;0;0;0;0;0;0;0;0;0;0
fzJ1dTgLF5Cex9v7bgoF;2025-06-04;DerVerständnisvolle;0;0;0;0;0;0;0;0;0;0;0;0;0;0;0;0
fzJ1dTgLF5Cex9v7bgoF;2025-06-04;Nightwulf;0;0;0;0;0;0;0;0;0;0;0;0;0;0;0;0
fzJ1dTgLF5Cex9v7bgoF;2025-06-04;Lord Rahl;0;0;0;0;0;0;0;0;0;0;0;0;0;0;0;0
fzJ1dTgLF5Cex9v7bgoF;2025-06-04;Tehn;0;3;0;0;0;0;0;0;0;0;0;0;0;0;0;0
fzJ1dTgLF5Cex9v7bgoF;2025-06-04;Daijind;0;4;1;1;0;3;0;0;0;0;0;0;0;0;0;0
fzJ1dTgLF5Cex9v7bgoF;2025-06-04;Lanmoin der Kleine;0;0;0;0;0;0;0;0;0;0;0;0;0;0;0;0
fzJ1dTgLF5Cex9v7bgoF;2025-06-04;Barsian;0;0;0;0;0;0;0;0;0;0;0;0;0;0;0;0
fzJ1dTgLF5Cex9v7bgoF;2025-06-04;Zuzilkree;0;9;2;2;0;0;0;0;0;0;0;0;0;0;0;0
fzJ1dTgLF5Cex9v7bgoF;2025-06-04;Mazura;0;0;0;0;0;0;0;0;0;0;0;0;0;0;0;0
fzJ1dTgLF5Cex9v7bgoF;2025-06-04;Frostterror;0;0;0;0;0;0;0;0;0;0;0;0;0;0;0;0
fzJ1dTgLF5Cex9v7bgoF;2025-06-04;Gustav Gans;0;0;0;0;0;0;0;0;0;0;0;0;0;0;0;0
fzJ1dTgLF5Cex9v7bgoF;2025-06-04;Fendis;0;7;0;0;0;0;0;0;0;0;0;0;0;0;0;0
fzJ1dTgLF5Cex9v7bgoF;2025-06-04;Adoran;0;3;0;0;0;0;0;0;0;0;0;0;0;0;0;0
fzJ1dTgLF5Cex9v7bgoF;2025-06-04;kuromi;0;0;0;0;0;0;0;0;0;0;0;0;0;0;0;0
fzJ1dTgLF5Cex9v7bgoF;2025-06-04;Friedoline;0;0;0;0;0;0;0;0;0;0;0;0;0;0;0;0
fzJ1dTgLF5Cex9v7bgoF;2025-06-04;PizzaOnkel IV;0;4;0;7;0;0;0;0;0;0;0;0;0;0;0;0
fzJ1dTgLF5Cex9v7bgoF;2025-06-04;Rover;0;0;1;1;0;1;0;0;0;0;0;0;0;0;0;0
fzJ1dTgLF5Cex9v7bgoF;2025-06-04;kingchris;0;2;0;0;0;0;0;0;0;0;0;0;0;0;0;0
fzJ1dTgLF5Cex9v7bgoF;2025-06-04;Egli;0;0;0;2;0;0;0;0;0;0;0;0;0;0;0;0
fzJ1dTgLF5Cex9v7bgoF;2025-06-04;KlaxxoN;0;1;0;0;0;0;0;0;0;0;0;0;0;0;0;0
fzJ1dTgLF5Cex9v7bgoF;2025-06-04;Ivanhoe;0;0;0;0;0;0;0;0;0;0;0;0;0;0;0;0
fzJ1dTgLF5Cex9v7bgoF;2025-06-04;YurasiK;1;21;4;0;0;0;0;0;0;0;0;0;0;0;0;0
fzJ1dTgLF5Cex9v7bgoF;2025-06-04;Nightfang;0;0;0;0;0;6;0;0;0;0;0;0;0;0;0;0
fzJ1dTgLF5Cex9v7bgoF;2025-06-04;Gardashura;0;1;0;2;0;0;0;0;0;0;0;0;0;0;0;0
fzJ1dTgLF5Cex9v7bgoF;2025-06-04;BlueBird;0;0;0;0;0;0;0;0;2;0;0;0;0;0;0;0
fzJ1dTgLF5Cex9v7bgoF;2025-06-04;Vakums;0;3;0;0;0;0;0;0;0;0;0;0;0;0;0;0
fzJ1dTgLF5Cex9v7bgoF;2025-06-04;Fray;0;10;0;0;0;0;0;0;0;0;0;0;0;0;0;0
fzJ1dTgLF5Cex9v7bgoF;2025-06-04;Karel;0;3;0;2;0;0;0;0;0;0;0;0;0;0;0;0
fzJ1dTgLF5Cex9v7bgoF;2025-06-04;Danara;0;0;0;0;0;10;0;0;0;0;0;0;0;0;0;0
fzJ1dTgLF5Cex9v7bgoF;2025-06-04;Kupriyanych;0;7;0;0;0;0;0;0;0;0;0;0;0;0;0;0
fzJ1dTgLF5Cex9v7bgoF;2025-06-04;Rifur;0;3;2;1;0;0;0;0;0;0;0;0;0;0;0;0
fzJ1dTgLF5Cex9v7bgoF;2025-06-04;Bluebird;0;0;0;0;0;0;0;0;2;0;0;0;0;0;0;0
fzJ1dTgLF5Cex9v7bgoF;2025-06-04;Cerberus;0;0;0;0;0;0;0;0;0;0;0;0;0;0;0;0
fzJ1dTgLF5Cex9v7bgoF;2025-06-04;roger;0;9;0;0;0;0;0;0;0;0;0;0;0;0;0;0
fzJ1dTgLF5Cex9v7bgoF;2025-06-04;Rein;0;0;0;0;0;46;0;0;0;0;0;0;0;0;0;0
fzJ1dTgLF5Cex9v7bgoF;2025-06-04;Lassus;0;0;15;0;0;0;0;0;0;0;0;0;0;0;0;0
fzJ1dTgLF5Cex9v7bgoF;2025-06-04;Brodyaga;0;3;0;0;0;0;0;0;0;0;0;0;0;0;0;0
fzJ1dTgLF5Cex9v7bgoF;2025-06-04;WildMG;0;0;0;0;0;0;0;0;0;0;0;0;0;0;0;0
fzJ1dTgLF5Cex9v7bgoF;2025-06-04;NikolajDNK;0;0;0;0;0;0;0;0;0;0;0;0;0;0;0;0
fzJ1dTgLF5Cex9v7bgoF;2025-06-04;Lindis;0;9;3;1;0;2;0;0;0;0;0;0;0;0;0;0
fzJ1dTgLF5Cex9v7bgoF;2025-06-04;MELISA;0;6;0;0;0;0;0;0;5;0;0;0;0;0;0;0
fzJ1dTgLF5Cex9v7bgoF;2025-06-04;Drago;0;0;0;0;0;0;0;0;0;0;0;0;0;0;0;0
fzJ1dTgLF5Cex9v7bgoF;2025-06-04;Tigra;0;16;3;0;0;3;0;0;0;0;0;0;0;0;0;0
fzJ1dTgLF5Cex9v7bgoF;2025-06-04;Jackal;0;2;0;0;0;0;0;0;0;0;0;0;0;0;0;0
fzJ1dTgLF5Cex9v7bgoF;2025-06-04;Heinrich der Löwe;0;6;0;0;0;0;0;0;0;0;0;0;0;0;0;0
fzJ1dTgLF5Cex9v7bgoF;2025-06-04;Lanmoin der 3te;0;0;0;0;0;0;0;0;0;0;0;0;0;0;0;0
fzJ1dTgLF5Cex9v7bgoF;2025-06-04;Zepancadaria;0;0;0;0;0;0;0;0;0;0;0;0;0;0;0;0
fzJ1dTgLF5Cex9v7bgoF;2025-06-04;Eragon;0;3;20;0;0;0;0;0;0;0;0;0;0;0;0;0
fzJ1dTgLF5Cex9v7bgoF;2025-06-04;Buck Man;0;5;0;0;0;3;0;0;0;0;0;0;0;0;0;0
fzJ1dTgLF5Cex9v7bgoF;2025-06-04;Miss Pelace;0;7;9;1;0;0;0;0;0;0;0;0;0;0;0;0
fzJ1dTgLF5Cex9v7bgoF;2025-06-04;Ya kut;0;6;1;1;0;0;0;0;1;0;0;0;0;0;0;0
fzJ1dTgLF5Cex9v7bgoF;2025-06-04;Gocha;0;0;0;0;0;0;0;0;0;0;0;0;0;0;0;0
fzJ1dTgLF5Cex9v7bgoF;2025-06-04;Hexe Kaukau;0;0;0;0;0;0;0;0;0;0;0;0;0;0;0;0
fzJ1dTgLF5Cex9v7bgoF;2025-06-04;koi;1;6;0;0;0;16;0;0;0;0;0;0;0;0;0;0
fzJ1dTgLF5Cex9v7bgoF;2025-06-04;SBzBy ll;0;4;0;1;0;0;0;0;0;0;0;0;0;0;0;0
fzJ1dTgLF5Cex9v7bgoF;2025-06-04;White Los;0;0;0;0;0;0;0;0;0;0;0;0;0;0;0;0
fzJ1dTgLF5Cex9v7bgoF;2025-06-04;Eiskönigin;0;0;0;0;0;0;0;0;0;0;0;0;0;0;0;0
fzJ1dTgLF5Cex9v7bgoF;2025-06-04;Mikoikt;0;8;0;1;0;0;0;0;0;0;0;0;0;0;0;0
fzJ1dTgLF5Cex9v7bgoF;2025-06-04;Hulsa;0;9;0;0;0;0;0;0;0;0;0;0;0;0;0;0
fzJ1dTgLF5Cex9v7bgoF;2025-06-04;Serdriilas;0;2;0;0;0;0;0;0;0;0;0;0;0;0;0;0
fzJ1dTgLF5Cex9v7bgoF;2025-06-04;Jannoz;0;4;1;1;0;0;0;0;0;0;0;0;0;0;0;0
fzJ1dTgLF5Cex9v7bgoF;2025-06-04;Kobani;0;4;0;1;0;0;0;0;0;0;0;0;0;0;0;0
fzJ1dTgLF5Cex9v7bgoF;2025-06-04;El Mosca;0;0;0;0;0;0;0;0;0;0;0;0;0;0;0;0
fzJ1dTgLF5Cex9v7bgoF;2025-06-04;Seryoga;0;0;0;0;0;0;0;0;0;0;0;0;0;0;0;0
fzJ1dTgLF5Cex9v7bgoF;2025-06-04;Mary Pili;0;0;0;0;0;0;0;0;0;0;0;0;0;0;0;0
fzJ1dTgLF5Cex9v7bgoF;2025-06-04;Traiano;0;0;0;0;0;0;0;0;0;0;0;0;0;0;0;0
fzJ1dTgLF5Cex9v7bgoF;2025-06-04;Romazan;0;1;0;0;0;0;0;0;0;0;0;0;0;0;0;0
fzJ1dTgLF5Cex9v7bgoF;2025-06-04;Miaso;0;0;0;0;0;0;0;0;0;0;0;0;0;0;0;0
fzJ1dTgLF5Cex9v7bgoF;2025-06-04;steboulet;0;0;0;0;0;0;0;0;0;0;0;0;0;0;0;0
fzJ1dTgLF5Cex9v7bgoF;2025-06-04;Upasara Wulung;0;0;0;0;0;0;0;0;0;0;0;0;0;0;0;0
fzJ1dTgLF5Cex9v7bgoF;2025-06-04;Donald Duck;0;0;0;0;0;0;0;0;0;0;0;0;0;0;0;0
2bil8e6wxViZJPJuynDH;2025-07-03;Frostterror;0;9;0;2;0;0;0;0;0;0;0;0;0;0;0;0
2bil8e6wxViZJPJuynDH;2025-07-03;Kupriyanych;0;0;0;0;0;0;0;0;0;0;0;0;0;0;0;0
2bil8e6wxViZJPJuynDH;2025-07-03;kingdom warrior jn;0;0;0;0;0;0;0;0;0;0;0;0;0;0;0;0
2bil8e6wxViZJPJuynDH;2025-07-03;Kantrius;0;0;0;0;0;0;0;0;0;0;0;0;0;0;0;0
2bil8e6wxViZJPJuynDH;2025-07-03;Tehn;0;4;0;3;0;0;0;0;0;0;0;0;0;0;0;0
2bil8e6wxViZJPJuynDH;2025-07-03;Rein;0;0;0;0;0;0;0;0;0;0;0;0;0;0;0;0
2bil8e6wxViZJPJuynDH;2025-07-03;rami;0;3;0;0;0;1;0;0;0;0;0;0;0;0;0;0
2bil8e6wxViZJPJuynDH;2025-07-03;Rover;0;6;1;0;0;12;0;0;0;0;0;0;0;0;0;0
2bil8e6wxViZJPJuynDH;2025-07-03;Nightfang;0;4;5;4;0;2;0;0;0;0;0;0;0;0;0;0
2bil8e6wxViZJPJuynDH;2025-07-03;Kelerosir;0;8;0;0;0;0;0;0;0;0;0;0;0;0;0;0
2bil8e6wxViZJPJuynDH;2025-07-03;Romazan;0;3;0;0;0;1;0;0;0;0;0;0;0;0;0;0
2bil8e6wxViZJPJuynDH;2025-07-03;Nightwulf;0;0;0;0;0;0;0;0;0;0;0;0;0;0;0;0
2bil8e6wxViZJPJuynDH;2025-07-03;SBzBy li;0;17;0;0;0;9;0;0;0;0;0;0;0;0;0;0
2bil8e6wxViZJPJuynDH;2025-07-03;Kamaw DOC;0;0;0;0;0;0;0;1;0;0;0;0;0;0;0;0
2bil8e6wxViZJPJuynDH;2025-07-03;Daijind;0;1;2;2;0;0;0;1;0;0;0;0;0;0;0;0
2bil8e6wxViZJPJuynDH;2025-07-03;Serdriilas;0;12;0;2;0;0;0;1;0;0;0;0;0;0;0;0
2bil8e6wxViZJPJuynDH;2025-07-03;YurasiK;0;21;3;0;0;0;0;0;0;0;0;0;0;0;0;0
2bil8e6wxViZJPJuynDH;2025-07-03;DerVerstandnisvolle;0;0;0;0;0;0;0;0;0;0;0;0;0;0;0;0
2bil8e6wxViZJPJuynDH;2025-07-03;Jackal;0;3;0;0;0;0;0;0;0;0;0;0;0;0;0;0
2bil8e6wxViZJPJuynDH;2025-07-03;WildMG;0;0;2;0;0;0;0;0;0;0;0;0;0;0;0;0
2bil8e6wxViZJPJuynDH;2025-07-03;Mikoikt;0;12;0;0;0;0;0;0;0;0;0;0;0;0;0;0
2bil8e6wxViZJPJuynDH;2025-07-03;Petrov val;0;3;0;1;0;0;0;1;0;0;0;0;0;0;0;0
2bil8e6wxViZJPJuynDH;2025-07-03;Ya kut;0;0;0;0;0;0;0;0;0;0;0;0;0;0;0;0
2bil8e6wxViZJPJuynDH;2025-07-03;kingchris;1;4;47;0;0;0;0;0;0;0;0;0;0;0;0;0
2bil8e6wxViZJPJuynDH;2025-07-03;Eiskonigin;0;0;0;0;0;0;0;0;0;0;0;0;0;0;0;0
2bil8e6wxViZJPJuynDH;2025-07-03;Jannoz;0;0;5;0;0;0;0;0;0;0;0;0;0;0;0;0
2bil8e6wxViZJPJuynDH;2025-07-03;Elsa;0;0;0;0;0;0;0;1;0;0;0;0;0;0;0;0
2bil8e6wxViZJPJuynDH;2025-07-03;Shahanna;0;1;0;0;0;0;0;0;0;0;0;0;0;0;0;0
2bil8e6wxViZJPJuynDH;2025-07-03;BlueBird;0;0;0;0;0;0;0;0;0;0;0;0;0;0;0;0
2bil8e6wxViZJPJuynDH;2025-07-03;Hulsa;0;2;0;0;0;0;0;0;0;0;0;0;0;0;0;0
2bil8e6wxViZJPJuynDH;2025-07-03;Fray;0;14;1;3;0;3;0;0;0;0;0;0;0;0;0;0
2bil8e6wxViZJPJuynDH;2025-07-03;Miss Pelace;0;3;0;0;0;0;0;0;0;0;0;0;0;0;0;0
2bil8e6wxViZJPJuynDH;2025-07-03;kingdom warrior 2;0;0;0;0;0;0;0;0;0;0;0;0;0;0;0;0
2bil8e6wxViZJPJuynDH;2025-07-03;Angelina 2;0;0;0;0;0;0;0;0;0;0;0;0;0;0;0;0
2bil8e6wxViZJPJuynDH;2025-07-03;Forondod;0;3;0;0;0;0;0;0;0;0;0;0;0;0;0;0
2bil8e6wxViZJPJuynDH;2025-07-03;Lindis;0;3;2;0;0;4;0;1;0;0;0;0;0;0;0;0
2bil8e6wxViZJPJuynDH;2025-07-03;Upasara Wulung;0;0;0;0;0;0;0;0;0;0;0;0;0;0;0;0
2bil8e6wxViZJPJuynDH;2025-07-03;Lord Rahl;0;0;0;0;0;0;0;0;0;0;0;0;0;0;0;0
2bil8e6wxViZJPJuynDH;2025-07-03;MIKI;0;0;0;0;0;0;0;0;0;0;0;0;0;0;0;0
2bil8e6wxViZJPJuynDH;2025-07-03;T-34;0;0;0;0;0;0;0;0;0;0;0;0;0;0;0;0
2bil8e6wxViZJPJuynDH;2025-07-03;Monkey De Luffy;0;0;0;0;0;0;0;0;0;0;0;0;0;0;0;0
2bil8e6wxViZJPJuynDH;2025-07-03;Danara;1;4;0;0;0;8;0;0;0;1;0;0;0;0;0;0
2bil8e6wxViZJPJuynDH;2025-07-03;Roland;0;4;2;3;0;2;0;1;0;0;0;0;0;0;0;0
2bil8e6wxViZJPJuynDH;2025-07-03;Mary Pili;0;0;0;0;0;0;0;0;0;0;0;0;0;0;0;0
2bil8e6wxViZJPJuynDH;2025-07-03;KlaxxoN;0;5;0;0;0;0;0;0;0;0;0;0;0;0;0;0
2bil8e6wxViZJPJuynDH;2025-07-03;Brodyaga;0;2;0;0;0;1;0;0;0;0;0;0;0;0;0;0
2bil8e6wxViZJPJuynDH;2025-07-03;Cerberus;0;0;0;0;0;0;0;0;0;0;0;0;0;0;0;0
2bil8e6wxViZJPJuynDH;2025-07-03;Rainblade;0;19;0;0;0;0;0;1;0;0;0;0;0;0;0;0
2bil8e6wxViZJPJuynDH;2025-07-03;Ivanhoe;0;0;0;0;0;0;0;0;0;0;0;0;0;0;0;0
2bil8e6wxViZJPJuynDH;2025-07-03;Lanmoin der 3te;0;0;19;0;0;0;0;0;0;0;0;0;0;0;0;0
2bil8e6wxViZJPJuynDH;2025-07-03;Friedoline;0;9;0;0;0;0;0;0;0;0;0;0;0;0;0;0
2bil8e6wxViZJPJuynDH;2025-07-03;Barsian;0;0;0;0;0;0;0;1;0;0;0;0;0;0;0;0
2bil8e6wxViZJPJuynDH;2025-07-03;MELISA;0;1;1;0;0;0;0;1;0;0;0;0;0;0;0;0
2bil8e6wxViZJPJuynDH;2025-07-03;Tigra;0;20;0;2;0;35;0;1;0;0;0;0;0;0;0;0
2bil8e6wxViZJPJuynDH;2025-07-03;Fendis;0;1;0;0;0;0;0;0;0;0;0;0;0;0;0;0
2bil8e6wxViZJPJuynDH;2025-07-03;Lanmoin der Kleine;0;0;0;0;0;0;0;0;0;0;0;0;0;0;0;0
2bil8e6wxViZJPJuynDH;2025-07-03;Heinrich der Lowe;0;0;0;0;0;0;0;0;0;0;0;0;0;0;0;0
2bil8e6wxViZJPJuynDH;2025-07-03;Gocha;0;0;0;0;0;0;0;0;0;0;0;0;0;0;0;0
2bil8e6wxViZJPJuynDH;2025-07-03;Buck Man;0;14;1;1;0;10;0;0;0;0;0;0;0;0;0;0
2bil8e6wxViZJPJuynDH;2025-07-03;NikolajDNK;0;0;0;0;0;0;0;0;0;0;0;0;0;0;0;0
2bil8e6wxViZJPJuynDH;2025-07-03;Moginn;0;0;0;0;0;0;0;0;0;0;0;0;0;0;0;0
2bil8e6wxViZJPJuynDH;2025-07-03;El Mosca;0;0;0;0;0;0;0;0;0;0;0;0;0;0;0;0
2bil8e6wxViZJPJuynDH;2025-07-03;Serdriel;0;4;0;4;0;0;0;0;0;0;0;0;0;0;0;0
2bil8e6wxViZJPJuynDH;2025-07-03;Hexe Kaukau;0;0;0;0;0;0;0;0;0;0;0;0;0;0;0;0
2bil8e6wxViZJPJuynDH;2025-07-03;Elgi;0;0;0;0;0;0;0;0;0;0;0;0;0;0;0;0
2bil8e6wxViZJPJuynDH;2025-07-03;Miaso;0;0;0;0;0;0;0;0;0;0;0;0;0;0;0;0
2bil8e6wxViZJPJuynDH;2025-07-03;Traiano;0;0;0;0;0;0;0;0;0;0;0;0;0;0;0;0
2bil8e6wxViZJPJuynDH;2025-07-03;Rifur;0;0;0;0;0;0;0;0;0;0;0;0;0;0;0;0
2bil8e6wxViZJPJuynDH;2025-07-03;Adoran;0;6;0;0;0;0;0;1;0;0;0;0;0;0;0;0
2bil8e6wxViZJPJuynDH;2025-07-03;White Los;0;0;0;0;0;0;0;0;0;0;0;0;0;0;0;0
2bil8e6wxViZJPJuynDH;2025-07-03;Vakums;0;3;0;0;0;9;0;0;0;0;0;0;0;0;0;0
2bil8e6wxViZJPJuynDH;2025-07-03;Gardashura;0;0;0;0;0;0;0;1;0;0;0;0;0;0;0;0
2bil8e6wxViZJPJuynDH;2025-07-03;Donald Duck;0;0;0;0;0;0;0;0;0;0;0;0;0;0;0;0
2bil8e6wxViZJPJuynDH;2025-07-03;TrAIANO 2;0;0;0;0;0;0;0;1;0;0;0;0;0;0;0;0
2bil8e6wxViZJPJuynDH;2025-07-03;Zuzilkree;0;6;2;1;0;0;0;0;0;0;0;0;0;0;0;0
2bil8e6wxViZJPJuynDH;2025-07-03;Railkayilas;0;0;0;0;0;0;0;0;0;0;0;0;0;0;0;0
2bil8e6wxViZJPJuynDH;2025-07-03;koi;0;0;0;0;0;0;0;0;0;0;0;0;0;0;0;0
2bil8e6wxViZJPJuynDH;2025-07-03;Perros;0;0;0;0;0;1;0;0;0;0;0;0;0;0;0;0
2bil8e6wxViZJPJuynDH;2025-07-03;Alpha Logburg;0;0;0;0;0;0;0;0;0;0;0;0;0;0;0;0
2bil8e6wxViZJPJuynDH;2025-07-03;Dalinad;0;22;0;0;0;0;0;0;0;0;0;0;0;0;0;0
2bil8e6wxViZJPJuynDH;2025-07-03;LosBolLos;0;0;0;0;0;0;0;0;0;0;0;0;0;0;0;0
2bil8e6wxViZJPJuynDH;2025-07-03;Eragon;0;7;2;1;0;4;0;1;0;0;0;0;0;0;0;0
2bil8e6wxViZJPJuynDH;2025-07-03;Bluebird;0;0;0;0;0;0;0;0;0;0;0;0;0;0;0;0
7IzhLWKQbe5aLGu3aGSJ;2025-06-21;Upasara Wulung;0;0;0;0;0;0;0;0;0;0;0;0;0;0;0;0
7IzhLWKQbe5aLGu3aGSJ;2025-06-21;Ivanhoe;0;0;0;0;0;0;0;0;0;0;0;0;0;0;0;0
7IzhLWKQbe5aLGu3aGSJ;2025-06-21;kuromi;0;0;0;0;0;0;0;0;0;0;0;0;0;0;0;0
7IzhLWKQbe5aLGu3aGSJ;2025-06-21;Rifur;0;0;0;0;0;0;0;0;0;0;0;0;0;0;0;0
7IzhLWKQbe5aLGu3aGSJ;2025-06-21;KlaxxoN;0;0;0;0;0;0;0;0;0;0;0;0;0;0;0;0
7IzhLWKQbe5aLGu3aGSJ;2025-06-21;Rainblade;0;2;0;0;0;0;0;0;0;0;0;0;0;0;0;0
7IzhLWKQbe5aLGu3aGSJ;2025-06-21;Zuzilkree;0;18;2;0;0;7;0;0;0;0;0;0;0;0;0;0
7IzhLWKQbe5aLGu3aGSJ;2025-06-21;Heinrich der L6we;0;0;0;2;0;0;0;0;0;0;0;0;0;0;0;0
7IzhLWKQbe5aLGu3aGSJ;2025-06-21;Fray;0;0;0;3;0;0;0;0;0;0;0;0;0;0;0;0
7IzhLWKQbe5aLGu3aGSJ;2025-06-21;Gardashura;0;1;0;0;0;0;0;0;0;0;0;0;0;0;0;0
7IzhLWKQbe5aLGu3aGSJ;2025-06-21;Germanol;0;0;0;0;0;0;0;0;0;0;0;0;0;0;0;0
7IzhLWKQbe5aLGu3aGSJ;2025-06-21;shining pearl;0;0;0;0;0;0;0;0;0;0;0;0;0;0;0;0
7IzhLWKQbe5aLGu3aGSJ;2025-06-21;Romazan;0;0;0;0;0;1;0;0;0;0;0;0;0;0;0;0
7IzhLWKQbe5aLGu3aGSJ;2025-06-21;Alpha Logburg;0;0;0;0;0;2;0;0;0;0;0;0;0;0;0;0
7IzhLWKQbe5aLGu3aGSJ;2025-06-21;Lanmoin der 3te;0;0;0;0;0;0;0;0;0;0;0;0;0;0;0;0
7IzhLWKQbe5aLGu3aGSJ;2025-06-21;T-34;0;0;0;0;0;0;0;0;0;0;0;0;0;0;0;0
7IzhLWKQbe5aLGu3aGSJ;2025-06-21;Gardashura;0;0;0;0;0;0;0;0;0;0;0;0;0;0;0;0
7IzhLWKQbe5aLGu3aGSJ;2025-06-21;YurasiK;0;0;0;0;0;0;0;0;0;0;0;0;0;0;0;0
7IzhLWKQbe5aLGu3aGSJ;2025-06-21;WildMG;1;6;3;2;0;0;0;0;0;0;0;0;0;0;0;0
7IzhLWKQbe5aLGu3aGSJ;2025-06-21;Buck Man;0;0;0;0;0;0;0;0;0;0;0;0;0;0;0;0
7IzhLWKQbe5aLGu3aGSJ;2025-06-21;Donald Duck;0;0;0;0;0;0;0;0;0;0;0;0;0;0;1;0
7IzhLWKQbe5aLGu3aGSJ;2025-06-21;Gardashura;0;0;0;0;0;0;0;0;0;0;0;0;0;0;0;0
7IzhLWKQbe5aLGu3aGSJ;2025-06-21;Monkey De Luffy;0;0;0;0;0;0;0;0;0;0;0;0;0;0;0;0
7IzhLWKQbe5aLGu3aGSJ;2025-06-21;Zuzilkree;0;18;2;0;0;7;0;0;0;0;0;0;0;0;0;0
7IzhLWKQbe5aLGu3aGSJ;2025-06-21;Rover;0;3;0;0;0;0;0;0;0;0;0;0;0;0;0;0
7IzhLWKQbe5aLGu3aGSJ;2025-06-21;Forondod;0;0;1;0;0;0;0;0;0;0;0;0;0;0;0;0
7IzhLWKQbe5aLGu3aGSJ;2025-06-21;Cerberus;0;0;0;0;0;0;0;0;0;0;0;0;0;0;0;0
7IzhLWKQbe5aLGu3aGSJ;2025-06-21;Fray;0;5;2;2;0;0;0;0;0;0;0;0;0;0;0;0
7IzhLWKQbe5aLGu3aGSJ;2025-06-21;Alpha Logburg;0;0;0;0;0;0;0;1;0;0;0;0;0;0;0;0
7IzhLWKQbe5aLGu3aGSJ;2025-06-21;Cerberus;0;0;0;0;0;0;0;0;0;0;0;0;0;0;0;0
7IzhLWKQbe5aLGu3aGSJ;2025-06-21;Miss Pelace;0;0;0;0;0;0;0;0;0;0;0;0;0;1;0;0
7IzhLWKQbe5aLGu3aGSJ;2025-06-21;SBzBy Il;0;1;1;1;0;0;0;0;1;0;0;0;0;3;0;0
7IzhLWKQbe5aLGu3aGSJ;2025-06-21;PizzaOnkel II;0;0;0;0;0;0;0;0;0;0;0;0;0;0;0;0
7IzhLWKQbe5aLGu3aGSJ;2025-06-21;NikolajDNK;0;0;0;0;0;0;0;0;0;0;0;0;0;0;0;0
7IzhLWKQbe5aLGu3aGSJ;2025-06-21;Mary Pili;0;0;0;0;0;0;0;0;0;0;0;0;0;0;0;0
7IzhLWKQbe5aLGu3aGSJ;2025-06-21;Nightwulf;0;0;0;0;0;0;0;0;0;0;0;0;0;0;0;0
7IzhLWKQbe5aLGu3aGSJ;2025-06-21;Rainblade;0;0;0;0;0;0;0;0;0;0;0;0;0;0;0;0
7IzhLWKQbe5aLGu3aGSJ;2025-06-21;Jannoz;0;0;0;0;0;0;0;1;0;0;0;0;0;0;0;0
7IzhLWKQbe5aLGu3aGSJ;2025-06-21;Perros;0;0;0;0;0;2;0;0;0;0;0;0;0;0;0;0
7IzhLWKQbe5aLGu3aGSJ;2025-06-21;Miki;0;0;0;0;0;0;0;0;0;0;0;0;0;0;0;0
7IzhLWKQbe5aLGu3aGSJ;2025-06-21;Hulsa;0;3;0;0;0;0;0;0;0;0;0;0;0;0;0;0
7IzhLWKQbe5aLGu3aGSJ;2025-06-21;Tigra;0;1;2;2;0;4;0;0;0;0;0;0;0;0;0;0
7IzhLWKQbe5aLGu3aGSJ;2025-06-21;Traiano;0;0;0;0;0;0;0;0;0;0;0;0;0;0;0;0
7IzhLWKQbe5aLGu3aGSJ;2025-06-21;koi;0;7;0;0;0;15;0;0;0;0;0;0;0;0;0;0
7IzhLWKQbe5aLGu3aGSJ;2025-06-21;DerVerständnisvolle;0;0;0;0;0;0;0;0;0;0;0;0;0;0;0;0
7IzhLWKQbe5aLGu3aGSJ;2025-06-21;Shahanna;0;5;1;1;0;0;0;0;0;0;0;0;0;0;0;0
7IzhLWKQbe5aLGu3aGSJ;2025-06-21;koi;0;0;0;0;0;20;0;0;0;0;0;0;0;0;0;0
7IzhLWKQbe5aLGu3aGSJ;2025-06-21;koi;0;0;0;0;0;4;0;0;0;0;0;0;0;0;0;0
7IzhLWKQbe5aLGu3aGSJ;2025-06-21;Perros;0;0;0;0;0;2;0;0;0;0;0;0;0;0;0;0
7IzhLWKQbe5aLGu3aGSJ;2025-06-21;SBzBy II;0;4;0;0;0;0;0;3;0;0;0;0;0;0;0;0
7IzhLWKQbe5aLGu3aGSJ;2025-06-21;Lanmoin der Kleine;0;0;0;0;0;0;0;0;0;0;0;0;0;0;0;0
7IzhLWKQbe5aLGu3aGSJ;2025-06-21;LosBoLos;0;9;0;2;0;0;0;0;0;0;0;0;0;0;0;0
7IzhLWKQbe5aLGu3aGSJ;2025-06-21;Brodyaga;0;2;0;0;0;0;0;0;0;0;0;0;0;0;0;0
7IzhLWKQbe5aLGu3aGSJ;2025-06-21;Rover;0;0;0;0;0;4;0;0;0;0;0;0;0;0;0;0
7IzhLWKQbe5aLGu3aGSJ;2025-06-21;Heinrich der Löwe;0;0;0;0;0;0;0;0;0;0;0;0;0;0;0;0
7IzhLWKQbe5aLGu3aGSJ;2025-06-21;YurasiK;0;0;0;0;0;0;0;0;0;0;0;0;0;0;0;0
7IzhLWKQbe5aLGu3aGSJ;2025-06-21;Heinrich der Lowe;0;0;0;1;0;0;0;0;0;0;0;0;0;0;0;0
7IzhLWKQbe5aLGu3aGSJ;2025-06-21;Miss Pelace;0;4;0;1;0;0;0;0;0;0;0;0;0;0;0;0
7IzhLWKQbe5aLGu3aGSJ;2025-06-21;Roland;0;6;1;3;0;3;0;0;0;0;0;0;0;0;0;0
7IzhLWKQbe5aLGu3aGSJ;2025-06-21;Elgi;1;0;0;0;0;0;0;0;0;0;0;0;0;0;0;0
7IzhLWKQbe5aLGu3aGSJ;2025-06-21;Elsa;0;8;0;1;0;0;0;0;0;0;0;0;0;0;5;0
7IzhLWKQbe5aLGu3aGSJ;2025-06-21;WildMG;1;6;3;2;0;0;0;0;0;0;0;0;0;0;0;0
7IzhLWKQbe5aLGu3aGSJ;2025-06-21;YurasiK;1;1;3;1;0;0;0;0;0;0;0;0;0;0;0;0
7IzhLWKQbe5aLGu3aGSJ;2025-06-21;Serdriilas;0;0;0;0;0;0;0;0;3;0;0;0;0;0;0;0
7IzhLWKQbe5aLGu3aGSJ;2025-06-21;YurasiK;0;0;0;0;0;0;0;0;0;0;0;0;0;0;0;0
7IzhLWKQbe5aLGu3aGSJ;2025-06-21;Kantrius;0;0;0;0;0;0;0;0;0;0;0;0;0;0;0;0
7IzhLWKQbe5aLGu3aGSJ;2025-06-21;Rein;0;0;0;0;0;2;0;0;0;0;0;0;0;0;0;0
7IzhLWKQbe5aLGu3aGSJ;2025-06-21;Jackal;0;0;0;0;0;1;0;0;0;0;0;0;0;0;0;0
7IzhLWKQbe5aLGu3aGSJ;2025-06-21;Hulsa;0;1;0;0;0;0;0;0;0;0;0;0;0;0;0;0
7IzhLWKQbe5aLGu3aGSJ;2025-06-21;koi;0;0;0;0;0;20;0;0;0;0;0;0;0;0;0;0
7IzhLWKQbe5aLGu3aGSJ;2025-06-21;Kamaw DOC;0;0;0;0;0;0;0;0;0;0;0;0;0;0;0;0
7IzhLWKQbe5aLGu3aGSJ;2025-06-21;Miss Pelace;0;1;3;0;0;0;0;0;0;0;0;0;0;0;1;0
7IzhLWKQbe5aLGu3aGSJ;2025-06-21;Mikoikt;0;0;0;2;0;0;0;0;0;0;0;0;0;0;1;0
7IzhLWKQbe5aLGu3aGSJ;2025-06-21;Barsian;0;0;0;1;0;0;0;0;0;0;0;0;0;0;0;0
7IzhLWKQbe5aLGu3aGSJ;2025-06-21;Frostterror;0;1;0;0;0;0;0;0;0;0;0;0;0;0;0;0
7IzhLWKQbe5aLGu3aGSJ;2025-06-21;Nightfang;0;3;0;1;0;0;0;0;0;0;0;0;0;0;0;0
7IzhLWKQbe5aLGu3aGSJ;2025-06-21;Upasara Wulung;0;0;0;0;0;21;0;0;1;0;0;0;0;0;0;0
7IzhLWKQbe5aLGu3aGSJ;2025-06-21;Kantrius;0;0;0;0;0;0;0;0;0;0;0;0;0;0;0;0
7IzhLWKQbe5aLGu3aGSJ;2025-06-21;Hulsa;0;3;0;0;0;0;0;0;0;0;0;0;0;0;0;0
7IzhLWKQbe5aLGu3aGSJ;2025-06-21;Monkey De Luffy;0;0;0;0;0;0;0;0;0;0;0;0;0;0;2;0
7IzhLWKQbe5aLGu3aGSJ;2025-06-21;Lassus;0;0;0;0;0;0;0;0;0;0;0;0;0;0;5;0
7IzhLWKQbe5aLGu3aGSJ;2025-06-21;koi;1;0;0;0;0;37;0;0;0;0;0;0;0;0;0;0
7IzhLWKQbe5aLGu3aGSJ;2025-06-21;Roland;0;6;1;3;0;3;0;0;0;0;0;0;0;0;0;0
7IzhLWKQbe5aLGu3aGSJ;2025-06-21;Hulsa;0;0;0;0;0;0;0;0;0;0;0;0;0;0;0;0
7IzhLWKQbe5aLGu3aGSJ;2025-06-21;Nightwulf;0;0;0;0;0;0;0;0;0;0;0;0;0;0;0;0
7IzhLWKQbe5aLGu3aGSJ;2025-06-21;Donald Duck;0;0;0;0;0;0;0;0;0;0;0;0;0;0;1;0
7IzhLWKQbe5aLGu3aGSJ;2025-06-21;Petrov val;0;0;2;0;0;0;0;1;0;0;0;0;0;0;0;0
7IzhLWKQbe5aLGu3aGSJ;2025-06-21;Frostterror;0;0;0;0;0;0;0;0;0;0;0;0;0;0;0;0
7IzhLWKQbe5aLGu3aGSJ;2025-06-21;Miss Pelace;0;4;0;1;0;0;0;0;0;0;0;0;0;0;0;0
7IzhLWKQbe5aLGu3aGSJ;2025-06-21;Friedoline;0;0;0;0;0;0;0;0;0;0;0;0;0;0;0;0
7IzhLWKQbe5aLGu3aGSJ;2025-06-21;Ivanhoe;0;0;0;0;0;0;0;0;0;0;0;0;0;0;0;0
7IzhLWKQbe5aLGu3aGSJ;2025-06-21;Eiskönigin;0;0;0;0;0;0;0;0;0;0;0;0;0;0;0;0
7IzhLWKQbe5aLGu3aGSJ;2025-06-21;Kupriyanych;0;0;0;0;0;0;0;0;0;0;0;0;0;0;0;0
7IzhLWKQbe5aLGu3aGSJ;2025-06-21;Jackal;0;3;0;0;0;0;0;0;0;0;0;0;0;0;0;0
7IzhLWKQbe5aLGu3aGSJ;2025-06-21;Brodyaga;0;0;0;2;0;0;0;0;0;0;0;0;0;0;0;0
7IzhLWKQbe5aLGu3aGSJ;2025-06-21;Lindis;0;2;1;0;0;0;0;0;0;0;0;0;0;0;0;0
7IzhLWKQbe5aLGu3aGSJ;2025-06-21;Rainblade;0;0;0;0;0;2;0;0;0;0;0;0;0;0;1;0
7IzhLWKQbe5aLGu3aGSJ;2025-06-21;koi;0;0;0;0;0;3;0;0;0;0;0;0;0;0;0;0
7IzhLWKQbe5aLGu3aGSJ;2025-06-21;Frostterror;0;1;0;0;0;1;0;0;0;0;0;0;0;0;0;0
7IzhLWKQbe5aLGu3aGSJ;2025-06-21;Nightfang;0;3;0;1;0;0;0;0;0;0;0;0;0;0;0;0
7IzhLWKQbe5aLGu3aGSJ;2025-06-21;Germano1;1;22;0;2;0;0;0;0;0;0;0;0;0;0;0;0
7IzhLWKQbe5aLGu3aGSJ;2025-06-21;KlaxxoN;0;0;0;0;0;0;0;1;0;0;0;0;0;0;0;0
7IzhLWKQbe5aLGu3aGSJ;2025-06-21;Gustav Gans;0;0;0;0;0;0;0;0;0;0;0;0;0;0;0;0
7IzhLWKQbe5aLGu3aGSJ;2025-06-21;Daijind;0;0;0;0;0;0;0;0;0;0;0;0;0;0;0;0
7IzhLWKQbe5aLGu3aGSJ;2025-06-21;Elgi;0;0;0;0;0;0;0;0;0;0;0;0;0;0;0;0
7IzhLWKQbe5aLGu3aGSJ;2025-06-21;Kantrius;0;0;0;0;0;0;0;0;0;0;0;0;0;0;0;0
7IzhLWKQbe5aLGu3aGSJ;2025-06-21;Nightfang;0;0;0;0;0;0;0;0;0;0;0;0;0;0;0;0
7IzhLWKQbe5aLGu3aGSJ;2025-06-21;White Los;0;0;0;0;0;0;0;0;0;0;0;0;0;0;0;0
7IzhLWKQbe5aLGu3aGSJ;2025-06-21;Adoran;0;0;0;0;0;0;0;1;0;0;0;0;0;0;0;0
7IzhLWKQbe5aLGu3aGSJ;2025-06-21;Tigra;0;7;3;3;0;0;0;1;0;0;0;0;0;0;0;0
7IzhLWKQbe5aLGu3aGSJ;2025-06-21;Rein;0;0;0;0;0;2;0;0;0;0;0;0;0;0;0;0
7IzhLWKQbe5aLGu3aGSJ;2025-06-21;PizzaOnkel IV;0;0;0;0;0;0;0;0;0;0;0;0;0;0;0;0
7IzhLWKQbe5aLGu3aGSJ;2025-06-21;Elsa;0;8;0;1;0;0;0;0;0;0;0;0;0;0;5;0
7IzhLWKQbe5aLGu3aGSJ;2025-06-21;Heinrich der L6we;0;0;0;8;0;0;0;0;0;0;0;0;0;0;1;0
7IzhLWKQbe5aLGu3aGSJ;2025-06-21;kuromi;0;0;0;0;0;0;0;0;0;0;0;0;0;0;0;0
7IzhLWKQbe5aLGu3aGSJ;2025-06-21;kingchris;0;0;0;0;0;0;0;0;0;0;0;0;0;0;0;0
7IzhLWKQbe5aLGu3aGSJ;2025-06-21;Zuzilkree;0;1;1;1;0;0;0;0;0;0;0;0;0;0;0;0
7IzhLWKQbe5aLGu3aGSJ;2025-06-21;YurasiK;0;1;2;0;0;0;0;0;0;0;0;0;0;0;0;0
7IzhLWKQbe5aLGu3aGSJ;2025-06-21;Fray;0;5;2;2;0;0;0;0;0;0;0;0;0;0;0;0
7IzhLWKQbe5aLGu3aGSJ;2025-06-21;Hexe Kaukau;0;0;0;0;0;0;0;0;0;0;0;0;0;0;0;0
7IzhLWKQbe5aLGu3aGSJ;2025-06-21;Lord Rahl;0;0;0;0;0;0;0;0;0;0;0;0;0;0;0;0
7IzhLWKQbe5aLGu3aGSJ;2025-06-21;Nightfang;0;0;0;1;0;0;0;0;0;0;0;0;0;0;0;0
7IzhLWKQbe5aLGu3aGSJ;2025-06-21;KlaxxoN;0;0;0;0;0;0;0;0;0;0;0;0;0;0;0;0
7IzhLWKQbe5aLGu3aGSJ;2025-06-21;Bluebird;0;0;0;0;0;0;0;0;0;0;0;0;0;0;0;0
7IzhLWKQbe5aLGu3aGSJ;2025-06-21;Gocha;0;0;0;0;0;0;0;0;0;0;0;0;0;0;0;0
7IzhLWKQbe5aLGu3aGSJ;2025-06-21;Daijind;0;0;0;0;0;0;0;0;0;0;0;0;0;0;0;0
7IzhLWKQbe5aLGu3aGSJ;2025-06-21;Brodyaga;0;1;0;0;0;0;0;0;0;0;0;0;0;0;0;0
7IzhLWKQbe5aLGu3aGSJ;2025-06-21;Frostterror;0;0;0;0;0;0;0;0;0;0;0;0;0;0;0;0
7IzhLWKQbe5aLGu3aGSJ;2025-06-21;Hexe Kaukau;0;1;0;1;0;0;0;0;0;0;0;0;0;0;0;0
7IzhLWKQbe5aLGu3aGSJ;2025-06-21;Ivanhoe;0;0;0;0;0;0;0;1;0;0;0;0;0;0;0;0
7IzhLWKQbe5aLGu3aGSJ;2025-06-21;kingchris;0;0;0;0;0;0;0;0;0;0;0;0;0;0;0;0
7IzhLWKQbe5aLGu3aGSJ;2025-06-21;Heinrich der Löwe;0;0;0;0;0;0;0;0;0;0;0;0;0;0;0;0
7IzhLWKQbe5aLGu3aGSJ;2025-06-21;LosBoLos;0;9;0;2;0;0;0;0;0;0;0;0;0;0;0;0
7IzhLWKQbe5aLGu3aGSJ;2025-06-21;Elsa;0;0;0;0;0;0;0;0;0;0;0;0;0;0;0;0
7IzhLWKQbe5aLGu3aGSJ;2025-06-21;Germano1;2;2;0;1;0;0;0;0;0;0;0;0;0;0;0;0
7IzhLWKQbe5aLGu3aGSJ;2025-06-21;Traiano;0;0;0;0;0;0;0;0;0;0;0;0;0;0;0;0
7IzhLWKQbe5aLGu3aGSJ;2025-06-21;MIkl;0;0;0;0;0;0;0;0;0;0;0;0;0;0;0;0
7IzhLWKQbe5aLGu3aGSJ;2025-06-21;Elsa;0;1;3;1;0;0;0;1;0;0;0;0;0;0;0;0
7IzhLWKQbe5aLGu3aGSJ;2025-06-21;Roland;0;0;0;1;0;0;0;0;0;0;0;0;0;0;0;0
7IzhLWKQbe5aLGu3aGSJ;2025-06-21;El Mosca;0;0;0;0;0;0;0;0;0;0;0;0;0;0;0;0
7IzhLWKQbe5aLGu3aGSJ;2025-06-21;MELISA;0;0;0;0;0;0;0;0;5;0;0;0;0;0;5;0
7IzhLWKQbe5aLGu3aGSJ;2025-06-21;Fendis;0;0;0;0;0;0;0;0;0;0;0;0;0;0;0;0
7IzhLWKQbe5aLGu3aGSJ;2025-06-21;MELISA;0;0;0;0;0;0;0;4;0;0;0;0;0;0;0;0
7IzhLWKQbe5aLGu3aGSJ;2025-06-21;Bluebird;0;0;0;0;0;0;0;0;0;0;0;0;0;0;0;0
7IzhLWKQbe5aLGu3aGSJ;2025-06-21;Rainblade;0;0;0;0;0;0;0;1;0;0;0;0;0;0;0;0
7IzhLWKQbe5aLGu3aGSJ;2025-06-21;Serdriilas;0;3;0;1;0;0;0;0;0;0;0;0;0;0;5;0
7IzhLWKQbe5aLGu3aGSJ;2025-06-21;Frostterror;0;0;0;0;0;0;0;0;0;0;0;0;0;0;0;0
7IzhLWKQbe5aLGu3aGSJ;2025-06-21;Angelina 2;0;1;2;0;0;0;0;0;6;0;0;0;0;0;0;0
7IzhLWKQbe5aLGu3aGSJ;2025-06-21;Miaso;0;0;0;0;0;0;0;0;0;0;0;0;0;0;0;0
7IzhLWKQbe5aLGu3aGSJ;2025-06-21;Roland;0;0;1;2;0;3;0;0;0;0;0;0;0;0;0;0
7IzhLWKQbe5aLGu3aGSJ;2025-06-21;Rainblade;0;2;0;0;0;0;0;0;0;0;0;0;0;0;0;0
7IzhLWKQbe5aLGu3aGSJ;2025-06-21;PizzaOnkel II;0;0;0;0;0;0;0;0;0;0;0;0;0;0;0;0
7IzhLWKQbe5aLGu3aGSJ;2025-06-21;TrAiAnO 2;0;0;0;0;0;0;0;0;0;0;0;0;0;0;0;0
7IzhLWKQbe5aLGu3aGSJ;2025-06-21;shining pearl;0;0;0;0;0;0;0;0;0;0;0;0;0;0;0;0
7IzhLWKQbe5aLGu3aGSJ;2025-06-21;Serdriilas;0;3;0;1;0;0;0;0;0;0;0;0;0;0;5;0
7IzhLWKQbe5aLGu3aGSJ;2025-06-21;Jannoz;0;0;0;0;0;0;0;0;0;0;0;0;0;0;0;0
7IzhLWKQbe5aLGu3aGSJ;2025-06-21;Rover;0;0;0;0;0;3;0;0;0;0;0;0;0;0;0;0
7IzhLWKQbe5aLGu3aGSJ;2025-06-21;Lanmoin der 3te;0;0;0;0;0;0;0;0;0;0;0;0;0;0;2;0
7IzhLWKQbe5aLGu3aGSJ;2025-06-21;Eragon;0;3;0;0;0;0;0;0;0;0;0;0;0;0;0;0
7IzhLWKQbe5aLGu3aGSJ;2025-06-21;Angelina 2;0;0;0;0;0;0;0;0;0;0;0;0;0;0;0;0
7IzhLWKQbe5aLGu3aGSJ;2025-06-21;Cerberus;0;1;0;0;0;0;0;1;0;0;0;0;0;0;0;0
7IzhLWKQbe5aLGu3aGSJ;2025-06-21;Vakums;0;3;0;0;0;0;0;0;0;0;0;0;0;0;0;0
7IzhLWKQbe5aLGu3aGSJ;2025-06-21;Germano1;0;0;0;0;0;0;0;0;0;0;0;0;0;0;0;0
7IzhLWKQbe5aLGu3aGSJ;2025-06-21;Kantrius;0;1;0;2;0;0;0;0;0;0;0;0;0;0;0;0
7IzhLWKQbe5aLGu3aGSJ;2025-06-21;Serdriilas;0;0;1;0;0;0;0;0;0;0;0;0;0;0;0;0
7IzhLWKQbe5aLGu3aGSJ;2025-06-21;Gustav Gans;0;0;0;0;0;0;0;0;0;0;0;0;0;0;0;0
7IzhLWKQbe5aLGu3aGSJ;2025-06-21;YurasiK;0;0;0;0;0;0;0;0;0;0;0;0;0;0;0;0
7IzhLWKQbe5aLGu3aGSJ;2025-06-21;Ivanhoe;0;0;0;3;0;0;0;0;0;0;0;0;0;0;3;0
7IzhLWKQbe5aLGu3aGSJ;2025-06-21;Shahanna;0;5;1;1;0;0;0;0;0;0;0;0;0;0;0;0
7IzhLWKQbe5aLGu3aGSJ;2025-06-21;Cerberus;0;1;0;0;0;0;0;0;0;0;0;0;0;0;0;0
7IzhLWKQbe5aLGu3aGSJ;2025-06-21;Petrov val;0;4;0;0;0;0;0;0;0;0;0;0;0;0;0;0
7IzhLWKQbe5aLGu3aGSJ;2025-06-21;MELISA;0;0;0;0;0;0;0;4;0;0;0;0;0;0;0;0
7IzhLWKQbe5aLGu3aGSJ;2025-06-21;Jannoz;0;1;3;2;0;0;0;0;0;0;0;0;0;0;1;0
7IzhLWKQbe5aLGu3aGSJ;2025-06-21;White Los;0;0;0;0;0;0;0;0;0;0;0;0;0;0;0;0
7IzhLWKQbe5aLGu3aGSJ;2025-06-21;MIkl;0;0;0;0;0;0;0;0;0;0;0;0;0;0;0;0
7IzhLWKQbe5aLGu3aGSJ;2025-06-21;Serdriilas;0;0;0;0;0;0;0;1;0;0;0;0;0;0;0;0
7IzhLWKQbe5aLGu3aGSJ;2025-06-21;Hexe Kaukau;0;0;0;0;0;0;0;0;0;0;0;0;0;0;0;0
7IzhLWKQbe5aLGu3aGSJ;2025-06-21;Zuzilkree;0;0;1;0;0;0;0;0;0;0;0;0;0;0;0;0
7IzhLWKQbe5aLGu3aGSJ;2025-06-21;KlaxxoN;0;0;0;0;0;0;0;0;0;0;0;0;0;0;0;0
7IzhLWKQbe5aLGu3aGSJ;2025-06-21;Germano1;0;0;0;1;0;0;0;0;0;0;0;0;0;0;0;0
7IzhLWKQbe5aLGu3aGSJ;2025-06-21;kingchris;1;0;0;0;0;0;0;0;0;0;0;0;0;0;0;0
7IzhLWKQbe5aLGu3aGSJ;2025-06-21;DerVerständnisvolle;0;0;0;0;0;0;0;0;0;0;0;0;0;0;0;0
7IzhLWKQbe5aLGu3aGSJ;2025-06-21;Serdriilas;0;0;0;0;0;0;0;0;0;0;0;0;0;1;0;0
7IzhLWKQbe5aLGu3aGSJ;2025-06-21;Miaso;0;0;0;0;0;0;0;0;0;0;0;0;0;0;0;0
7IzhLWKQbe5aLGu3aGSJ;2025-06-21;Eragon;0;0;0;0;0;0;0;0;1;0;0;0;0;0;0;0
7IzhLWKQbe5aLGu3aGSJ;2025-06-21;Lindis;0;1;5;2;0;0;0;0;3;0;0;0;0;0;0;0
7IzhLWKQbe5aLGu3aGSJ;2025-06-21;Gocha;0;0;0;0;0;0;0;0;0;0;0;0;0;0;0;0
7IzhLWKQbe5aLGu3aGSJ;2025-06-21;Lanmoin der Kleine;0;0;0;0;0;0;0;0;0;0;0;0;0;0;0;0
7IzhLWKQbe5aLGu3aGSJ;2025-06-21;Elgi;0;0;0;0;0;0;0;0;0;0;0;0;0;0;0;0
7IzhLWKQbe5aLGu3aGSJ;2025-06-21;Adoran;1;0;0;0;0;0;0;0;0;0;0;0;0;0;0;0
7IzhLWKQbe5aLGu3aGSJ;2025-06-21;Serdriilas;0;1;1;0;0;0;0;0;0;0;0;0;0;0;0;0
7IzhLWKQbe5aLGu3aGSJ;2025-06-21;Kamaw DOC;0;3;0;0;0;0;0;1;0;0;0;0;0;0;0;0
7IzhLWKQbe5aLGu3aGSJ;2025-06-21;koi;0;0;0;0;0;4;0;0;0;0;0;0;0;0;0;0
7IzhLWKQbe5aLGu3aGSJ;2025-06-21;Mary Pili;0;0;0;0;0;0;0;0;0;0;0;0;0;0;0;0
7IzhLWKQbe5aLGu3aGSJ;2025-06-21;Vakums;0;0;2;0;0;0;0;0;0;0;0;0;0;0;0;0
7IzhLWKQbe5aLGu3aGSJ;2025-06-21;Tehn;0;0;0;0;0;0;0;0;0;0;0;0;0;0;0;0
7IzhLWKQbe5aLGu3aGSJ;2025-06-21;Vakums;0;3;0;0;0;0;0;0;0;0;0;0;0;0;0;0
7IzhLWKQbe5aLGu3aGSJ;2025-06-21;Mikoikt;0;0;0;0;0;0;0;0;0;0;0;0;0;0;0;0
7IzhLWKQbe5aLGu3aGSJ;2025-06-21;Daijind;0;0;0;0;0;0;0;0;0;0;0;0;0;0;0;0
7IzhLWKQbe5aLGu3aGSJ;2025-06-21;NikolajDNK;0;0;0;0;0;0;0;0;0;0;0;0;0;0;0;0
7IzhLWKQbe5aLGu3aGSJ;2025-06-21;Kobani;0;4;0;1;0;0;0;0;0;0;0;0;0;0;5;0
7IzhLWKQbe5aLGu3aGSJ;2025-06-21;Jackal;0;3;0;0;0;0;0;0;0;0;0;0;0;0;0;0
7IzhLWKQbe5aLGu3aGSJ;2025-06-21;Mikoikt;0;0;0;0;0;0;0;0;0;0;0;0;0;0;0;0
7IzhLWKQbe5aLGu3aGSJ;2025-06-21;Tehn;0;0;2;4;0;0;0;0;0;0;0;0;0;0;0;0
7IzhLWKQbe5aLGu3aGSJ;2025-06-21;Lord Rahl;0;0;0;0;0;0;0;0;0;0;0;0;0;0;0;0
7IzhLWKQbe5aLGu3aGSJ;2025-06-21;Germanol;0;1;0;0;0;0;0;0;0;0;0;0;0;0;0;0
7IzhLWKQbe5aLGu3aGSJ;2025-06-21;Miss Pelace;0;0;0;0;0;0;0;3;0;0;0;0;0;0;0;0
7IzhLWKQbe5aLGu3aGSJ;2025-06-21;Buck Man;0;0;0;0;0;0;0;0;0;0;0;0;0;0;0;0
7IzhLWKQbe5aLGu3aGSJ;2025-06-21;Miss Pelace;0;0;2;0;0;0;0;0;0;0;0;0;0;1;0;0
7IzhLWKQbe5aLGu3aGSJ;2025-06-21;Germano1;1;22;0;2;0;0;0;0;0;0;0;0;0;0;0;0
7IzhLWKQbe5aLGu3aGSJ;2025-06-21;Fray;0;0;1;0;0;0;0;0;0;0;0;0;0;0;0;0
7IzhLWKQbe5aLGu3aGSJ;2025-06-21;Railkayilas;0;0;0;0;0;0;0;0;0;0;0;0;0;0;0;0
7IzhLWKQbe5aLGu3aGSJ;2025-06-21;Friedoline;0;0;0;0;0;0;0;0;0;0;0;0;0;0;0;0
7IzhLWKQbe5aLGu3aGSJ;2025-06-21;Eragon;0;3;0;0;0;0;0;0;0;0;0;0;0;0;0;0
7IzhLWKQbe5aLGu3aGSJ;2025-06-21;SBzBy Il;0;0;0;0;0;0;0;3;0;0;0;0;0;0;0;0
7IzhLWKQbe5aLGu3aGSJ;2025-06-21;Buck Man;0;1;1;3;0;4;0;0;5;0;0;0;0;0;0;0
7IzhLWKQbe5aLGu3aGSJ;2025-06-21;Lindis;0;2;1;0;0;0;0;0;0;0;0;0;0;0;0;0
7IzhLWKQbe5aLGu3aGSJ;2025-06-21;Adoran;0;1;0;0;0;0;0;0;0;0;0;0;0;0;0;0
7IzhLWKQbe5aLGu3aGSJ;2025-06-21;T-34;0;0;0;0;0;0;0;0;0;0;0;0;0;0;0;0
7IzhLWKQbe5aLGu3aGSJ;2025-06-21;Kobani;0;0;0;1;0;0;0;0;0;0;0;0;0;0;0;0
7IzhLWKQbe5aLGu3aGSJ;2025-06-21;Brodyaga;0;0;0;0;0;0;0;0;0;0;0;0;0;0;0;0
7IzhLWKQbe5aLGu3aGSJ;2025-06-21;Tehn;0;0;0;0;0;0;0;0;0;0;0;0;0;0;0;0
7IzhLWKQbe5aLGu3aGSJ;2025-06-21;Eiskönigin;0;0;0;0;0;0;0;0;0;0;0;0;0;0;0;0
7IzhLWKQbe5aLGu3aGSJ;2025-06-21;Adoran;0;0;0;0;0;0;0;0;0;0;0;0;0;0;5;0
7IzhLWKQbe5aLGu3aGSJ;2025-06-21;Miki;0;0;0;1;0;0;0;0;0;0;0;0;0;0;0;0
7IzhLWKQbe5aLGu3aGSJ;2025-06-21;Angelina 2;0;2;0;5;0;0;0;0;0;0;0;0;0;0;0;0
7IzhLWKQbe5aLGu3aGSJ;2025-06-21;El Mosca;0;0;0;0;0;0;0;0;0;0;0;0;0;0;0;0
7IzhLWKQbe5aLGu3aGSJ;2025-06-21;Angelina 2;0;2;0;5;0;0;0;0;0;0;0;0;0;0;0;0
7IzhLWKQbe5aLGu3aGSJ;2025-06-21;Petrov val;0;0;0;0;0;0;0;0;0;0;0;0;0;0;5;0
7IzhLWKQbe5aLGu3aGSJ;2025-06-21;kingchris;0;6;0;4;0;1;0;0;0;0;0;0;0;0;0;0
7IzhLWKQbe5aLGu3aGSJ;2025-06-21;Forondod;0;0;1;0;0;0;0;0;0;0;0;0;0;0;0;0
7IzhLWKQbe5aLGu3aGSJ;2025-06-21;Forondod;0;0;0;0;0;0;0;0;0;0;0;0;0;0;1;0
7IzhLWKQbe5aLGu3aGSJ;2025-06-21;Frostterror;0;0;0;0;0;0;0;0;0;0;0;0;0;0;0;0
7IzhLWKQbe5aLGu3aGSJ;2025-06-21;Tehn;0;0;0;1;0;1;0;0;0;0;0;0;0;0;5;0
7IzhLWKQbe5aLGu3aGSJ;2025-06-21;Barsian;0;0;0;1;0;0;0;0;0;0;0;0;0;0;0;0
7IzhLWKQbe5aLGu3aGSJ;2025-06-21;Monkey De Luffy;0;0;0;0;0;0;0;0;0;0;0;0;0;0;0;0
7IzhLWKQbe5aLGu3aGSJ;2025-06-21;Roland;0;0;2;4;0;2;0;0;0;0;0;0;0;0;0;0
7IzhLWKQbe5aLGu3aGSJ;2025-06-21;Hulsa;0;0;0;0;0;0;0;0;0;0;0;0;0;0;0;0
7IzhLWKQbe5aLGu3aGSJ;2025-06-21;Railkayilas;0;0;0;0;0;0;0;0;0;0;0;0;0;0;0;0
7IzhLWKQbe5aLGu3aGSJ;2025-06-21;YurasiK;0;0;0;1;0;0;0;0;0;0;0;0;0;0;0;0
7IzhLWKQbe5aLGu3aGSJ;2025-06-21;Germanol;1;0;0;0;0;0;0;0;0;0;0;0;0;0;0;0
7IzhLWKQbe5aLGu3aGSJ;2025-06-21;Elgi;0;0;1;1;0;0;0;0;0;0;0;0;0;0;0;0
7IzhLWKQbe5aLGu3aGSJ;2025-06-21;MELISA;0;0;0;0;0;0;0;0;2;0;0;0;0;1;0;0
7IzhLWKQbe5aLGu3aGSJ;2025-06-21;Rifur;0;0;0;0;0;0;0;0;0;0;0;0;0;0;0;0
7IzhLWKQbe5aLGu3aGSJ;2025-06-21;Upasara Wulung;0;0;0;0;0;0;0;0;0;0;0;0;0;0;0;0
7IzhLWKQbe5aLGu3aGSJ;2025-06-21;Rover;0;1;0;0;0;3;0;0;0;0;0;0;0;0;5;0
7IzhLWKQbe5aLGu3aGSJ;2025-06-21;Elgi;0;1;2;3;0;0;0;0;5;0;0;0;0;0;0;0
7IzhLWKQbe5aLGu3aGSJ;2025-06-21;Miss Pelace;0;0;0;0;0;0;0;0;0;0;0;0;0;0;0;0
7IzhLWKQbe5aLGu3aGSJ;2025-06-21;Tigra;0;2;0;0;0;0;0;0;0;0;0;0;0;0;0;0
7IzhLWKQbe5aLGu3aGSJ;2025-06-21;Kantrius;0;1;1;0;0;0;0;0;0;0;0;0;0;1;0;0
7IzhLWKQbe5aLGu3aGSJ;2025-06-21;Rein;0;0;0;0;0;0;0;0;0;0;0;0;0;0;0;0
7IzhLWKQbe5aLGu3aGSJ;2025-06-21;Rein;0;0;0;0;0;0;0;0;1;0;0;0;0;0;0;0
7IzhLWKQbe5aLGu3aGSJ;2025-06-21;Miki;0;5;0;0;0;0;0;0;0;0;0;0;0;0;0;0
7IzhLWKQbe5aLGu3aGSJ;2025-06-21;KlaxxoN;0;0;0;0;0;0;0;1;0;0;0;0;0;0;0;0
7IzhLWKQbe5aLGu3aGSJ;2025-06-21;Jannoz;0;0;0;0;0;0;0;0;0;0;0;0;0;0;0;0
7IzhLWKQbe5aLGu3aGSJ;2025-06-21;NikolajDNK;0;0;0;0;0;0;0;0;0;0;0;0;0;0;0;0
7IzhLWKQbe5aLGu3aGSJ;2025-06-21;Ivanhoe;1;0;0;2;0;0;0;0;1;0;0;0;0;0;0;0
7IzhLWKQbe5aLGu3aGSJ;2025-06-21;Adoran;0;1;0;0;0;0;0;0;0;0;0;0;0;0;0;0
7IzhLWKQbe5aLGu3aGSJ;2025-06-21;Zuzilkree;0;0;0;0;0;0;0;0;0;0;0;0;0;0;5;0
7IzhLWKQbe5aLGu3aGSJ;2025-06-21;Kobani;0;0;1;0;0;0;0;0;0;0;0;0;0;0;0;0
7IzhLWKQbe5aLGu3aGSJ;2025-06-21;Fray;0;0;1;1;0;0;0;0;0;0;0;0;0;0;0;0
7IzhLWKQbe5aLGu3aGSJ;2025-06-21;Heinrich der Lowe;0;1;0;2;0;0;0;0;0;0;0;0;0;0;0;0
7IzhLWKQbe5aLGu3aGSJ;2025-06-21;Rover;0;3;0;0;0;0;0;0;0;0;0;0;0;0;0;0
7IzhLWKQbe5aLGu3aGSJ;2025-06-21;Lanmoin der 3te;0;0;0;0;0;0;0;0;0;0;0;0;0;0;0;0
7IzhLWKQbe5aLGu3aGSJ;2025-06-21;Petrov val;0;3;0;3;0;3;0;0;0;0;0;0;0;0;0;0
7IzhLWKQbe5aLGu3aGSJ;2025-06-21;TrAiAnO 2;0;0;0;0;0;0;0;0;0;0;0;0;0;0;0;0
7IzhLWKQbe5aLGu3aGSJ;2025-06-21;Fendis;0;0;0;0;0;0;0;0;0;0;0;0;0;0;0;0
7IzhLWKQbe5aLGu3aGSJ;2025-06-21;Tigra;0;2;0;0;0;0;0;0;0;0;0;0;0;0;0;0
7IzhLWKQbe5aLGu3aGSJ;2025-06-21;Alpha Logburg;0;0;0;0;0;0;0;1;0;0;0;0;0;0;0;0
7IzhLWKQbe5aLGu3aGSJ;2025-06-21;Lindis;0;0;0;0;0;0;0;1;0;0;0;0;0;0;0;0
7IzhLWKQbe5aLGu3aGSJ;2025-06-21;Zuzilkree;0;2;0;0;0;0;0;0;0;0;0;0;0;0;0;0
7IzhLWKQbe5aLGu3aGSJ;2025-06-21;Mikoikt;0;0;0;1;0;0;0;0;0;0;0;0;0;0;2;0
7IzhLWKQbe5aLGu3aGSJ;2025-06-21;WildMG;0;1;0;1;0;0;0;0;0;0;0;0;0;0;0;0
7IzhLWKQbe5aLGu3aGSJ;2025-06-21;PizzaOnkel IV;0;0;0;0;0;0;0;0;0;0;0;0;0;0;0;0
7IzhLWKQbe5aLGu3aGSJ;2025-06-21;Fray;0;0;1;3;0;0;0;0;0;0;0;0;0;0;0;0
7IzhLWKQbe5aLGu3aGSJ;2025-06-21;Lassus;0;0;0;0;0;0;0;0;0;0;0;0;0;0;5;0
7IzhLWKQbe5aLGu3aGSJ;2025-06-21;Rainblade;0;0;0;0;0;0;0;0;0;0;0;0;0;0;0;0
7IzhLWKQbe5aLGu3aGSJ;2025-06-21;Kupriyanych;0;0;0;0;0;0;0;0;0;0;0;0;0;0;0;0
7IzhLWKQbe5aLGu3aGSJ;2025-06-21;Mikoikt;0;0;1;0;0;0;0;0;0;0;0;0;0;0;2;0
7IzhLWKQbe5aLGu3aGSJ;2025-06-21;Romazan;0;0;0;0;0;1;0;0;0;0;0;0;0;0;0;0
7IzhLWKQbe5aLGu3aGSJ;2025-06-21;Brodyaga;0;0;0;0;0;0;0;0;0;0;0;0;0;0;0;0
7IzhLWKQbe5aLGu3aGSJ;2025-06-21;Petrov val;0;4;0;0;0;0;0;0;0;0;0;0;0;0;0;0
7IzhLWKQbe5aLGu3aGSJ;2025-06-21;Brodyaga;0;2;0;0;0;0;0;0;0;0;0;0;0;0;0;0
7IzhLWKQbe5aLGu3aGSJ;2025-06-22;SBzBy Il;0;0;0;0;0;0;0;3;0;0;0;0;0;0;0;0
7IzhLWKQbe5aLGu3aGSJ;2025-06-22;Fray;0;2;0;2;0;1;0;0;0;0;0;0;0;0;0;0
7IzhLWKQbe5aLGu3aGSJ;2025-06-22;Rifur;0;0;0;0;0;0;0;0;0;0;0;0;0;0;0;0
7IzhLWKQbe5aLGu3aGSJ;2025-06-22;Petrov val;0;1;1;3;0;4;0;0;0;0;0;0;0;0;0;0
7IzhLWKQbe5aLGu3aGSJ;2025-06-22;Eragon;0;0;0;0;0;0;0;0;0;0;0;0;0;0;0;0
7IzhLWKQbe5aLGu3aGSJ;2025-06-22;Angelina 2;0;0;0;0;0;0;0;0;0;0;0;0;0;0;0;0
7IzhLWKQbe5aLGu3aGSJ;2025-06-22;Frostterror;0;1;1;3;0;6;0;0;0;0;0;0;0;0;0;0
7IzhLWKQbe5aLGu3aGSJ;2025-06-22;Rainblade;0;0;0;0;0;0;0;0;0;0;0;0;0;0;0;0
7IzhLWKQbe5aLGu3aGSJ;2025-06-22;koi;0;0;0;2;0;32;0;0;0;0;0;0;0;0;0;0
7IzhLWKQbe5aLGu3aGSJ;2025-06-22;Kamaw DOC;0;0;0;0;0;0;0;0;0;0;0;0;0;0;0;0
7IzhLWKQbe5aLGu3aGSJ;2025-06-22;Friedoline;0;2;3;1;0;1;0;0;1;0;0;0;0;0;0;0
7IzhLWKQbe5aLGu3aGSJ;2025-06-22;Gocha;0;0;2;2;0;2;0;1;0;0;0;0;0;0;0;0
7IzhLWKQbe5aLGu3aGSJ;2025-06-22;MELISA;0;2;0;0;0;0;0;0;0;0;0;0;0;0;0;0
7IzhLWKQbe5aLGu3aGSJ;2025-06-22;T-34;0;0;1;6;0;0;0;0;4;0;0;0;0;0;0;0
7IzhLWKQbe5aLGu3aGSJ;2025-06-22;YurasiK;0;0;1;0;0;0;0;0;0;0;0;0;0;0;0;0
7IzhLWKQbe5aLGu3aGSJ;2025-06-22;Barsian;0;0;6;0;0;0;0;0;0;0;0;0;0;0;0;0
7IzhLWKQbe5aLGu3aGSJ;2025-06-22;Nightfang;1;0;1;1;0;0;0;0;0;0;0;0;0;0;0;0
7IzhLWKQbe5aLGu3aGSJ;2025-06-22;Tigra;0;0;2;3;0;3;0;0;0;0;0;0;0;0;0;0
7IzhLWKQbe5aLGu3aGSJ;2025-06-22;Roland;0;0;0;0;0;0;0;0;0;0;0;0;0;0;0;0
7IzhLWKQbe5aLGu3aGSJ;2025-06-22;Ivanhoe;0;0;0;1;0;0;0;0;0;0;0;0;0;0;0;0
7IzhLWKQbe5aLGu3aGSJ;2025-06-22;Brodyaga;0;1;0;0;0;3;0;0;0;0;0;0;0;0;0;0
7IzhLWKQbe5aLGu3aGSJ;2025-06-22;LosBoLos;0;0;0;0;0;0;0;0;0;0;0;0;0;0;0;0
7IzhLWKQbe5aLGu3aGSJ;2025-06-22;Moginn;0;0;0;0;0;0;0;0;0;0;0;0;0;0;0;0
7IzhLWKQbe5aLGu3aGSJ;2025-06-22;Ya kut;0;0;0;0;0;2;0;0;0;0;0;0;0;0;0;0
7IzhLWKQbe5aLGu3aGSJ;2025-06-22;Serdriilas;0;0;0;2;0;0;0;0;0;0;0;0;0;0;0;0
7IzhLWKQbe5aLGu3aGSJ;2025-06-22;Nightwulf;0;0;0;3;0;0;0;0;0;0;0;0;0;0;0;0
7IzhLWKQbe5aLGu3aGSJ;2025-06-22;Daijind;0;0;0;0;0;0;0;0;0;0;0;0;0;0;0;0
7IzhLWKQbe5aLGu3aGSJ;2025-06-22;Hulsa;0;1;0;0;0;0;0;0;0;0;0;0;0;0;0;0
7IzhLWKQbe5aLGu3aGSJ;2025-06-22;Kantrius;0;0;2;2;0;0;0;0;0;0;0;0;0;0;0;0
7IzhLWKQbe5aLGu3aGSJ;2025-06-22;Rein;0;0;2;0;0;3;0;0;0;0;0;0;0;0;0;0
7IzhLWKQbe5aLGu3aGSJ;2025-06-22;SBzBy Il;0;0;9;4;0;23;0;0;0;0;0;0;0;5;0;0
7IzhLWKQbe5aLGu3aGSJ;2025-06-22;Germanol;1;0;0;0;0;1;0;0;0;0;0;0;0;1;0;0
7IzhLWKQbe5aLGu3aGSJ;2025-06-22;Elgi;0;0;0;0;0;0;0;0;0;0;0;0;0;1;0;0
7IzhLWKQbe5aLGu3aGSJ;2025-06-22;shining pearl;0;0;0;0;0;0;0;0;0;0;0;0;0;0;0;0
7IzhLWKQbe5aLGu3aGSJ;2025-06-22;Zuzilkree;0;0;0;0;0;0;0;0;0;0;0;0;0;0;0;0
7IzhLWKQbe5aLGu3aGSJ;2025-06-22;Jannoz;0;0;0;0;0;0;0;0;0;0;0;0;0;0;0;0
7IzhLWKQbe5aLGu3aGSJ;2025-06-22;Buck Man;0;1;2;3;0;9;0;0;0;0;0;0;0;0;0;0
7IzhLWKQbe5aLGu3aGSJ;2025-06-22;Germano1;0;1;0;0;0;0;0;0;0;0;0;0;0;0;0;0
7IzhLWKQbe5aLGu3aGSJ;2025-06-22;WildMG;1;0;0;0;0;0;0;0;0;0;0;0;0;0;0;0
ejrChd9MHCSNvsT0GAZt;2025-05-24;Moginn;0;0;0;0;0;0;0;0;0;0;0;0;0;0;0;0
ejrChd9MHCSNvsT0GAZt;2025-05-24;Lanmoin der Kleine;0;0;0;0;0;0;0;0;0;0;0;0;0;0;0;0
ejrChd9MHCSNvsT0GAZt;2025-05-24;El Mosca;0;0;0;0;0;0;0;0;0;0;0;0;0;0;0;0
ejrChd9MHCSNvsT0GAZt;2025-05-24;koi;0;2;0;1;0;2;0;0;0;0;0;0;0;0;0;0
ejrChd9MHCSNvsT0GAZt;2025-05-24;Ivanhoe;0;0;0;0;0;0;0;0;0;0;0;0;0;0;0;0
ejrChd9MHCSNvsT0GAZt;2025-05-24;ruda bestia;0;0;0;0;0;0;0;0;0;0;0;0;0;0;0;0
ejrChd9MHCSNvsT0GAZt;2025-05-24;Barsian;0;0;0;0;0;0;0;0;0;0;0;0;0;0;0;0
ejrChd9MHCSNvsT0GAZt;2025-05-24;T-34;0;0;0;0;0;0;0;0;0;0;0;0;0;0;0;0
ejrChd9MHCSNvsT0GAZt;2025-05-24;Kupriyanych;0;0;0;0;0;0;0;0;0;0;0;0;0;0;0;0
ejrChd9MHCSNvsT0GAZt;2025-05-24;Drago;0;0;0;0;0;0;0;0;0;0;0;0;0;0;0;0
ejrChd9MHCSNvsT0GAZt;2025-05-24;Bluebird;0;0;0;0;0;0;0;0;0;0;0;0;0;0;0;0
ejrChd9MHCSNvsT0GAZt;2025-05-24;Heinrich der Löwe;0;0;0;0;0;0;0;0;0;0;0;0;0;0;0;0
ejrChd9MHCSNvsT0GAZt;2025-05-24;Kantrius;0;0;0;0;0;0;0;0;0;0;0;0;0;0;0;0
ejrChd9MHCSNvsT0GAZt;2025-05-24;NikolajDNK;0;0;0;0;0;0;0;0;0;0;0;0;0;0;0;0
ejrChd9MHCSNvsT0GAZt;2025-05-24;DontReviveMe;0;0;0;0;0;0;0;0;0;0;0;0;0;0;0;0
ejrChd9MHCSNvsT0GAZt;2025-05-24;Romazan;0;0;0;0;0;0;0;0;0;0;0;0;0;0;0;0
ejrChd9MHCSNvsT0GAZt;2025-05-24;Angelina 2;0;0;0;0;0;0;0;0;0;0;0;0;0;0;0;0
ejrChd9MHCSNvsT0GAZt;2025-05-24;Eragon;0;0;0;0;0;0;0;0;0;0;0;0;0;0;0;0
ejrChd9MHCSNvsT0GAZt;2025-05-24;Jannoz;0;0;0;0;0;0;0;0;0;0;0;0;0;0;0;0
ejrChd9MHCSNvsT0GAZt;2025-05-24;09MUSLERA09;0;0;0;0;0;0;0;0;0;0;0;0;0;0;0;0
ejrChd9MHCSNvsT0GAZt;2025-05-24;Petrov val;0;0;0;0;0;0;0;0;0;0;0;0;0;0;0;0
ejrChd9MHCSNvsT0GAZt;2025-05-24;DerVerständnisvolle;0;0;0;0;0;0;0;0;0;0;0;0;0;0;0;0
ejrChd9MHCSNvsT0GAZt;2025-05-24;Wichtel Fichtel;0;0;0;0;0;0;0;0;0;0;0;0;0;0;0;0
ejrChd9MHCSNvsT0GAZt;2025-05-24;A R I S E;0;0;0;0;0;0;0;0;0;0;0;0;0;0;0;0
ejrChd9MHCSNvsT0GAZt;2025-05-24;Kobani;0;0;0;0;0;0;0;0;0;0;0;0;0;0;0;0
ejrChd9MHCSNvsT0GAZt;2025-05-24;Elgi;0;0;0;0;0;0;0;0;0;0;0;0;0;0;0;0
ejrChd9MHCSNvsT0GAZt;2025-05-24;Mazura;0;0;0;0;0;0;0;0;0;0;0;0;0;0;0;0
ejrChd9MHCSNvsT0GAZt;2025-05-24;White Los;0;0;0;0;0;0;0;0;0;0;0;0;0;0;0;0
ejrChd9MHCSNvsT0GAZt;2025-05-24;Tigra;0;0;0;0;0;0;0;0;0;0;0;0;0;0;0;0
ejrChd9MHCSNvsT0GAZt;2025-05-24;Zuzilkree;0;0;0;0;0;0;0;0;0;0;0;0;0;0;0;0
ejrChd9MHCSNvsT0GAZt;2025-05-24;Upasara Wulung;0;0;0;0;0;0;0;0;0;0;0;0;0;0;0;0
ejrChd9MHCSNvsT0GAZt;2025-05-24;WildMG;0;0;0;0;0;0;0;0;0;0;0;0;0;0;0;0
ejrChd9MHCSNvsT0GAZt;2025-05-24;Daijind;0;0;0;0;0;0;0;0;0;0;0;0;0;0;0;0
ejrChd9MHCSNvsT0GAZt;2025-05-24;Miaso;0;0;0;0;0;0;0;0;0;0;0;0;0;0;0;0
ejrChd9MHCSNvsT0GAZt;2025-05-24;Zepancadaria;0;0;0;0;0;0;0;0;0;0;0;0;0;0;0;0
ejrChd9MHCSNvsT0GAZt;2025-05-24;Nightfang;0;0;0;0;0;0;0;0;0;0;0;0;0;0;0;0
ejrChd9MHCSNvsT0GAZt;2025-05-24;Adoran;0;0;0;0;0;0;0;0;0;0;0;0;0;0;0;0
ejrChd9MHCSNvsT0GAZt;2025-05-24;SBzBy II;0;0;0;0;0;0;0;0;0;0;0;0;0;0;0;0
ejrChd9MHCSNvsT0GAZt;2025-05-24;Danara;0;0;0;0;0;0;0;0;0;0;0;0;0;0;0;0
ejrChd9MHCSNvsT0GAZt;2025-05-24;Triano;0;0;0;0;0;0;0;0;0;0;0;0;0;0;0;0
ejrChd9MHCSNvsT0GAZt;2025-05-24;BlueBird;0;0;0;0;0;0;0;0;0;0;0;0;0;0;0;0
ejrChd9MHCSNvsT0GAZt;2025-05-24;Mary Pili;0;0;0;0;0;0;0;0;0;0;0;0;0;0;0;0
ejrChd9MHCSNvsT0GAZt;2025-05-24;Eiskönigin;0;0;0;0;0;0;0;0;0;0;0;0;0;0;0;0
ejrChd9MHCSNvsT0GAZt;2025-05-24;steboulet 2;0;0;0;0;0;0;0;0;0;0;0;0;0;0;0;0
ejrChd9MHCSNvsT0GAZt;2025-05-24;Tehn;0;0;0;0;0;0;0;0;0;0;0;0;0;0;0;0
ejrChd9MHCSNvsT0GAZt;2025-05-24;Lanmoin der 3te;0;0;0;0;0;0;0;0;0;0;0;0;0;0;0;0
ejrChd9MHCSNvsT0GAZt;2025-05-24;FlockyRocky;0;0;0;0;0;0;0;0;0;0;0;0;0;0;0;0
ejrChd9MHCSNvsT0GAZt;2025-05-24;Rover;0;0;0;0;0;0;0;0;0;0;0;0;0;0;0;0
ejrChd9MHCSNvsT0GAZt;2025-05-24;Lindis;0;0;0;0;0;0;0;0;0;0;0;0;0;0;0;0
ejrChd9MHCSNvsT0GAZt;2025-05-24;Fendis;0;0;0;0;0;0;0;0;0;0;0;0;0;0;0;0
ejrChd9MHCSNvsT0GAZt;2025-05-24;Hulsa;0;0;0;0;0;0;0;0;0;0;0;0;0;0;0;0
ejrChd9MHCSNvsT0GAZt;2025-05-24;Friedoline;0;0;0;0;0;1;0;0;0;0;0;0;0;0;0;0
ejrChd9MHCSNvsT0GAZt;2025-05-24;Vakums;0;0;0;0;0;0;0;0;0;0;0;0;0;0;0;0
ejrChd9MHCSNvsT0GAZt;2025-05-24;KlaxxoN;0;0;0;0;0;0;0;0;0;0;0;0;0;0;0;0
ejrChd9MHCSNvsT0GAZt;2025-05-24;TrAiAnO 2;0;0;0;0;0;0;0;0;0;0;0;0;0;0;0;0
ejrChd9MHCSNvsT0GAZt;2025-05-24;MIkl;0;0;0;0;0;0;0;0;0;0;0;0;0;0;0;0
ejrChd9MHCSNvsT0GAZt;2025-05-24;MELISA;0;0;0;0;0;0;0;0;0;0;0;0;0;0;0;0
ejrChd9MHCSNvsT0GAZt;2025-05-24;Seryoga;0;0;0;0;0;0;0;0;0;0;0;0;0;0;0;0
ejrChd9MHCSNvsT0GAZt;2025-05-24;Lord Rahl;0;0;0;0;0;0;0;0;0;0;0;0;0;0;0;0
ejrChd9MHCSNvsT0GAZt;2025-05-24;steboulet;0;0;0;0;0;0;0;0;0;0;0;0;0;0;0;0
ejrChd9MHCSNvsT0GAZt;2025-05-24;Graf de lya Fer;0;0;0;0;0;0;0;0;0;0;0;0;0;0;0;0
ejrChd9MHCSNvsT0GAZt;2025-05-24;PizzaOnkel IV;0;0;0;0;0;0;0;0;0;0;0;0;0;0;0;0
ejrChd9MHCSNvsT0GAZt;2025-05-24;Smotryaschij;0;0;0;0;0;0;0;0;0;0;0;0;0;0;0;0
ejrChd9MHCSNvsT0GAZt;2025-05-24;Jackal;0;2;0;0;0;0;0;0;0;0;0;0;0;0;0;0
ejrChd9MHCSNvsT0GAZt;2025-05-24;Serdriilas;0;0;0;0;0;0;0;0;0;0;0;0;0;0;0;0
ejrChd9MHCSNvsT0GAZt;2025-05-24;kingchris;0;0;0;0;0;0;0;0;0;0;0;0;0;0;0;0
ejrChd9MHCSNvsT0GAZt;2025-05-24;Rein;0;0;0;0;0;1;0;0;0;0;0;0;0;0;0;0
ejrChd9MHCSNvsT0GAZt;2025-05-24;Perros;0;0;0;0;0;0;0;0;0;0;0;0;0;0;0;0
ejrChd9MHCSNvsT0GAZt;2025-05-24;Lassus;0;0;0;0;0;0;0;0;0;0;0;0;0;0;0;0
ejrChd9MHCSNvsT0GAZt;2025-05-24;Rifur;0;0;0;0;0;0;0;0;0;0;0;0;0;0;0;0
ejrChd9MHCSNvsT0GAZt;2025-05-24;Elsa;0;0;0;0;0;0;0;0;0;0;0;0;0;0;0;0
ejrChd9MHCSNvsT0GAZt;2025-05-24;Mikoikt;0;0;0;0;0;0;0;0;0;0;0;0;0;0;0;0
ejrChd9MHCSNvsT0GAZt;2025-05-24;Gustav Gans;0;0;0;0;0;0;0;0;0;0;0;0;0;0;0;0
ejrChd9MHCSNvsT0GAZt;2025-05-24;Gardashura;0;0;0;0;0;0;0;0;0;0;0;0;0;0;0;0
ejrChd9MHCSNvsT0GAZt;2025-05-24;Miss Pelace;0;6;0;0;0;0;0;0;0;0;0;0;0;0;0;0
ejrChd9MHCSNvsT0GAZt;2025-05-24;Ya kut;0;0;0;0;0;0;0;0;0;0;0;0;0;0;0;0
ejrChd9MHCSNvsT0GAZt;2025-05-24;Buck Man;0;0;0;0;0;0;0;0;0;0;0;0;0;0;0;0
ejrChd9MHCSNvsT0GAZt;2025-05-24;YurasiK;0;0;0;0;0;0;0;0;0;0;0;0;0;0;0;0
ejrChd9MHCSNvsT0GAZt;2025-05-24;Karel;0;0;0;0;0;0;0;0;0;0;0;0;0;0;0;0
ejrChd9MHCSNvsT0GAZt;2025-05-24;Shahanna;0;0;0;0;0;0;0;0;0;0;0;0;0;0;0;0
ejrChd9MHCSNvsT0GAZt;2025-05-24;Cerberus;0;1;0;0;0;0;0;0;0;0;0;0;0;0;0;0
ejrChd9MHCSNvsT0GAZt;2025-05-24;morgaine;0;0;0;0;0;0;0;0;0;0;0;0;0;0;0;0
ejrChd9MHCSNvsT0GAZt;2025-05-24;Forondod;0;3;0;0;0;0;0;0;0;0;0;0;0;0;0;0
ejrChd9MHCSNvsT0GAZt;2025-05-24;Frostterror;0;0;0;0;0;0;0;0;0;0;0;0;0;0;0;0
Yr6rfrFFfthAL4X5qQme;2025-06-30;Ya kut;0;0;0;0;0;0;0;0;0;0;0;0;0;0;0;0
Yr6rfrFFfthAL4X5qQme;2025-06-30;White Los;1;3;0;3;0;0;0;0;0;0;0;0;0;0;0;0
Yr6rfrFFfthAL4X5qQme;2025-06-30;Lindis;0;3;0;0;0;0;0;0;0;0;0;0;0;0;0;0
Yr6rfrFFfthAL4X5qQme;2025-06-30;Lindis;0;3;0;0;0;0;0;0;0;0;0;0;0;0;0;0
Yr6rfrFFfthAL4X5qQme;2025-06-30;Gocha;0;0;0;0;0;0;0;0;0;0;0;0;0;0;0;0
Yr6rfrFFfthAL4X5qQme;2025-06-30;Cerberus;0;1;0;0;0;0;0;0;0;0;0;0;0;0;0;0
Yr6rfrFFfthAL4X5qQme;2025-06-30;Shahanna;0;3;0;1;0;0;0;0;0;0;0;0;0;0;0;0
Yr6rfrFFfthAL4X5qQme;2025-06-30;Kelerosir;0;4;0;0;0;0;0;0;0;0;0;0;0;0;0;0
Yr6rfrFFfthAL4X5qQme;2025-06-30;Adoran;0;3;0;1;0;0;0;0;0;0;0;0;0;0;0;0
Yr6rfrFFfthAL4X5qQme;2025-06-30;Forondod;0;3;0;0;0;0;0;0;0;0;0;0;0;0;0;0
Yr6rfrFFfthAL4X5qQme;2025-06-30;Kobani;0;1;0;0;0;0;0;0;0;0;0;0;0;0;0;0
Yr6rfrFFfthAL4X5qQme;2025-06-30;Moginn;0;0;0;0;0;0;0;0;0;0;0;0;0;0;0;0
Yr6rfrFFfthAL4X5qQme;2025-06-30;Elgi;0;0;0;0;0;0;0;0;0;0;0;0;0;0;0;0
Yr6rfrFFfthAL4X5qQme;2025-06-30;Kamaw DOC;1;3;0;0;0;0;0;0;0;0;1;0;0;0;0;0
Yr6rfrFFfthAL4X5qQme;2025-06-30;Serdriilas;0;3;0;0;0;0;0;0;0;0;1;0;0;0;0;0
Yr6rfrFFfthAL4X5qQme;2025-06-30;Fendis;0;2;0;0;0;0;0;0;0;0;0;0;0;0;0;0
Yr6rfrFFfthAL4X5qQme;2025-06-30;Donald Duck;0;0;0;0;0;0;0;0;0;0;0;0;0;0;0;0
Yr6rfrFFfthAL4X5qQme;2025-06-30;Hexe Kaukau;0;0;0;0;0;0;0;0;0;0;0;0;0;0;0;0
Yr6rfrFFfthAL4X5qQme;2025-06-30;MELISA;0;3;0;0;0;0;0;0;0;0;1;0;0;0;0;0
Yr6rfrFFfthAL4X5qQme;2025-06-30;Romazan;0;0;0;0;0;0;0;0;0;0;0;0;0;0;0;0
Yr6rfrFFfthAL4X5qQme;2025-06-30;Angelina 2;2;3;0;1;0;0;0;0;0;0;3;0;0;0;0;0
Yr6rfrFFfthAL4X5qQme;2025-06-30;Adoran;0;3;0;1;0;0;0;0;0;0;0;0;0;0;0;0
Yr6rfrFFfthAL4X5qQme;2025-06-30;koi;0;5;0;0;0;31;0;0;0;0;0;0;0;0;0;0
Yr6rfrFFfthAL4X5qQme;2025-06-30;Nightwulf;0;15;2;4;0;1;0;0;0;0;1;0;0;0;0;0
Yr6rfrFFfthAL4X5qQme;2025-06-30;Romazan;0;0;0;0;0;0;0;0;0;0;0;0;0;0;0;0
Yr6rfrFFfthAL4X5qQme;2025-06-30;Monkey De Luffy;0;0;0;0;0;0;0;0;0;0;0;0;0;0;0;0
Yr6rfrFFfthAL4X5qQme;2025-06-30;koi;0;5;0;0;0;31;0;0;0;0;0;0;0;0;0;0
Yr6rfrFFfthAL4X5qQme;2025-06-30;Eiskonigin;0;0;0;0;0;0;0;0;0;0;0;0;0;0;0;0
Yr6rfrFFfthAL4X5qQme;2025-06-30;Tehn;0;0;0;0;0;0;0;0;0;0;0;0;0;0;0;0
Yr6rfrFFfthAL4X5qQme;2025-06-30;Lanmoin der Kleine;0;3;0;0;0;0;0;0;0;0;0;0;0;0;0;0
Yr6rfrFFfthAL4X5qQme;2025-06-30;Lanmoin der 3te;0;3;0;0;0;0;0;0;0;0;0;0;0;0;0;0
Yr6rfrFFfthAL4X5qQme;2025-06-30;SBzBy II;0;0;0;0;0;0;0;0;0;0;0;0;0;0;0;0
Yr6rfrFFfthAL4X5qQme;2025-06-30;YurasiK;1;21;4;3;0;0;0;0;0;0;0;0;0;0;0;0
Yr6rfrFFfthAL4X5qQme;2025-06-30;Kantrius;0;3;0;2;0;4;0;0;0;0;0;0;0;0;0;0
Yr6rfrFFfthAL4X5qQme;2025-06-30;Rein;0;8;0;0;0;0;0;0;0;0;0;0;0;0;0;0
Yr6rfrFFfthAL4X5qQme;2025-06-30;Miaso;0;0;0;0;0;0;0;0;0;0;0;0;0;0;0;0
Yr6rfrFFfthAL4X5qQme;2025-06-30;Hulsa;0;3;0;0;0;0;0;0;0;0;0;0;0;0;0;0
Yr6rfrFFfthAL4X5qQme;2025-06-30;Rainblade;0;3;0;0;0;0;0;0;0;0;0;0;0;0;0;0
Yr6rfrFFfthAL4X5qQme;2025-06-30;Perros;0;3;0;0;0;0;0;0;0;0;0;0;0;0;0;0
Yr6rfrFFfthAL4X5qQme;2025-06-30;Gardashura;0;3;0;1;0;0;0;0;0;0;0;0;0;0;0;0
Yr6rfrFFfthAL4X5qQme;2025-06-30;kingdom warrior jn;0;0;0;0;0;0;0;0;0;0;0;0;0;0;0;0
Yr6rfrFFfthAL4X5qQme;2025-06-30;DerVerstandnisvolle;0;0;0;0;0;0;0;0;0;0;0;0;0;0;0;0
Yr6rfrFFfthAL4X5qQme;2025-06-30;Friedoline;0;4;1;0;0;0;0;0;0;0;0;0;0;0;0;0
Yr6rfrFFfthAL4X5qQme;2025-06-30;Alpha Logburg;0;0;0;0;0;0;0;0;0;0;0;0;0;0;0;0
Yr6rfrFFfthAL4X5qQme;2025-06-30;Gocha;0;0;0;0;0;0;0;0;0;0;0;0;0;0;0;0
Yr6rfrFFfthAL4X5qQme;2025-06-30;TrAIANO 2;0;0;0;0;0;0;0;0;0;0;0;0;0;0;0;0
Yr6rfrFFfthAL4X5qQme;2025-06-30;OKBA 3;0;0;0;0;0;0;0;0;0;0;0;0;0;0;0;0
Yr6rfrFFfthAL4X5qQme;2025-06-30;Railkayilas;0;0;0;0;0;0;0;0;0;0;0;0;0;0;0;0
Yr6rfrFFfthAL4X5qQme;2025-06-30;Nightfang;0;2;0;1;0;1;0;0;0;0;1;0;0;0;0;0
Yr6rfrFFfthAL4X5qQme;2025-06-30;Fray;2;4;2;1;0;1;0;0;0;0;0;0;0;0;0;0
Yr6rfrFFfthAL4X5qQme;2025-06-30;rami;0;9;0;0;0;0;0;0;0;0;0;0;0;0;0;0
Yr6rfrFFfthAL4X5qQme;2025-06-30;Traiano;0;0;0;0;0;0;0;0;0;0;0;0;0;0;0;0
Yr6rfrFFfthAL4X5qQme;2025-06-30;Lindis;0;3;0;0;0;0;0;0;0;0;0;0;0;0;0;0
Yr6rfrFFfthAL4X5qQme;2025-06-30;KlaxxoN;0;0;0;0;0;0;0;0;0;0;0;0;0;0;0;0
Yr6rfrFFfthAL4X5qQme;2025-06-30;Kupriyanych;0;0;0;0;0;0;0;0;0;0;0;0;0;0;0;0
Yr6rfrFFfthAL4X5qQme;2025-06-30;Daijind;0;2;1;1;0;0;0;0;0;0;0;0;0;0;0;0
Yr6rfrFFfthAL4X5qQme;2025-06-30;Roland;0;8;4;6;0;5;1;0;0;0;0;0;0;0;0;0
Yr6rfrFFfthAL4X5qQme;2025-06-30;TrAiAnO 2;0;0;0;0;0;0;0;0;0;0;0;0;0;0;0;0
Yr6rfrFFfthAL4X5qQme;2025-06-30;Cerberus;0;1;0;0;0;0;0;0;0;0;0;0;0;0;0;0
Yr6rfrFFfthAL4X5qQme;2025-06-30;Rifur;0;3;0;0;0;0;0;0;0;0;0;0;0;0;0;0
Yr6rfrFFfthAL4X5qQme;2025-06-30;Vakums;1;0;0;0;0;10;0;0;0;0;0;0;0;0;0;0
Yr6rfrFFfthAL4X5qQme;2025-06-30;Monkey De Luffy;0;0;0;0;0;0;0;0;0;0;0;0;0;0;0;0
Yr6rfrFFfthAL4X5qQme;2025-06-30;kingchris;0;0;0;0;0;0;0;0;0;0;0;0;0;0;0;0
Yr6rfrFFfthAL4X5qQme;2025-06-30;NikolajDNK;0;0;0;0;0;0;0;0;0;0;0;0;0;0;0;0
Yr6rfrFFfthAL4X5qQme;2025-06-30;Petrov val;0;7;0;0;0;0;0;0;0;0;0;0;0;0;0;0
Yr6rfrFFfthAL4X5qQme;2025-06-30;kingchris;0;0;0;0;0;0;0;0;0;0;0;0;0;0;0;0
Yr6rfrFFfthAL4X5qQme;2025-06-30;Kamaw DOC;1;3;0;0;0;0;0;0;0;0;1;0;0;0;0;0
Yr6rfrFFfthAL4X5qQme;2025-06-30;Moginn;0;0;0;0;0;0;0;0;0;0;0;0;0;0;0;0
Yr6rfrFFfthAL4X5qQme;2025-06-30;Zuzilkree;0;3;0;0;0;0;0;0;0;0;0;0;0;0;0;0
Yr6rfrFFfthAL4X5qQme;2025-06-30;Serdriel;0;1;0;1;0;1;0;0;0;0;0;0;0;0;0;0
Yr6rfrFFfthAL4X5qQme;2025-06-30;Eragon;0;4;0;0;0;1;0;0;0;0;3;0;0;0;0;0
Yr6rfrFFfthAL4X5qQme;2025-06-30;Ivanhoe;0;0;0;0;0;0;0;0;0;0;0;0;0;0;0;0
Yr6rfrFFfthAL4X5qQme;2025-06-30;Traiano;0;0;0;0;0;0;0;0;0;0;0;0;0;0;0;0
Yr6rfrFFfthAL4X5qQme;2025-06-30;Gocha;0;0;0;0;0;0;0;0;0;0;0;0;0;0;0;0
Yr6rfrFFfthAL4X5qQme;2025-06-30;Elsa;0;3;0;0;0;0;0;0;0;0;0;0;0;0;0;0
Yr6rfrFFfthAL4X5qQme;2025-06-30;Rover;0;1;0;0;0;0;0;0;0;0;0;0;0;0;0;0
Yr6rfrFFfthAL4X5qQme;2025-06-30;Vakums;1;0;0;0;0;10;0;0;0;0;0;0;0;0;0;0
Yr6rfrFFfthAL4X5qQme;2025-06-30;Ya kut;0;0;0;0;0;0;0;0;0;0;0;0;0;0;0;0
Yr6rfrFFfthAL4X5qQme;2025-06-30;Railkayilas;0;0;0;0;0;0;0;0;0;0;0;0;0;0;0;0
Yr6rfrFFfthAL4X5qQme;2025-06-30;Buck Man;0;10;2;2;0;10;0;0;0;0;0;0;0;0;0;0
Yr6rfrFFfthAL4X5qQme;2025-06-30;LosBolLos;1;1;1;4;0;0;0;0;0;0;8;0;0;0;0;0
Yr6rfrFFfthAL4X5qQme;2025-06-30;Rainblade;0;3;0;0;0;0;0;0;0;0;0;0;0;0;0;0
Yr6rfrFFfthAL4X5qQme;2025-06-30;Brodyaga;0;3;0;0;0;2;0;0;0;0;0;0;0;0;0;0
Yr6rfrFFfthAL4X5qQme;2025-06-30;Gardashura;0;3;0;1;0;0;0;0;0;0;0;0;0;0;0;0
Yr6rfrFFfthAL4X5qQme;2025-06-30;Danara;0;3;0;0;0;0;0;0;0;0;0;0;0;0;0;0
Yr6rfrFFfthAL4X5qQme;2025-06-30;Mary Pili;0;0;0;0;0;0;0;0;0;0;0;0;0;0;0;0
Yr6rfrFFfthAL4X5qQme;2025-06-30;Mary Pili;0;0;0;0;0;0;0;0;0;0;0;0;0;0;0;0
Yr6rfrFFfthAL4X5qQme;2025-06-30;Bluebird;0;0;0;0;0;0;0;0;0;0;0;0;0;0;0;0
Yr6rfrFFfthAL4X5qQme;2025-06-30;Frostterror;0;2;0;0;0;0;0;0;0;0;0;0;0;0;0;0
Yr6rfrFFfthAL4X5qQme;2025-06-30;Lord Rahl;0;0;0;0;0;0;0;0;0;0;0;0;0;0;0;0
Yr6rfrFFfthAL4X5qQme;2025-06-30;Lord Rahl;0;0;0;0;0;0;0;0;0;0;0;0;0;0;0;0
Yr6rfrFFfthAL4X5qQme;2025-06-30;Kobani;0;1;0;0;0;0;0;0;0;0;0;0;0;0;0;0
Yr6rfrFFfthAL4X5qQme;2025-06-30;El Mosca;0;0;0;0;0;0;0;0;0;0;0;0;0;0;0;0
Yr6rfrFFfthAL4X5qQme;2025-06-30;Donald Duck;0;0;0;0;0;0;0;0;0;0;0;0;0;0;0;0
Yr6rfrFFfthAL4X5qQme;2025-06-30;WildMG;0;0;0;0;0;0;0;0;0;0;0;0;0;0;0;0
Yr6rfrFFfthAL4X5qQme;2025-06-30;Monkey De Luffy;0;0;0;0;0;0;0;0;0;0;0;0;0;0;0;0
Yr6rfrFFfthAL4X5qQme;2025-06-30;Elgi;0;0;0;0;0;0;0;0;0;0;0;0;0;0;0;0
Yr6rfrFFfthAL4X5qQme;2025-06-30;Tigra;0;8;8;3;0;11;0;0;0;0;0;0;0;0;0;0
Yr6rfrFFfthAL4X5qQme;2025-06-30;NikolajDNK;0;0;0;0;0;0;0;0;0;0;0;0;0;0;0;0
Yr6rfrFFfthAL4X5qQme;2025-06-30;Lanmoin der Kleine;0;3;0;0;0;0;0;0;0;0;0;0;0;0;0;0
Yr6rfrFFfthAL4X5qQme;2025-06-30;Tehn;0;0;0;0;0;0;0;0;0;0;0;0;0;0;0;0
Yr6rfrFFfthAL4X5qQme;2025-06-30;Mikoikt;0;4;1;0;0;0;0;0;0;0;0;0;0;0;0;0
Yr6rfrFFfthAL4X5qQme;2025-06-30;T-34;0;3;0;0;0;0;0;0;0;0;3;0;0;0;0;0
Yr6rfrFFfthAL4X5qQme;2025-06-30;Fendis;0;2;0;0;0;0;0;0;0;0;0;0;0;0;0;0
Yr6rfrFFfthAL4X5qQme;2025-06-30;Alpha Logburg;0;0;0;0;0;0;0;0;0;0;0;0;0;0;0;0
Yr6rfrFFfthAL4X5qQme;2025-06-30;Barsian;0;0;0;0;0;0;0;0;0;0;0;0;0;0;0;0
Yr6rfrFFfthAL4X5qQme;2025-06-30;Frostterror;0;2;0;0;0;0;0;0;0;0;0;0;0;0;0;0
Yr6rfrFFfthAL4X5qQme;2025-06-30;Tehn;0;0;0;0;0;0;0;0;0;0;0;0;0;0;0;0
Yr6rfrFFfthAL4X5qQme;2025-06-30;Bluebird;0;0;0;0;0;0;0;0;0;0;0;0;0;0;0;0
Yr6rfrFFfthAL4X5qQme;2025-06-30;Jannoz;0;0;0;0;0;0;0;0;0;0;0;0;0;0;0;0
Yr6rfrFFfthAL4X5qQme;2025-06-30;Bluebird;0;0;0;0;0;0;0;0;0;0;0;0;0;0;0;0
Yr6rfrFFfthAL4X5qQme;2025-06-30;Danara;0;3;0;0;0;0;0;0;0;0;0;0;0;0;0;0
Yr6rfrFFfthAL4X5qQme;2025-06-30;KlaxxoN;0;0;0;0;0;0;0;0;0;0;0;0;0;0;0;0
Yr6rfrFFfthAL4X5qQme;2025-06-30;Serdriilas;0;3;0;0;0;0;0;0;0;0;1;0;0;0;0;0
Yr6rfrFFfthAL4X5qQme;2025-06-30;MELISA;0;3;0;0;0;0;0;0;0;0;1;0;0;0;0;0
Yr6rfrFFfthAL4X5qQme;2025-06-30;Miss Pelace;0;3;0;2;0;0;0;0;0;0;0;0;0;0;0;0
Yr6rfrFFfthAL4X5qQme;2025-06-30;MIKI;0;2;0;0;0;0;0;0;0;0;0;0;0;0;0;0
Yr6rfrFFfthAL4X5qQme;2025-06-30;Alpha Logburg;0;0;0;0;0;0;0;0;0;0;0;0;0;0;0;0
Yr6rfrFFfthAL4X5qQme;2025-06-30;Heinrich der Lowe;0;3;0;0;0;0;0;0;0;0;0;0;0;0;0;0
Yr6rfrFFfthAL4X5qQme;2025-06-30;Dalinad;0;0;0;0;0;0;0;0;0;0;0;0;0;0;0;0
Yr6rfrFFfthAL4X5qQme;2025-06-30;kingdom warrior 2;0;0;0;0;0;0;0;0;0;0;0;0;0;0;0;0
Yr6rfrFFfthAL4X5qQme;2025-06-30;El Mosca;0;0;0;0;0;0;0;0;0;0;0;0;0;0;0;0
Yr6rfrFFfthAL4X5qQme;2025-06-30;Gardashura;0;3;0;1;0;0;0;0;0;0;0;0;0;0;0;0
Yr6rfrFFfthAL4X5qQme;2025-06-30;Lanmoin der Kleine;0;3;0;0;0;0;0;0;0;0;0;0;0;0;0;0
Yr6rfrFFfthAL4X5qQme;2025-06-30;Fendis;0;2;0;0;0;0;0;0;0;0;0;0;0;0;0;0
Yr6rfrFFfthAL4X5qQme;2025-06-30;Forondod;0;3;0;0;0;0;0;0;0;0;0;0;0;0;0;0
Yr6rfrFFfthAL4X5qQme;2025-06-30;Rifur;0;3;0;0;0;0;0;0;0;0;0;0;0;0;0;0
Yr6rfrFFfthAL4X5qQme;2025-06-30;El Mosca;0;0;0;0;0;0;0;0;0;0;0;0;0;0;0;0
Yr6rfrFFfthAL4X5qQme;2025-06-30;Upasara Wulung;0;3;0;0;0;18;0;0;0;0;2;0;0;0;0;0
Yr6rfrFFfthAL4X5qQme;2025-06-30;Jackal;0;0;0;0;0;0;0;0;0;0;0;0;0;0;0;0
Yr6rfrFFfthAL4X5qQme;2025-06-30;Kupriyanych;0;0;0;0;0;0;0;0;0;0;0;0;0;0;0;0
Yr6rfrFFfthAL4X5qQme;2025-06-30;Mary Pili;0;0;0;0;0;0;0;0;0;0;0;0;0;0;0;0
ypVnj9leLPqaua9AXiOm;2025-06-13;Hulsa;0;3;0;0;0;0;0;0;0;0;0;0;0;0;0;0
ypVnj9leLPqaua9AXiOm;2025-06-13;Donald Duck;0;0;0;0;0;0;0;0;0;0;0;0;0;0;0;0
ypVnj9leLPqaua9AXiOm;2025-06-13;Daijind;0;10;0;2;0;0;0;0;0;0;0;0;0;0;0;0
ypVnj9leLPqaua9AXiOm;2025-06-13;Heinrich der Löwe;0;2;0;0;0;0;0;0;0;0;0;0;0;0;0;0
ypVnj9leLPqaua9AXiOm;2025-06-13;YurasiK;0;0;0;0;0;0;0;0;0;0;0;0;0;0;0;0
ypVnj9leLPqaua9AXiOm;2025-06-13;Kantrius;0;27;2;6;0;0;0;0;0;0;0;0;0;0;0;0
ypVnj9leLPqaua9AXiOm;2025-06-13;Serdriilas;0;0;0;0;0;0;0;0;0;0;0;0;0;0;0;0
ypVnj9leLPqaua9AXiOm;2025-06-13;Kobani;0;0;0;0;0;0;0;0;0;0;0;0;0;0;0;0
ypVnj9leLPqaua9AXiOm;2025-06-13;Miaso;0;0;0;0;0;0;0;0;0;0;0;0;0;0;0;0
ypVnj9leLPqaua9AXiOm;2025-06-13;Lindis;0;4;2;0;0;4;0;0;0;0;0;0;0;0;0;0
ypVnj9leLPqaua9AXiOm;2025-06-13;Vakums;0;0;0;0;0;0;0;0;0;0;0;0;0;0;0;0
ypVnj9leLPqaua9AXiOm;2025-06-13;Traiano;0;0;0;0;0;0;0;0;0;0;0;0;0;0;0;0
ypVnj9leLPqaua9AXiOm;2025-06-13;koi;0;6;0;0;0;0;0;0;0;0;0;0;0;0;0;0
ypVnj9leLPqaua9AXiOm;2025-06-13;Jannoz;0;10;4;65;0;2;0;0;0;0;0;0;0;0;0;0
ypVnj9leLPqaua9AXiOm;2025-06-13;NikolajDNK;0;0;0;0;0;0;0;0;0;0;0;0;0;0;0;0
ypVnj9leLPqaua9AXiOm;2025-06-13;Mikoikt;0;14;2;0;0;0;0;0;0;0;0;0;0;0;0;0
ypVnj9leLPqaua9AXiOm;2025-06-13;Buck Man;0;6;2;0;0;18;0;0;0;0;0;0;0;0;0;0
ypVnj9leLPqaua9AXiOm;2025-06-13;Mary Pili;0;0;0;0;0;0;0;0;0;0;0;0;0;0;0;0
ypVnj9leLPqaua9AXiOm;2025-06-13;shining pearl;0;84;9;0;0;0;0;0;0;0;0;0;0;0;0;0
ypVnj9leLPqaua9AXiOm;2025-06-13;Shahanna;0;0;0;0;0;0;0;0;0;0;0;0;0;0;0;0
ypVnj9leLPqaua9AXiOm;2025-06-13;Roland;0;0;0;0;0;0;0;0;0;0;0;0;0;0;0;0
ypVnj9leLPqaua9AXiOm;2025-06-13;DerVerstindnisvolle;0;0;0;0;0;0;0;0;0;0;0;0;0;0;0;0
ypVnj9leLPqaua9AXiOm;2025-06-13;Brodyaga;0;3;0;0;0;0;0;0;0;0;0;0;0;0;0;0
ypVnj9leLPqaua9AXiOm;2025-06-13;Nightfang;0;0;0;0;0;0;0;3;0;0;0;0;0;0;0;0
ypVnj9leLPqaua9AXiOm;2025-06-13;Rifur;0;0;0;0;0;0;0;0;0;0;0;0;0;0;0;0
ypVnj9leLPqaua9AXiOm;2025-06-13;Rover;0;4;4;2;0;10;0;0;0;0;0;0;0;0;0;0
ypVnj9leLPqaua9AXiOm;2025-06-13;Lanmoin der kleine;0;0;0;0;0;0;0;0;0;0;0;0;0;0;0;0
ypVnj9leLPqaua9AXiOm;2025-06-13;Bluebird;0;0;0;0;0;0;0;0;0;0;0;0;0;0;0;0
ypVnj9leLPqaua9AXiOm;2025-06-13;Miss Pelace;0;15;2;13;0;1;0;3;0;0;0;0;0;0;0;0
ypVnj9leLPqaua9AXiOm;2025-06-13;Friedoline;0;10;0;2;0;0;0;0;0;0;0;0;0;0;0;0
ypVnj9leLPqaua9AXiOm;2025-06-13;Tigra;2;22;14;0;0;0;0;0;0;0;0;0;0;0;0;0
ypVnj9leLPqaua9AXiOm;2025-06-13;Hexe KauKau;0;0;0;0;0;0;0;0;0;0;0;0;0;0;0;0
ypVnj9leLPqaua9AXiOm;2025-06-13;Lanmoin der 3te;0;0;0;0;0;0;0;0;0;0;0;0;0;0;0;0
ypVnj9leLPqaua9AXiOm;2025-06-13;Gardashura;0;4;0;2;0;0;0;0;0;0;0;0;0;0;0;0
ypVnj9leLPqaua9AXiOm;2025-06-13;Fray;0;0;0;0;0;0;0;0;0;0;0;0;0;0;0;0
ypVnj9leLPqaua9AXiOm;2025-06-13;Forondod;0;0;0;0;0;0;0;0;0;0;0;0;0;0;0;0
ypVnj9leLPqaua9AXiOm;2025-06-13;El Mosca;0;0;0;0;0;0;0;0;0;0;0;0;0;0;0;0
ypVnj9leLPqaua9AXiOm;2025-06-13;Ivanhoe;0;0;0;0;0;0;0;0;0;0;0;0;0;0;0;0
ypVnj9leLPqaua9AXiOm;2025-06-13;Gustav Gans;0;0;0;0;0;0;0;0;0;0;0;0;0;0;0;0
ypVnj9leLPqaua9AXiOm;2025-06-13;KlaxxoN;0;0;0;0;0;0;0;0;0;0;0;0;0;0;0;0
ypVnj9leLPqaua9AXiOm;2025-06-13;White Los;0;0;0;0;0;0;0;0;0;0;0;0;0;0;0;0
ypVnj9leLPqaua9AXiOm;2025-06-13;PizzaOnkel II;0;0;0;0;0;0;0;0;0;0;0;0;0;0;0;0
ypVnj9leLPqaua9AXiOm;2025-06-13;kingchris;0;6;0;0;0;0;0;0;0;0;0;0;0;0;0;0
ypVnj9leLPqaua9AXiOm;2025-06-13;Perros;0;0;0;0;0;0;0;0;0;0;0;0;0;0;0;0
ypVnj9leLPqaua9AXiOm;2025-06-13;Zuzilkree;0;10;2;0;0;0;0;0;0;0;0;0;0;0;0;0
ypVnj9leLPqaua9AXiOm;2025-06-13;Tehn;0;2;0;0;0;0;0;0;0;0;0;0;0;0;0;0
ypVnj9leLPqaua9AXiOm;2025-06-13;Upasara Wulung;0;0;0;0;0;0;0;0;0;0;0;0;0;0;0;0
ypVnj9leLPqaua9AXiOm;2025-06-13;Z6pancadaria;0;0;0;0;0;0;0;0;0;0;0;0;0;0;0;0
ypVnj9leLPqaua9AXiOm;2025-06-13;Barsian;0;0;0;0;0;0;0;0;0;0;0;0;0;0;0;0
ypVnj9leLPqaua9AXiOm;2025-06-13;Germanol;0;0;0;0;0;0;0;0;0;0;0;0;0;0;0;0
ypVnj9leLPqaua9AXiOm;2025-06-13;Elgi;0;6;0;4;0;0;0;0;0;0;0;0;0;0;0;0
ypVnj9leLPqaua9AXiOm;2025-06-13;Adoran;0;6;0;2;0;0;0;0;0;0;0;0;0;0;0;0
ypVnj9leLPqaua9AXiOm;2025-06-13;Petrov val;0;11;0;2;0;0;0;0;0;0;0;0;0;0;0;0
ypVnj9leLPqaua9AXiOm;2025-06-13;Angelina 2;0;2;4;0;0;0;0;0;0;0;0;0;0;0;0;0
ypVnj9leLPqaua9AXiOm;2025-06-13;Romazan;0;2;0;0;0;0;0;0;0;0;0;0;0;0;0;0
ypVnj9leLPqaua9AXiOm;2025-06-13;LosBoLos;0;0;0;0;0;0;0;0;0;0;0;0;0;0;0;0
ypVnj9leLPqaua9AXiOm;2025-06-13;BlueBird;0;0;0;0;0;0;0;0;0;0;0;0;0;0;0;0
ypVnj9leLPqaua9AXiOm;2025-06-13;TrAlAnO 2;0;0;0;0;0;0;0;0;0;0;0;0;0;0;0;0
ypVnj9leLPqaua9AXiOm;2025-06-13;Eragon;0;0;0;0;0;0;0;0;0;0;0;0;0;0;0;0
ypVnj9leLPqaua9AXiOm;2025-06-13;SBzBy Il;0;0;0;0;0;0;0;0;0;0;0;0;0;0;0;0
ypVnj9leLPqaua9AXiOm;2025-06-13;Monkey De Luffy;0;0;0;0;0;0;0;0;0;0;0;0;0;0;0;0
ypVnj9leLPqaua9AXiOm;2025-06-13;Cerberus;0;0;0;0;0;0;0;0;0;0;0;0;0;0;0;0
ypVnj9leLPqaua9AXiOm;2025-06-13;Lord Rahl;0;0;0;0;0;0;0;0;0;0;0;0;0;0;0;0
ypVnj9leLPqaua9AXiOm;2025-06-13;WildMG;0;14;0;0;0;0;0;0;0;0;0;0;0;0;0;0
ypVnj9leLPqaua9AXiOm;2025-06-13;T-34;0;0;0;0;0;0;0;0;0;0;0;0;0;0;0;0
ypVnj9leLPqaua9AXiOm;2025-06-13;PizzaOnkel IV;0;0;0;0;0;0;0;0;0;0;0;0;0;0;0;0
ypVnj9leLPqaua9AXiOm;2025-06-13;Miki;0;0;0;0;0;0;0;0;0;0;0;0;0;0;0;0
ypVnj9leLPqaua9AXiOm;2025-06-13;Fendis;0;11;0;0;0;0;0;0;0;0;0;0;0;0;0;0
ypVnj9leLPqaua9AXiOm;2025-06-13;Eiskönigin;0;0;0;0;0;0;0;0;0;0;0;0;0;0;0;0
ypVnj9leLPqaua9AXiOm;2025-06-13;Lassus;0;0;0;0;0;0;0;0;0;0;0;0;0;0;0;0
ypVnj9leLPqaua9AXiOm;2025-06-13;MELISA;0;0;0;0;0;0;0;0;0;0;0;0;0;0;0;0
ypVnj9leLPqaua9AXiOm;2025-06-13;Rein;0;0;0;0;0;0;0;0;0;0;0;0;0;0;0;0
ypVnj9leLPqaua9AXiOm;2025-06-13;Jackal;0;4;0;0;0;0;0;0;0;0;0;0;0;0;0;0
ypVnj9leLPqaua9AXiOm;2025-06-13;kuromi;0;0;2;6;0;0;0;0;0;0;0;0;0;0;0;0
ypVnj9leLPqaua9AXiOm;2025-06-13;Rainblade;0;15;0;0;0;0;0;0;0;0;0;0;0;0;0;0
ypVnj9leLPqaua9AXiOm;2025-06-13;Harko;0;0;0;0;0;0;0;0;0;0;0;0;0;0;0;0
ypVnj9leLPqaua9AXiOm;2025-06-13;Railkayilas;0;4;8;2;0;2;0;0;0;0;0;0;0;0;0;0
ypVnj9leLPqaua9AXiOm;2025-06-13;Kupriyanych;0;0;0;0;0;0;0;0;0;0;0;0;0;0;0;0
ypVnj9leLPqaua9AXiOm;2025-06-13;Frostterror;0;0;0;0;0;0;0;0;0;0;0;0;0;0;0;0
7IzhLWKQbe5aLGu3aGSJ;2025-06-17;El Mosca;0;0;0;0;0;0;0;0;0;0;0;0;0;0;0;0
7IzhLWKQbe5aLGu3aGSJ;2025-06-17;MELISA;0;3;1;0;0;7;0;0;0;0;0;0;0;0;0;0
7IzhLWKQbe5aLGu3aGSJ;2025-06-17;KlaxxoN;0;0;0;0;0;1;0;0;0;0;0;0;0;0;0;0
7IzhLWKQbe5aLGu3aGSJ;2025-06-17;Rainblade;0;5;0;0;0;0;0;0;0;0;0;0;0;0;0;0
7IzhLWKQbe5aLGu3aGSJ;2025-06-17;Fray;1;6;0;0;0;0;0;0;0;0;0;0;0;0;0;0
7IzhLWKQbe5aLGu3aGSJ;2025-06-17;Buck Man;0;11;3;0;0;9;1;0;0;0;1;0;0;0;0;0
7IzhLWKQbe5aLGu3aGSJ;2025-06-17;Traiano;0;0;0;0;0;0;0;0;0;0;0;0;0;0;0;0
7IzhLWKQbe5aLGu3aGSJ;2025-06-17;Vakums;0;6;0;0;0;0;0;3;0;0;4;0;0;0;0;0
7IzhLWKQbe5aLGu3aGSJ;2025-06-17;Miaso;0;0;0;0;0;0;0;0;0;0;0;0;0;0;0;0
7IzhLWKQbe5aLGu3aGSJ;2025-06-17;White Los;0;0;0;0;0;0;0;0;0;0;0;0;0;0;0;0
7IzhLWKQbe5aLGu3aGSJ;2025-06-17;Lindis;0;0;0;0;0;0;0;0;0;0;0;0;0;0;0;0
7IzhLWKQbe5aLGu3aGSJ;2025-06-17;shining pearl;0;0;0;0;0;0;0;0;0;0;0;0;0;0;0;0
7IzhLWKQbe5aLGu3aGSJ;2025-06-17;YurasiK;0;0;0;0;0;0;0;0;0;0;0;0;0;0;0;0
7IzhLWKQbe5aLGu3aGSJ;2025-06-17;T-34;0;3;0;0;0;0;0;0;0;0;0;0;0;0;0;0
7IzhLWKQbe5aLGu3aGSJ;2025-06-17;Kantrius;1;13;2;0;0;0;0;0;0;0;0;0;0;0;0;0
7IzhLWKQbe5aLGu3aGSJ;2025-06-17;Hexe Kaukau;0;0;0;0;0;0;0;0;0;0;0;0;0;0;0;0
7IzhLWKQbe5aLGu3aGSJ;2025-06-17;Kupriyanych;0;0;0;0;0;0;0;0;0;0;0;0;0;0;0;0
7IzhLWKQbe5aLGu3aGSJ;2025-06-17;T-34;0;3;0;0;0;0;0;0;0;0;0;0;0;0;0;0
7IzhLWKQbe5aLGu3aGSJ;2025-06-17;Rover;0;3;0;0;0;1;0;0;0;0;0;0;0;0;0;0
7IzhLWKQbe5aLGu3aGSJ;2025-06-17;White Los;0;0;0;0;0;0;0;0;0;0;0;0;0;0;0;0
7IzhLWKQbe5aLGu3aGSJ;2025-06-17;Jackal;0;6;0;0;0;0;0;0;0;0;0;0;0;0;0;0
7IzhLWKQbe5aLGu3aGSJ;2025-06-17;Monkey De Luffy;0;0;0;0;0;0;0;0;0;0;0;0;0;0;0;0
7IzhLWKQbe5aLGu3aGSJ;2025-06-17;Railkayilas;0;0;0;0;0;0;0;0;0;0;0;0;0;0;0;0
7IzhLWKQbe5aLGu3aGSJ;2025-06-17;LosBoLos;0;0;0;0;0;0;0;0;0;0;0;0;0;0;0;0
7IzhLWKQbe5aLGu3aGSJ;2025-06-17;Lanmoin der 3te;0;3;0;0;0;0;0;0;0;0;4;0;0;0;0;0
7IzhLWKQbe5aLGu3aGSJ;2025-06-17;Gardashura;0;2;0;0;0;0;0;0;0;0;0;0;0;0;0;0
7IzhLWKQbe5aLGu3aGSJ;2025-06-17;Monkey De Luffy;0;0;0;0;0;0;0;0;0;0;0;0;0;0;0;0
7IzhLWKQbe5aLGu3aGSJ;2025-06-17;Lanmoin der Kleine;0;3;0;0;0;0;0;0;0;0;0;0;0;0;0;0
7IzhLWKQbe5aLGu3aGSJ;2025-06-17;koi;0;4;0;0;0;1;0;0;0;0;0;0;0;0;0;0
7IzhLWKQbe5aLGu3aGSJ;2025-06-17;Angelina 2;0;3;0;0;0;0;0;0;0;0;6;0;0;0;0;0
7IzhLWKQbe5aLGu3aGSJ;2025-06-17;MELISA;0;3;1;0;0;7;0;0;0;0;0;0;0;0;0;0
7IzhLWKQbe5aLGu3aGSJ;2025-06-17;kuromi;0;0;0;0;0;0;0;0;0;0;0;0;0;0;0;0
7IzhLWKQbe5aLGu3aGSJ;2025-06-17;Railkayilas;0;0;0;0;0;0;0;0;0;0;0;0;0;0;0;0
7IzhLWKQbe5aLGu3aGSJ;2025-06-17;Rein;0;3;0;0;0;19;0;0;0;0;2;0;0;0;0;0
7IzhLWKQbe5aLGu3aGSJ;2025-06-17;Jannoz;0;3;0;0;0;0;0;3;0;0;0;0;0;0;0;0
7IzhLWKQbe5aLGu3aGSJ;2025-06-17;Miss Pelace;0;3;0;0;0;0;0;0;0;0;0;0;0;0;0;0
7IzhLWKQbe5aLGu3aGSJ;2025-06-17;PizzaOnkel II;0;0;0;0;0;0;0;0;0;0;0;0;0;0;0;0
7IzhLWKQbe5aLGu3aGSJ;2025-06-17;Petrov val;0;4;1;1;0;0;0;0;0;0;0;0;0;0;0;0
7IzhLWKQbe5aLGu3aGSJ;2025-06-17;Tehn;0;1;0;0;0;0;0;0;0;0;0;0;0;0;0;0
7IzhLWKQbe5aLGu3aGSJ;2025-06-17;Lindis;0;0;0;0;0;0;0;0;0;0;0;0;0;0;0;0
7IzhLWKQbe5aLGu3aGSJ;2025-06-17;MIkl;0;0;0;0;0;0;0;0;0;0;0;0;0;0;0;0
7IzhLWKQbe5aLGu3aGSJ;2025-06-17;Miss Pelace;0;3;0;0;0;0;0;0;0;0;0;0;0;0;0;0
7IzhLWKQbe5aLGu3aGSJ;2025-06-17;Gocha;0;0;0;0;0;0;0;0;0;0;0;0;0;0;0;0
7IzhLWKQbe5aLGu3aGSJ;2025-06-17;LosBoLos;0;0;0;0;0;0;0;0;0;0;0;0;0;0;0;0
7IzhLWKQbe5aLGu3aGSJ;2025-06-17;Kupriyanych;0;0;0;0;0;0;0;0;0;0;0;0;0;0;0;0
7IzhLWKQbe5aLGu3aGSJ;2025-06-17;Traiano;0;0;0;0;0;0;0;0;0;0;0;0;0;0;0;0
7IzhLWKQbe5aLGu3aGSJ;2025-06-17;Heinrich der Löwe;0;2;0;0;0;0;0;0;0;0;0;0;0;0;0;0
7IzhLWKQbe5aLGu3aGSJ;2025-06-17;Lord Rahl;0;0;0;0;0;0;0;0;0;0;0;0;0;0;0;0
7IzhLWKQbe5aLGu3aGSJ;2025-06-17;Cerberus;0;1;0;0;0;0;0;0;0;0;0;0;0;0;0;0
7IzhLWKQbe5aLGu3aGSJ;2025-06-17;Kobani;0;0;0;2;0;0;0;0;0;0;0;0;0;0;0;0
7IzhLWKQbe5aLGu3aGSJ;2025-06-17;Rainblade;0;5;0;0;0;0;0;0;0;0;0;0;0;0;0;0
7IzhLWKQbe5aLGu3aGSJ;2025-06-17;Cerberus;0;1;0;0;0;0;0;0;0;0;0;0;0;0;0;0
7IzhLWKQbe5aLGu3aGSJ;2025-06-17;Hulsa;0;5;0;0;0;0;0;0;0;0;0;0;0;0;0;0
7IzhLWKQbe5aLGu3aGSJ;2025-06-17;Forondod;0;6;1;0;0;1;0;0;0;0;0;0;0;0;0;0
7IzhLWKQbe5aLGu3aGSJ;2025-06-17;Mikoikt;0;1;0;0;0;1;0;0;0;0;0;0;0;0;0;0
7IzhLWKQbe5aLGu3aGSJ;2025-06-17;TrAiAnO 2;0;1;0;0;0;0;0;0;0;0;0;0;0;0;0;0
7IzhLWKQbe5aLGu3aGSJ;2025-06-17;WildMG;0;3;2;2;0;1;0;0;0;0;1;0;0;0;0;0
7IzhLWKQbe5aLGu3aGSJ;2025-06-17;Gustav Gans;0;0;0;0;0;0;0;0;0;0;0;0;0;0;0;0
7IzhLWKQbe5aLGu3aGSJ;2025-06-17;Hexe Kaukau;0;0;0;0;0;0;0;0;0;0;0;0;0;0;0;0
7IzhLWKQbe5aLGu3aGSJ;2025-06-17;Miaso;0;0;0;0;0;0;0;0;0;0;0;0;0;0;0;0
7IzhLWKQbe5aLGu3aGSJ;2025-06-17;NikolajDNK;0;0;0;0;0;0;0;0;0;0;0;0;0;0;0;0
7IzhLWKQbe5aLGu3aGSJ;2025-06-17;Nightwulf;0;0;0;0;0;0;0;0;0;0;0;0;0;0;0;0
7IzhLWKQbe5aLGu3aGSJ;2025-06-17;Upasara Wulung;0;0;0;0;0;0;0;0;0;0;0;0;0;0;0;0
7IzhLWKQbe5aLGu3aGSJ;2025-06-17;Bluebird;0;0;0;0;0;0;0;0;0;0;0;0;0;0;0;0
7IzhLWKQbe5aLGu3aGSJ;2025-06-17;Nightfang;0;3;0;0;0;0;0;6;0;0;1;0;0;0;0;0
7IzhLWKQbe5aLGu3aGSJ;2025-06-17;TrAiAnO 2;0;1;0;0;0;0;0;0;0;0;0;0;0;0;0;0
7IzhLWKQbe5aLGu3aGSJ;2025-06-17;Elgi;0;0;0;0;0;0;0;0;0;0;0;0;0;0;0;0
7IzhLWKQbe5aLGu3aGSJ;2025-06-17;Ivanhoe;1;3;0;1;0;0;0;0;0;0;3;0;0;0;0;0
7IzhLWKQbe5aLGu3aGSJ;2025-06-17;Eragon;0;4;0;0;0;0;0;3;0;0;0;0;0;0;0;0
7IzhLWKQbe5aLGu3aGSJ;2025-06-17;Adoran;0;3;1;0;0;0;0;0;0;0;0;0;0;0;0;0
7IzhLWKQbe5aLGu3aGSJ;2025-06-17;Eragon;0;4;0;0;0;0;0;3;0;0;0;0;0;0;0;0
7IzhLWKQbe5aLGu3aGSJ;2025-06-17;kingchris;0;0;0;0;0;0;0;0;0;0;0;0;0;0;0;0
7IzhLWKQbe5aLGu3aGSJ;2025-06-17;Daijind;0;0;0;0;0;0;0;0;0;0;0;0;0;0;0;0
7IzhLWKQbe5aLGu3aGSJ;2025-06-17;kuromi;0;0;0;0;0;0;0;0;0;0;0;0;0;0;0;0
7IzhLWKQbe5aLGu3aGSJ;2025-06-17;Alpha Logburg;0;0;0;0;0;0;0;0;0;0;0;0;0;0;0;0
7IzhLWKQbe5aLGu3aGSJ;2025-06-17;Adoran;0;3;1;0;0;0;0;0;0;0;0;0;0;0;0;0
7IzhLWKQbe5aLGu3aGSJ;2025-06-17;Barsian;0;0;0;0;0;0;0;0;0;0;0;0;0;0;0;0
7IzhLWKQbe5aLGu3aGSJ;2025-06-17;Eiskönigin;0;0;0;0;0;0;0;0;0;0;0;0;0;0;0;0
7IzhLWKQbe5aLGu3aGSJ;2025-06-17;Elsa;1;3;0;0;0;0;0;0;0;0;0;0;0;0;0;0
7IzhLWKQbe5aLGu3aGSJ;2025-06-17;Frostterror;0;3;0;1;0;0;0;0;0;0;0;0;0;0;0;0
7IzhLWKQbe5aLGu3aGSJ;2025-06-17;PizzaOnkel IV;0;0;0;0;0;0;0;0;0;0;0;0;0;0;0;0
7IzhLWKQbe5aLGu3aGSJ;2025-06-17;Donald Duck;0;0;0;0;0;0;0;0;0;0;0;0;0;0;0;0
7IzhLWKQbe5aLGu3aGSJ;2025-06-17;Roland;0;16;2;11;0;5;0;0;0;0;0;0;0;0;0;0
7IzhLWKQbe5aLGu3aGSJ;2025-06-17;Angelina 2;0;3;0;0;0;0;0;0;0;0;6;0;0;0;0;0
7IzhLWKQbe5aLGu3aGSJ;2025-06-17;MIkl;0;0;0;0;0;0;0;0;0;0;0;0;0;0;0;0
7IzhLWKQbe5aLGu3aGSJ;2025-06-17;Daijind;0;0;0;0;0;0;0;0;0;0;0;0;0;0;0;0
7IzhLWKQbe5aLGu3aGSJ;2025-06-17;Lassus;0;7;0;0;0;16;0;0;0;0;0;0;0;0;0;0
7IzhLWKQbe5aLGu3aGSJ;2025-06-17;PizzaOnkel II;0;0;0;0;0;0;0;0;0;0;0;0;0;0;0;0
7IzhLWKQbe5aLGu3aGSJ;2025-06-17;Nightwulf;0;0;0;0;0;0;0;0;0;0;0;0;0;0;0;0
7IzhLWKQbe5aLGu3aGSJ;2025-06-17;shining pearl;0;0;0;0;0;0;0;0;0;0;0;0;0;0;0;0
7IzhLWKQbe5aLGu3aGSJ;2025-06-17;Rifur;0;3;1;0;0;0;0;0;0;0;0;0;0;0;0;0
7IzhLWKQbe5aLGu3aGSJ;2025-06-17;Mary Pili;0;0;0;0;0;0;0;0;0;0;0;0;0;0;0;0
7IzhLWKQbe5aLGu3aGSJ;2025-06-17;kingchris;0;0;0;0;0;0;0;0;0;0;0;0;0;0;0;0
7IzhLWKQbe5aLGu3aGSJ;2025-06-17;Fendis;0;8;0;0;0;0;0;0;0;0;0;0;0;0;0;0
7IzhLWKQbe5aLGu3aGSJ;2025-06-17;Lord Rahl;0;0;0;0;0;0;0;0;0;0;0;0;0;0;0;0
7IzhLWKQbe5aLGu3aGSJ;2025-06-17;Forondod;0;6;1;0;0;1;0;0;0;0;0;0;0;0;0;0
7IzhLWKQbe5aLGu3aGSJ;2025-06-17;Gocha;0;0;0;0;0;0;0;0;0;0;0;0;0;0;0;0
7IzhLWKQbe5aLGu3aGSJ;2025-06-17;Gardashura;0;2;0;0;0;0;0;0;0;0;0;0;0;0;0;0
7IzhLWKQbe5aLGu3aGSJ;2025-06-17;Jannoz;0;3;0;0;0;0;0;3;0;0;0;0;0;0;0;0
7IzhLWKQbe5aLGu3aGSJ;2025-06-17;Lassus;0;7;0;0;0;16;0;0;0;0;0;0;0;0;0;0
7IzhLWKQbe5aLGu3aGSJ;2025-06-17;Kantrius;1;13;2;0;0;0;0;0;0;0;0;0;0;0;0;0
7IzhLWKQbe5aLGu3aGSJ;2025-06-17;Perros;0;21;0;0;0;15;0;0;0;0;0;0;0;0;0;0
7IzhLWKQbe5aLGu3aGSJ;2025-06-17;KlaxxoN;0;0;0;0;0;1;0;0;0;0;0;0;0;0;0;0
7IzhLWKQbe5aLGu3aGSJ;2025-06-17;Lanmoin der Kleine;0;3;0;0;0;0;0;0;0;0;0;0;0;0;0;0
7IzhLWKQbe5aLGu3aGSJ;2025-06-17;Friedoline;0;0;0;0;0;0;0;0;0;0;0;0;0;0;0;0
7IzhLWKQbe5aLGu3aGSJ;2025-06-17;Elgi;0;0;0;0;0;0;0;0;0;0;0;0;0;0;0;0
7IzhLWKQbe5aLGu3aGSJ;2025-06-17;Upasara Wulung;0;0;0;0;0;0;0;0;0;0;0;0;0;0;0;0
7IzhLWKQbe5aLGu3aGSJ;2025-06-17;Brodyaga;0;4;2;0;0;0;0;0;0;0;0;0;0;0;0;0
7IzhLWKQbe5aLGu3aGSJ;2025-06-17;Zuzilkree;0;6;2;1;0;0;0;0;0;0;0;0;0;0;0;0
7IzhLWKQbe5aLGu3aGSJ;2025-06-17;Tehn;0;1;0;0;0;0;0;0;0;0;0;0;0;0;0;0
7IzhLWKQbe5aLGu3aGSJ;2025-06-17;Rein;0;3;0;0;0;19;0;0;0;0;2;0;0;0;0;0
7IzhLWKQbe5aLGu3aGSJ;2025-06-17;Hulsa;0;5;0;0;0;0;0;0;0;0;0;0;0;0;0;0
7IzhLWKQbe5aLGu3aGSJ;2025-06-17;Fray;1;6;0;0;0;0;0;0;0;0;0;0;0;0;0;0
7IzhLWKQbe5aLGu3aGSJ;2025-06-17;PizzaOnkel IV;0;0;0;0;0;0;0;0;0;0;0;0;0;0;0;0
7IzhLWKQbe5aLGu3aGSJ;2025-06-17;Serdriilas;0;7;0;1;0;0;0;0;0;0;4;0;0;0;0;0
7IzhLWKQbe5aLGu3aGSJ;2025-06-17;Petrov val;0;4;1;1;0;0;0;0;0;0;0;0;0;0;0;0
7IzhLWKQbe5aLGu3aGSJ;2025-06-17;Alpha Logburg;0;0;0;0;0;0;0;0;0;0;0;0;0;0;0;0
7IzhLWKQbe5aLGu3aGSJ;2025-06-17;Barsian;0;0;0;0;0;0;0;0;0;0;0;0;0;0;0;0
7IzhLWKQbe5aLGu3aGSJ;2025-06-17;Buck Man;0;11;3;0;0;9;1;0;0;0;1;0;0;0;0;0
7IzhLWKQbe5aLGu3aGSJ;2025-06-17;Mary Pili;0;0;0;0;0;0;0;0;0;0;0;0;0;0;0;0
7IzhLWKQbe5aLGu3aGSJ;2025-06-17;Zuzilkree;0;6;2;1;0;0;0;0;0;0;0;0;0;0;0;0
7IzhLWKQbe5aLGu3aGSJ;2025-06-17;DerVerständnisvolle;0;1;1;0;0;0;0;0;0;0;0;0;0;0;0;0
7IzhLWKQbe5aLGu3aGSJ;2025-06-17;Germano1;0;2;0;0;0;0;0;0;0;0;0;0;0;0;0;0
7IzhLWKQbe5aLGu3aGSJ;2025-06-17;Donald Duck;0;0;0;0;0;0;0;0;0;0;0;0;0;0;0;0
7IzhLWKQbe5aLGu3aGSJ;2025-06-17;Rover;0;3;0;0;0;1;0;0;0;0;0;0;0;0;0;0
7IzhLWKQbe5aLGu3aGSJ;2025-06-17;Gustav Gans;0;0;0;0;0;0;0;0;0;0;0;0;0;0;0;0
7IzhLWKQbe5aLGu3aGSJ;2025-06-17;Lanmoin der 3te;0;3;0;0;0;0;0;0;0;0;4;0;0;0;0;0
7IzhLWKQbe5aLGu3aGSJ;2025-06-17;Jackal;0;6;0;0;0;0;0;0;0;0;0;0;0;0;0;0
7IzhLWKQbe5aLGu3aGSJ;2025-06-17;WildMG;0;3;2;2;0;1;0;0;0;0;1;0;0;0;0;0
7IzhLWKQbe5aLGu3aGSJ;2025-06-17;Rifur;0;3;1;0;0;0;0;0;0;0;0;0;0;0;0;0
7IzhLWKQbe5aLGu3aGSJ;2025-06-17;Eiskönigin;0;0;0;0;0;0;0;0;0;0;0;0;0;0;0;0
7IzhLWKQbe5aLGu3aGSJ;2025-06-17;Romazan;0;6;2;0;0;0;0;0;0;0;0;0;0;0;0;0
7IzhLWKQbe5aLGu3aGSJ;2025-06-17;Frostterror;0;3;0;1;0;0;0;0;0;0;0;0;0;0;0;0
7IzhLWKQbe5aLGu3aGSJ;2025-06-17;DerVerständnisvolle;0;1;1;0;0;0;0;0;0;0;0;0;0;0;0;0
7IzhLWKQbe5aLGu3aGSJ;2025-06-17;Brodyaga;0;4;2;0;0;0;0;0;0;0;0;0;0;0;0;0
7IzhLWKQbe5aLGu3aGSJ;2025-06-17;YurasiK;0;0;0;0;0;0;0;0;0;0;0;0;0;0;0;0
7IzhLWKQbe5aLGu3aGSJ;2025-06-17;Nightfang;0;3;0;0;0;0;0;6;0;0;1;0;0;0;0;0
7IzhLWKQbe5aLGu3aGSJ;2025-06-17;Mikoikt;0;1;0;0;0;1;0;0;0;0;0;0;0;0;0;0
7IzhLWKQbe5aLGu3aGSJ;2025-06-17;Perros;0;21;0;0;0;15;0;0;0;0;0;0;0;0;0;0
7IzhLWKQbe5aLGu3aGSJ;2025-06-17;NikolajDNK;0;0;0;0;0;0;0;0;0;0;0;0;0;0;0;0
7IzhLWKQbe5aLGu3aGSJ;2025-06-17;Vakums;0;6;0;0;0;0;0;3;0;0;4;0;0;0;0;0
7IzhLWKQbe5aLGu3aGSJ;2025-06-17;Shahanna;0;0;0;0;0;0;0;0;0;0;0;0;0;0;0;0
7IzhLWKQbe5aLGu3aGSJ;2025-06-17;SBzBy II;1;3;0;0;0;0;0;10;0;0;0;0;0;0;0;0
7IzhLWKQbe5aLGu3aGSJ;2025-06-17;Ivanhoe;1;3;0;1;0;0;0;0;0;0;3;0;0;0;0;0
7IzhLWKQbe5aLGu3aGSJ;2025-06-17;Friedoline;0;0;0;0;0;0;0;0;0;0;0;0;0;0;0;0
7IzhLWKQbe5aLGu3aGSJ;2025-06-17;Serdriilas;0;7;0;1;0;0;0;0;0;0;4;0;0;0;0;0
7IzhLWKQbe5aLGu3aGSJ;2025-06-17;Shahanna;0;0;0;0;0;0;0;0;0;0;0;0;0;0;0;0
7IzhLWKQbe5aLGu3aGSJ;2025-06-17;Romazan;0;6;2;0;0;0;0;0;0;0;0;0;0;0;0;0
7IzhLWKQbe5aLGu3aGSJ;2025-06-17;Roland;0;16;2;11;0;5;0;0;0;0;0;0;0;0;0;0
7IzhLWKQbe5aLGu3aGSJ;2025-06-17;Elsa;1;3;0;0;0;0;0;0;0;0;0;0;0;0;0;0
7IzhLWKQbe5aLGu3aGSJ;2025-06-17;Tigra;0;18;4;11;0;35;0;0;0;0;0;0;0;0;0;0
7IzhLWKQbe5aLGu3aGSJ;2025-06-17;Bluebird;0;0;0;0;0;0;0;0;0;0;0;0;0;0;0;0
7IzhLWKQbe5aLGu3aGSJ;2025-06-17;Fendis;0;8;0;0;0;0;0;0;0;0;0;0;0;0;0;0
7IzhLWKQbe5aLGu3aGSJ;2025-06-17;El Mosca;0;0;0;0;0;0;0;0;0;0;0;0;0;0;0;0
7IzhLWKQbe5aLGu3aGSJ;2025-06-17;Germano1;0;2;0;0;0;0;0;0;0;0;0;0;0;0;0;0
7IzhLWKQbe5aLGu3aGSJ;2025-06-17;Heinrich der Löwe;0;2;0;0;0;0;0;0;0;0;0;0;0;0;0;0
ejrChd9MHCSNvsT0GAZt;2025-05-20;T-34;0;2;0;3;0;0;0;0;0;0;0;0;0;0;0;0
ejrChd9MHCSNvsT0GAZt;2025-05-20;Buck Man;0;6;1;1;0;13;0;0;0;0;0;0;0;0;0;0
ejrChd9MHCSNvsT0GAZt;2025-05-20;Tehn;0;0;0;0;0;0;0;0;0;0;0;0;0;0;0;0
ejrChd9MHCSNvsT0GAZt;2025-05-20;Heinrich der Löwe;0;9;4;6;0;0;0;0;0;0;0;0;0;0;0;0
ejrChd9MHCSNvsT0GAZt;2025-05-20;Lindis;0;1;1;1;0;0;0;0;0;0;0;0;0;0;0;0
ejrChd9MHCSNvsT0GAZt;2025-05-20;WildMG;0;4;4;0;0;0;0;0;0;0;0;0;0;0;0;0
ejrChd9MHCSNvsT0GAZt;2025-05-20;El Mosca;0;0;0;0;0;0;0;0;0;0;0;0;0;0;0;0
ejrChd9MHCSNvsT0GAZt;2025-05-20;ruda bestia;0;0;0;0;0;0;0;0;0;0;0;0;0;0;0;0
ejrChd9MHCSNvsT0GAZt;2025-05-20;steboulet;0;0;0;0;0;0;0;0;0;0;0;0;0;0;0;0
ejrChd9MHCSNvsT0GAZt;2025-05-20;PizzaOnkel IV;0;0;0;0;0;0;0;0;0;0;0;0;0;0;0;0
ejrChd9MHCSNvsT0GAZt;2025-05-20;Miss Pelace;0;0;0;0;0;0;0;0;0;0;0;0;0;0;0;0
ejrChd9MHCSNvsT0GAZt;2025-05-20;Lanmoin der Kleine;0;0;0;0;0;0;0;0;0;0;0;0;0;0;0;0
ejrChd9MHCSNvsT0GAZt;2025-05-20;Shahanna;0;5;3;4;0;2;0;0;0;0;0;0;0;0;0;0
ejrChd9MHCSNvsT0GAZt;2025-05-20;Karel;0;3;0;19;0;41;0;0;0;0;0;0;0;0;0;0
ejrChd9MHCSNvsT0GAZt;2025-05-20;kingchris;0;3;0;0;0;0;0;0;0;0;0;0;0;0;0;0
ejrChd9MHCSNvsT0GAZt;2025-05-20;BlueBird;0;0;0;0;0;0;0;0;0;0;0;0;0;0;0;0
ejrChd9MHCSNvsT0GAZt;2025-05-20;09MUSLERA09;0;0;0;0;0;0;0;0;0;0;0;0;0;0;0;0
ejrChd9MHCSNvsT0GAZt;2025-05-20;Fendis;0;13;0;0;0;0;0;0;0;0;0;0;0;0;0;0
ejrChd9MHCSNvsT0GAZt;2025-05-20;Mary Pili;0;0;0;0;0;11;0;0;0;0;0;0;0;0;0;0
ejrChd9MHCSNvsT0GAZt;2025-05-20;Jannoz;0;0;0;0;0;0;0;0;0;0;0;0;0;0;0;0
ejrChd9MHCSNvsT0GAZt;2025-05-20;Elsa;0;0;0;0;0;0;0;0;0;0;0;0;0;0;0;0
ejrChd9MHCSNvsT0GAZt;2025-05-20;Petrov val;0;17;0;0;0;0;0;0;0;0;0;0;0;11;0;0
ejrChd9MHCSNvsT0GAZt;2025-05-20;Eragon;0;17;30;2;0;0;0;0;0;0;0;0;0;0;0;0
ejrChd9MHCSNvsT0GAZt;2025-05-20;YurasiK;0;5;2;0;0;0;0;0;0;0;0;0;0;0;0;0
ejrChd9MHCSNvsT0GAZt;2025-05-20;Lassus;0;3;0;1;0;8;0;0;0;0;0;0;0;0;0;0
ejrChd9MHCSNvsT0GAZt;2025-05-20;NikolajDNK;0;0;0;0;0;0;0;0;0;0;0;0;0;0;0;0
ejrChd9MHCSNvsT0GAZt;2025-05-20;Forondod;0;0;0;0;0;0;0;0;0;0;0;0;0;1;0;0
ejrChd9MHCSNvsT0GAZt;2025-05-20;morgaine;0;19;0;2;0;5;0;0;0;0;0;0;0;0;0;0
ejrChd9MHCSNvsT0GAZt;2025-05-20;Barsian;0;0;0;0;0;0;0;0;0;0;0;0;0;0;0;0
ejrChd9MHCSNvsT0GAZt;2025-05-20;Vakums;0;4;0;0;0;0;0;0;0;0;0;0;0;0;0;0
ejrChd9MHCSNvsT0GAZt;2025-05-20;Smotryaschij;0;0;0;0;0;0;0;0;0;0;0;0;0;0;0;0
ejrChd9MHCSNvsT0GAZt;2025-05-20;Tigra;0;10;2;0;0;4;0;0;0;0;0;0;0;0;0;0
ejrChd9MHCSNvsT0GAZt;2025-05-20;FlockyRocky;0;0;0;0;0;0;0;1;0;0;0;0;0;0;0;0
ejrChd9MHCSNvsT0GAZt;2025-05-20;Kobani;0;0;0;0;0;0;0;0;0;0;0;0;0;0;0;0
ejrChd9MHCSNvsT0GAZt;2025-05-20;Perros;0;20;0;0;0;4;0;0;0;0;0;0;0;0;0;0
ejrChd9MHCSNvsT0GAZt;2025-05-20;Danara;0;1;0;0;0;3;1;0;0;2;0;0;0;0;0;0
ejrChd9MHCSNvsT0GAZt;2025-05-20;Triano;0;0;0;0;0;0;0;0;0;0;0;0;0;0;0;0
ejrChd9MHCSNvsT0GAZt;2025-05-20;TrAiAnO 2;0;0;0;0;0;0;0;0;0;0;0;0;0;0;0;0
ejrChd9MHCSNvsT0GAZt;2025-05-20;Jackal;0;0;0;0;0;0;0;0;0;0;0;0;0;0;0;0
ejrChd9MHCSNvsT0GAZt;2025-05-20;Gardashura;0;0;0;0;0;0;0;0;0;0;0;0;0;1;0;0
ejrChd9MHCSNvsT0GAZt;2025-05-20;Kantrius;0;20;6;2;0;4;0;0;0;0;0;0;0;0;0;0
ejrChd9MHCSNvsT0GAZt;2025-05-20;Zepancadaria;0;7;0;1;0;2;0;0;0;0;0;0;0;0;0;0
ejrChd9MHCSNvsT0GAZt;2025-05-20;A R I S E;0;0;0;0;0;0;0;0;0;0;0;0;0;0;0;0
ejrChd9MHCSNvsT0GAZt;2025-05-20;Eiskönigin;0;0;0;0;0;0;0;0;0;0;0;0;0;0;0;0
ejrChd9MHCSNvsT0GAZt;2025-05-20;Angelina 2;0;76;0;1;0;0;0;0;0;0;0;0;0;0;0;0
ejrChd9MHCSNvsT0GAZt;2025-05-20;Elgi;0;0;0;0;0;0;0;0;0;0;0;0;0;0;0;0
ejrChd9MHCSNvsT0GAZt;2025-05-20;SBzBy II;0;7;0;2;0;0;0;0;0;0;0;0;0;0;0;0
ejrChd9MHCSNvsT0GAZt;2025-05-20;Graf de lya Fer;0;0;0;0;0;0;0;0;0;0;0;0;0;0;0;0
ejrChd9MHCSNvsT0GAZt;2025-05-20;Rein;0;0;0;0;0;15;0;0;0;0;0;0;0;1;0;0
ejrChd9MHCSNvsT0GAZt;2025-05-20;Friedoline;0;0;0;0;0;0;0;0;0;0;0;0;0;0;0;0
ejrChd9MHCSNvsT0GAZt;2025-05-20;MELISA;0;20;2;4;0;0;0;0;0;0;0;0;0;0;0;0
ejrChd9MHCSNvsT0GAZt;2025-05-20;Miaso;0;0;0;0;0;0;0;0;0;0;0;0;0;0;0;0
ejrChd9MHCSNvsT0GAZt;2025-05-20;Ivanhoe;0;3;0;0;0;0;0;0;0;0;0;0;0;0;0;0
ejrChd9MHCSNvsT0GAZt;2025-05-20;DontReviveMe;0;0;0;0;0;0;0;0;0;0;0;0;0;0;0;0
ejrChd9MHCSNvsT0GAZt;2025-05-20;Adoran;0;1;2;0;0;0;0;0;0;0;0;0;0;0;0;0
ejrChd9MHCSNvsT0GAZt;2025-05-20;Lord Rahl;0;0;0;0;0;0;0;0;0;0;0;0;0;0;0;0
ejrChd9MHCSNvsT0GAZt;2025-05-20;Serdriilas;0;14;2;3;0;0;0;0;0;0;0;0;0;0;0;0
ejrChd9MHCSNvsT0GAZt;2025-05-20;Ya kut;0;21;0;0;0;0;0;0;0;0;0;0;0;0;0;0
ejrChd9MHCSNvsT0GAZt;2025-05-20;Rifur;1;3;0;0;0;0;0;0;0;0;0;0;0;0;0;0
ejrChd9MHCSNvsT0GAZt;2025-05-20;koi;0;3;0;0;0;4;0;0;0;0;0;0;0;0;0;0
ejrChd9MHCSNvsT0GAZt;2025-05-20;Mikoikt;0;2;1;0;0;0;0;0;0;0;0;0;0;0;0;0
ejrChd9MHCSNvsT0GAZt;2025-05-20;Lanmoin der 3te;0;0;0;0;0;0;0;0;0;0;0;0;0;0;0;0
ejrChd9MHCSNvsT0GAZt;2025-05-20;MIkl;0;0;0;0;0;0;0;0;0;0;0;0;0;0;0;0
ejrChd9MHCSNvsT0GAZt;2025-05-20;Frostterror;0;16;3;0;0;7;0;0;0;0;0;0;0;0;0;0
ejrChd9MHCSNvsT0GAZt;2025-05-20;Nightfang;0;5;1;0;0;0;0;0;0;0;0;0;0;0;0;0
ejrChd9MHCSNvsT0GAZt;2025-05-20;Kupriyanych;1;4;0;0;0;0;0;0;0;0;0;0;0;0;0;0
ejrChd9MHCSNvsT0GAZt;2025-05-20;Wichtel Fichtel;0;0;0;0;0;0;0;0;0;0;0;0;0;0;0;0
ejrChd9MHCSNvsT0GAZt;2025-05-20;Upasara Wulung;0;0;0;0;0;0;0;0;0;0;0;0;0;0;0;0
ejrChd9MHCSNvsT0GAZt;2025-05-20;Hulsa;0;3;0;0;0;1;0;0;0;0;0;0;0;0;0;0
ejrChd9MHCSNvsT0GAZt;2025-05-20;Drago;0;0;0;0;0;0;0;0;0;0;0;0;0;0;0;0
ejrChd9MHCSNvsT0GAZt;2025-05-20;Moginn;0;18;1;2;0;0;0;0;0;0;0;0;0;0;0;0
ejrChd9MHCSNvsT0GAZt;2025-05-20;Seryoga;0;0;0;0;0;0;0;0;0;0;0;0;0;0;0;0
ejrChd9MHCSNvsT0GAZt;2025-05-20;White Los;0;0;0;0;0;0;0;0;0;0;0;0;0;0;0;0
ejrChd9MHCSNvsT0GAZt;2025-05-20;Zuzilkree;0;1;0;0;0;0;0;0;0;0;0;0;0;0;0;0
ejrChd9MHCSNvsT0GAZt;2025-05-20;KlaxxoN;0;4;1;1;0;0;0;0;0;0;0;0;0;1;0;0
ejrChd9MHCSNvsT0GAZt;2025-05-20;Mazura;4;2;0;0;0;0;0;0;0;0;0;0;0;0;0;0
ejrChd9MHCSNvsT0GAZt;2025-05-20;DerVerständnisvolle;0;0;0;0;0;0;0;0;0;0;0;0;0;0;0;0
ejrChd9MHCSNvsT0GAZt;2025-05-20;Bluebird;0;0;0;0;0;0;0;0;0;0;0;0;0;0;0;0
ejrChd9MHCSNvsT0GAZt;2025-05-20;Gustav Gans;0;0;0;0;0;0;0;0;0;0;0;0;0;0;0;0
ejrChd9MHCSNvsT0GAZt;2025-05-20;Rover;0;6;2;1;0;7;0;0;0;0;0;0;0;0;0;0
ejrChd9MHCSNvsT0GAZt;2025-05-20;steboulet 2;0;0;0;0;0;0;0;0;0;0;0;0;0;0;0;0
ejrChd9MHCSNvsT0GAZt;2025-05-20;Romazan;0;6;0;0;0;0;0;0;0;0;0;0;0;0;0;0
ejrChd9MHCSNvsT0GAZt;2025-05-20;Daijind;0;3;0;0;0;0;0;0;0;0;0;0;0;0;0;0
ejrChd9MHCSNvsT0GAZt;2025-05-20;Cerberus;0;5;1;2;0;0;0;0;0;0;0;0;0;0;0;0
ejrChd9MHCSNvsT0GAZt;2025-05-25;Elsa;0;5;3;1;0;0;0;0;0;0;0;0;0;0;0;0
ejrChd9MHCSNvsT0GAZt;2025-05-25;Mikoikt;1;1;1;0;0;0;0;0;0;0;0;0;0;0;0;0
ejrChd9MHCSNvsT0GAZt;2025-05-25;Danara;0;8;0;0;0;0;0;0;0;0;2;0;0;0;0;0
ejrChd9MHCSNvsT0GAZt;2025-05-25;SBzBy II;0;0;1;0;0;5;0;0;0;0;0;0;0;0;0;0
ejrChd9MHCSNvsT0GAZt;2025-05-25;Jackal;0;2;0;0;0;0;0;0;0;0;0;0;0;0;0;0
ejrChd9MHCSNvsT0GAZt;2025-05-25;Shahanna;0;0;0;0;0;0;0;0;0;0;0;0;0;0;0;0
ejrChd9MHCSNvsT0GAZt;2025-05-25;NikolajDNK;0;1;0;0;0;0;0;0;0;0;0;0;0;0;0;0
ejrChd9MHCSNvsT0GAZt;2025-05-25;09MUSLERA09;0;2;1;0;0;1;0;0;0;0;0;0;0;0;0;0
ejrChd9MHCSNvsT0GAZt;2025-05-25;Graf de lya Fer;0;0;0;0;0;0;0;0;0;0;0;0;0;0;0;0
ejrChd9MHCSNvsT0GAZt;2025-05-25;Forondod;0;3;0;0;0;0;0;0;0;0;0;0;0;0;0;0
ejrChd9MHCSNvsT0GAZt;2025-05-25;Frostterror;0;6;0;1;0;1;0;0;0;0;0;0;0;0;0;0
ejrChd9MHCSNvsT0GAZt;2025-05-25;T-34;0;3;0;341;0;0;0;0;0;0;0;0;0;0;0;0
ejrChd9MHCSNvsT0GAZt;2025-05-25;Lanmoin der Kleine;0;0;0;0;0;0;0;0;0;0;0;0;0;0;0;0
ejrChd9MHCSNvsT0GAZt;2025-05-25;Miss Pelace;0;14;0;2;0;0;0;3;0;0;0;0;0;0;0;0
ejrChd9MHCSNvsT0GAZt;2025-05-25;Heinrich der Löwe;0;12;0;2;0;0;0;0;0;0;0;0;0;0;0;0
ejrChd9MHCSNvsT0GAZt;2025-05-25;Seryoga;0;0;0;0;0;0;0;0;0;0;0;0;0;0;0;0
ejrChd9MHCSNvsT0GAZt;2025-05-25;Fendis;0;5;0;1;0;0;0;0;0;0;0;0;0;0;0;0
ejrChd9MHCSNvsT0GAZt;2025-05-25;Elgi;0;0;0;0;0;0;0;0;0;0;1;0;0;0;0;0
ejrChd9MHCSNvsT0GAZt;2025-05-25;Ya kut;0;6;0;0;0;0;0;0;0;0;0;0;0;0;0;0
ejrChd9MHCSNvsT0GAZt;2025-05-25;morgaine;0;0;0;0;0;0;0;0;0;0;0;0;0;0;0;0
ejrChd9MHCSNvsT0GAZt;2025-05-25;koi;0;8;0;2;0;18;1;0;0;0;3;0;0;0;0;0
ejrChd9MHCSNvsT0GAZt;2025-05-25;Eragon;0;3;0;0;0;0;0;0;0;0;0;0;0;0;0;0
ejrChd9MHCSNvsT0GAZt;2025-05-25;Eiskönigin;0;0;0;0;0;0;0;0;0;0;0;0;0;0;0;0
ejrChd9MHCSNvsT0GAZt;2025-05-25;DontReviveMe;0;0;0;0;0;0;0;0;0;0;0;0;0;0;0;0
ejrChd9MHCSNvsT0GAZt;2025-05-25;Nightfang;0;4;5;1;0;1;0;3;0;0;0;0;0;0;0;0
ejrChd9MHCSNvsT0GAZt;2025-05-25;Vakums;0;0;0;0;0;0;0;3;0;0;0;0;0;0;0;0
ejrChd9MHCSNvsT0GAZt;2025-05-25;Serdriilas;0;9;0;3;0;0;0;0;0;0;2;0;0;0;0;0
ejrChd9MHCSNvsT0GAZt;2025-05-25;Moginn;0;4;0;0;0;0;0;0;0;0;0;0;0;0;0;0
ejrChd9MHCSNvsT0GAZt;2025-05-25;Zepancadaria;0;3;0;2;0;0;0;0;0;0;0;0;0;0;0;0
ejrChd9MHCSNvsT0GAZt;2025-05-25;Gustav Gans;0;2;0;0;0;0;0;0;0;0;0;0;0;0;0;0
ejrChd9MHCSNvsT0GAZt;2025-05-25;KlaxxoN;0;3;0;0;0;0;0;0;0;0;0;0;0;0;0;0
ejrChd9MHCSNvsT0GAZt;2025-05-25;Tehn;1;8;0;2;0;0;0;0;0;0;0;0;0;0;0;0
ejrChd9MHCSNvsT0GAZt;2025-05-25;Friedoline;0;3;0;2;0;1;0;0;0;0;0;0;0;0;0;0
ejrChd9MHCSNvsT0GAZt;2025-05-25;Kupriyanych;0;0;0;0;0;0;0;0;0;0;0;0;0;0;0;0
ejrChd9MHCSNvsT0GAZt;2025-05-25;Miaso;0;3;0;0;0;0;0;0;0;0;3;0;0;0;0;0
ejrChd9MHCSNvsT0GAZt;2025-05-25;Jannoz;0;7;1;3;0;0;0;3;0;0;0;0;0;0;0;0
ejrChd9MHCSNvsT0GAZt;2025-05-25;Karel;0;3;0;1;0;0;0;0;0;0;0;0;0;0;0;0
ejrChd9MHCSNvsT0GAZt;2025-05-25;Mary Pili;0;0;0;0;0;0;0;0;0;0;0;0;0;0;0;0
ejrChd9MHCSNvsT0GAZt;2025-05-25;Wichtel Fichtel;0;0;0;0;0;0;0;0;0;0;0;0;0;0;0;0
ejrChd9MHCSNvsT0GAZt;2025-05-25;PizzaOnkel IV;0;3;0;0;0;0;0;0;0;0;0;0;0;0;0;0
ejrChd9MHCSNvsT0GAZt;2025-05-25;Lanmoin der 3te;0;3;0;0;0;0;0;0;0;0;16;0;0;0;0;0
ejrChd9MHCSNvsT0GAZt;2025-05-25;Kantrius;0;0;0;0;0;0;0;0;0;0;0;0;0;0;0;0
ejrChd9MHCSNvsT0GAZt;2025-05-25;Adoran;0;4;0;0;0;9;0;0;0;0;0;0;0;0;0;0
ejrChd9MHCSNvsT0GAZt;2025-05-25;Mazura;0;0;0;0;0;0;0;0;0;0;0;0;0;0;0;0
ejrChd9MHCSNvsT0GAZt;2025-05-25;White Los;0;2;0;1;0;0;0;0;0;0;0;0;0;0;0;0
ejrChd9MHCSNvsT0GAZt;2025-05-25;TrAiAnO 2;0;0;0;0;0;0;0;0;0;0;0;0;0;0;0;0
ejrChd9MHCSNvsT0GAZt;2025-05-25;Tigra;0;18;9;1;0;0;0;0;0;0;0;0;0;0;0;0
ejrChd9MHCSNvsT0GAZt;2025-05-25;Upasara Wulung;0;0;0;0;0;104;0;0;0;0;0;0;0;0;0;0
ejrChd9MHCSNvsT0GAZt;2025-05-25;MIkl;0;0;0;0;0;0;0;0;0;0;0;0;0;0;0;0
ejrChd9MHCSNvsT0GAZt;2025-05-25;Romazan;0;0;0;0;0;0;0;0;0;0;0;0;0;0;0;0
ejrChd9MHCSNvsT0GAZt;2025-05-25;Triano;0;0;0;0;0;0;0;0;0;0;0;0;0;0;0;0
ejrChd9MHCSNvsT0GAZt;2025-05-25;A R I S E;0;0;0;0;0;0;0;0;0;0;0;0;0;0;0;0
ejrChd9MHCSNvsT0GAZt;2025-05-25;YurasiK;0;12;2;0;0;0;0;0;0;0;0;0;0;0;0;0
ejrChd9MHCSNvsT0GAZt;2025-05-25;El Mosca;0;0;2;1;0;0;0;0;0;0;1;0;0;0;0;0
ejrChd9MHCSNvsT0GAZt;2025-05-25;steboulet 2;0;0;0;0;0;0;0;0;0;0;0;0;0;0;0;0
ejrChd9MHCSNvsT0GAZt;2025-05-25;ruda bestia;0;0;0;0;0;0;0;0;0;0;0;0;0;0;0;0
ejrChd9MHCSNvsT0GAZt;2025-05-25;Buck Man;0;5;5;1;0;4;0;0;0;0;5;0;0;0;0;0
ejrChd9MHCSNvsT0GAZt;2025-05-25;Hulsa;0;10;0;0;0;0;0;0;0;0;0;0;0;0;0;0
ejrChd9MHCSNvsT0GAZt;2025-05-25;Lassus;0;0;0;0;0;0;0;0;0;0;0;0;0;0;0;0
ejrChd9MHCSNvsT0GAZt;2025-05-25;Gardashura;0;3;0;1;0;0;0;0;0;0;0;0;0;0;0;0
ejrChd9MHCSNvsT0GAZt;2025-05-25;steboulet;0;0;0;0;0;0;0;0;0;0;0;0;0;0;0;0
ejrChd9MHCSNvsT0GAZt;2025-05-25;Ivanhoe;0;0;0;1;0;0;0;0;0;0;7;0;0;0;0;0
ejrChd9MHCSNvsT0GAZt;2025-05-25;kingchris;1;10;0;1;0;0;0;0;0;0;0;0;0;0;0;0
ejrChd9MHCSNvsT0GAZt;2025-05-25;BlueBird;0;1;0;0;0;0;0;0;0;0;3;0;0;0;0;0
ejrChd9MHCSNvsT0GAZt;2025-05-25;Rover;0;6;1;1;0;8;0;0;0;0;0;0;0;0;0;0
ejrChd9MHCSNvsT0GAZt;2025-05-25;Brodyaga;0;0;3;0;0;0;0;0;0;0;0;0;0;0;0;0
ejrChd9MHCSNvsT0GAZt;2025-05-25;Rifur;0;3;2;325;0;0;0;0;0;0;0;0;0;0;0;0
ejrChd9MHCSNvsT0GAZt;2025-05-25;Smotryaschij;0;0;0;0;0;0;0;0;0;0;0;0;0;0;0;0
ejrChd9MHCSNvsT0GAZt;2025-05-25;FlockyRocky;0;0;0;0;0;0;0;0;0;0;0;0;0;0;0;0
ejrChd9MHCSNvsT0GAZt;2025-05-25;Drago;0;0;0;0;0;0;0;0;0;0;0;0;0;0;0;0
ejrChd9MHCSNvsT0GAZt;2025-05-25;Bluebird;0;1;0;0;0;0;0;0;0;0;3;0;0;0;0;0
ejrChd9MHCSNvsT0GAZt;2025-05-25;Cerberus;0;5;0;1;0;5;0;0;0;0;0;0;0;0;0;0
ejrChd9MHCSNvsT0GAZt;2025-05-25;MELISA;0;0;0;0;0;9;2;0;0;0;0;0;0;0;0;0
ejrChd9MHCSNvsT0GAZt;2025-05-25;Kobani;0;2;0;1;0;1;0;0;0;0;0;0;0;0;0;0
ejrChd9MHCSNvsT0GAZt;2025-05-25;DerVerständnisvolle;1;4;0;0;0;0;0;3;0;0;0;0;0;0;0;0
ejrChd9MHCSNvsT0GAZt;2025-05-25;Lord Rahl;0;2;1;2;0;0;0;0;0;0;0;0;0;0;0;0
ejrChd9MHCSNvsT0GAZt;2025-05-25;Perros;0;0;0;0;0;0;0;0;0;0;0;0;0;0;0;0
ejrChd9MHCSNvsT0GAZt;2025-05-25;WildMG;0;0;1;1;0;0;0;0;0;0;0;0;0;0;0;0
ejrChd9MHCSNvsT0GAZt;2025-05-25;Angelina 2;1;0;0;1;0;0;0;0;0;0;6;0;0;0;0;0
ejrChd9MHCSNvsT0GAZt;2025-05-25;Zuzilkree;0;26;0;0;0;0;0;0;0;0;0;0;0;0;0;0
ejrChd9MHCSNvsT0GAZt;2025-05-25;Rein;0;0;0;0;0;33;0;0;0;0;1;0;0;0;0;0
ejrChd9MHCSNvsT0GAZt;2025-05-25;Daijind;0;3;0;0;0;0;0;0;0;0;0;0;0;0;0;0
ejrChd9MHCSNvsT0GAZt;2025-05-25;Lindis;0;8;5;2;0;0;0;0;0;0;0;0;0;0;0;0
ejrChd9MHCSNvsT0GAZt;2025-05-25;Petrov val;0;5;0;1;0;9;0;0;0;0;0;0;0;0;0;0
ejrChd9MHCSNvsT0GAZt;2025-05-25;Barsian;0;0;4;2;0;0;0;0;0;0;0;0;0;0;0;0
Yr6rfrFFfthAL4X5qQme;2025-06-27;Nightwulf;0;0;0;0;0;0;0;0;0;0;0;0;0;0;0;0
Yr6rfrFFfthAL4X5qQme;2025-06-27;Hulsa;0;3;0;1;0;2;0;0;0;0;0;0;0;0;0;0
Yr6rfrFFfthAL4X5qQme;2025-06-27;Fendis;1;10;0;0;0;0;0;0;0;0;0;0;0;0;0;0
Yr6rfrFFfthAL4X5qQme;2025-06-27;Bluebird;0;0;0;0;0;0;0;0;0;0;0;0;0;0;0;0
Yr6rfrFFfthAL4X5qQme;2025-06-27;Kobani;0;0;0;0;0;0;0;0;0;0;0;0;0;0;0;0
Yr6rfrFFfthAL4X5qQme;2025-06-27;Kantrius;1;23;4;1;0;6;0;0;0;0;0;0;0;0;0;0
Yr6rfrFFfthAL4X5qQme;2025-06-27;Bluebird;0;0;0;0;0;0;0;0;0;0;0;0;0;0;0;0
Yr6rfrFFfthAL4X5qQme;2025-06-27;Mikoikt;0;2;2;0;0;3;0;0;0;0;0;0;0;0;0;0
Yr6rfrFFfthAL4X5qQme;2025-06-27;Mary Pili;0;0;0;0;0;0;0;0;0;0;0;0;0;0;0;0
Yr6rfrFFfthAL4X5qQme;2025-06-27;Gardashura;0;0;0;0;0;0;0;0;0;0;0;0;0;0;0;0
Yr6rfrFFfthAL4X5qQme;2025-06-27;Elsa;0;0;0;0;0;0;0;0;0;0;0;0;0;0;0;0
Yr6rfrFFfthAL4X5qQme;2025-06-27;Vakums;0;0;0;0;0;10;0;0;0;0;0;0;0;0;0;0
Yr6rfrFFfthAL4X5qQme;2025-06-27;Cerberus;0;2;0;0;0;0;0;0;0;0;0;0;0;0;0;0
Yr6rfrFFfthAL4X5qQme;2025-06-27;Kamaw DOC;0;3;0;0;0;0;0;0;0;0;0;0;0;0;0;0
Yr6rfrFFfthAL4X5qQme;2025-06-27;Tehn;0;0;0;0;0;0;0;0;0;0;0;0;0;0;0;0
Yr6rfrFFfthAL4X5qQme;2025-06-27;Vakums;0;0;0;0;0;10;0;0;0;0;0;0;0;0;0;0
Yr6rfrFFfthAL4X5qQme;2025-06-27;Tigra;0;9;2;2;0;1;0;0;0;0;0;0;0;0;0;0
Yr6rfrFFfthAL4X5qQme;2025-06-27;Railkayilas;0;0;0;0;0;0;0;0;0;0;0;0;0;0;0;0
Yr6rfrFFfthAL4X5qQme;2025-06-27;koi;0;0;0;0;0;0;0;0;0;0;0;0;0;0;0;0
Yr6rfrFFfthAL4X5qQme;2025-06-27;Gocha;0;0;0;0;0;0;0;0;0;0;0;0;0;0;0;0
Yr6rfrFFfthAL4X5qQme;2025-06-27;Rainblade;0;0;0;0;0;0;0;0;0;0;0;0;0;0;0;0
Yr6rfrFFfthAL4X5qQme;2025-06-27;Lanmoin der Kleine;0;0;0;0;0;0;0;0;0;0;0;0;0;0;0;0
Yr6rfrFFfthAL4X5qQme;2025-06-27;koi;0;0;0;0;0;0;0;0;0;0;0;0;0;0;0;0
Yr6rfrFFfthAL4X5qQme;2025-06-27;LosBolLos;0;0;0;0;0;0;0;0;0;0;0;0;0;0;0;0
Yr6rfrFFfthAL4X5qQme;2025-06-27;Alpha Logburg;0;0;0;0;0;0;0;0;0;0;0;0;0;0;0;0
Yr6rfrFFfthAL4X5qQme;2025-06-27;Alpha Logburg;0;0;0;0;0;0;0;0;0;0;0;0;0;0;0;0
Yr6rfrFFfthAL4X5qQme;2025-06-27;Gardashura;0;0;0;0;0;0;0;0;0;0;0;0;0;0;0;0
Yr6rfrFFfthAL4X5qQme;2025-06-27;White Los;0;0;0;0;0;0;0;0;0;0;0;0;0;0;0;0
Yr6rfrFFfthAL4X5qQme;2025-06-27;Danara;0;0;0;0;0;0;0;0;0;0;0;0;0;0;0;0
Yr6rfrFFfthAL4X5qQme;2025-06-27;Gardashura;0;0;0;0;0;0;0;0;0;0;0;0;0;0;0;0
Yr6rfrFFfthAL4X5qQme;2025-06-27;Kupriyanych;0;0;0;0;0;0;0;0;0;0;0;0;0;0;0;0
Yr6rfrFFfthAL4X5qQme;2025-06-27;Romazan;0;0;0;0;0;0;0;0;0;0;0;0;0;0;0;0
Yr6rfrFFfthAL4X5qQme;2025-06-27;Roland;0;2;0;3;0;2;0;0;0;0;0;0;0;0;0;0
Yr6rfrFFfthAL4X5qQme;2025-06-27;Buck Man;0;11;2;3;0;7;0;0;0;0;0;0;0;0;0;0
Yr6rfrFFfthAL4X5qQme;2025-06-27;Cerberus;0;2;0;0;0;0;0;0;0;0;0;0;0;0;0;0
Yr6rfrFFfthAL4X5qQme;2025-06-27;kingdom warrior jn;0;0;0;0;0;0;0;0;0;0;0;0;0;0;0;0
Yr6rfrFFfthAL4X5qQme;2025-06-27;KlaxxoN;0;0;0;0;0;0;0;0;0;0;0;0;0;0;0;0
Yr6rfrFFfthAL4X5qQme;2025-06-27;Dalinad;0;0;0;0;0;0;0;0;0;0;0;0;0;0;0;0
Yr6rfrFFfthAL4X5qQme;2025-06-27;Hexe Kaukau;0;0;0;0;0;0;0;0;0;0;0;0;0;0;0;0
Yr6rfrFFfthAL4X5qQme;2025-06-27;Jackal;0;3;8;6;0;0;0;0;0;0;0;0;0;0;0;0
Yr6rfrFFfthAL4X5qQme;2025-06-27;Ya kut;0;0;0;0;0;0;0;0;0;0;0;0;0;0;0;0
Yr6rfrFFfthAL4X5qQme;2025-06-27;WildMG;0;0;0;1;0;0;0;0;0;0;0;0;0;0;0;0
Yr6rfrFFfthAL4X5qQme;2025-06-27;Frostterror;0;2;0;0;0;3;0;0;0;0;0;0;0;0;0;0
Yr6rfrFFfthAL4X5qQme;2025-06-27;Eragon;0;9;4;3;0;2;0;0;0;0;0;0;0;0;0;0
Yr6rfrFFfthAL4X5qQme;2025-06-27;Frostterror;0;2;0;0;0;3;0;0;0;0;0;0;0;0;0;0
Yr6rfrFFfthAL4X5qQme;2025-06-27;Mary Pili;0;0;0;0;0;0;0;0;0;0;0;0;0;0;0;0
Yr6rfrFFfthAL4X5qQme;2025-06-27;Fray;0;4;1;1;0;0;0;0;0;0;0;0;0;0;0;0
Yr6rfrFFfthAL4X5qQme;2025-06-27;Adoran;1;1;0;0;0;0;0;0;0;0;0;0;0;0;0;0
Yr6rfrFFfthAL4X5qQme;2025-06-27;Lindis;0;3;1;0;0;0;0;0;0;0;0;0;0;0;0;0
Yr6rfrFFfthAL4X5qQme;2025-06-27;Gocha;0;0;0;0;0;0;0;0;0;0;0;0;0;0;0;0
Yr6rfrFFfthAL4X5qQme;2025-06-27;El Mosca;0;0;0;0;0;0;0;0;0;0;0;0;0;0;0;0
Yr6rfrFFfthAL4X5qQme;2025-06-27;Rover;0;4;1;1;0;7;0;0;0;0;0;0;0;0;0;0
Yr6rfrFFfthAL4X5qQme;2025-06-27;Lanmoin der Kleine;0;0;0;0;0;0;0;0;0;0;0;0;0;0;0;0
Yr6rfrFFfthAL4X5qQme;2025-06-27;SBzBy II;0;2;1;0;0;0;0;0;0;0;0;0;0;0;0;0
Yr6rfrFFfthAL4X5qQme;2025-06-27;rami;0;3;0;0;0;0;0;0;0;0;0;0;0;0;0;0
Yr6rfrFFfthAL4X5qQme;2025-06-27;Donald Duck;0;0;0;0;0;0;0;0;0;0;0;0;0;0;0;0
Yr6rfrFFfthAL4X5qQme;2025-06-27;Rifur;0;0;0;0;0;0;0;0;0;0;0;0;0;0;0;0
Yr6rfrFFfthAL4X5qQme;2025-06-27;T-34;0;0;0;0;0;0;0;0;0;0;0;0;0;0;0;0
Yr6rfrFFfthAL4X5qQme;2025-06-27;Zuzilkree;0;4;2;1;0;3;0;0;0;0;0;0;0;0;0;0
Yr6rfrFFfthAL4X5qQme;2025-06-27;Rifur;0;0;0;0;0;0;0;0;0;0;0;0;0;0;0;0
Yr6rfrFFfthAL4X5qQme;2025-06-27;MELISA;0;0;0;0;0;0;0;0;0;0;0;0;0;0;0;0
Yr6rfrFFfthAL4X5qQme;2025-06-27;MIKI;0;0;0;0;0;0;0;0;0;0;0;0;0;0;0;0
Yr6rfrFFfthAL4X5qQme;2025-06-27;Moginn;0;0;0;0;0;0;0;0;0;0;0;0;0;0;0;0
Yr6rfrFFfthAL4X5qQme;2025-06-27;YurasiK;0;15;2;0;0;0;0;0;0;0;0;0;0;0;0;0
Yr6rfrFFfthAL4X5qQme;2025-06-27;Monkey De Luffy;0;0;0;0;0;0;0;0;0;0;0;0;0;0;0;0
Yr6rfrFFfthAL4X5qQme;2025-06-27;Shahanna;0;3;0;1;0;0;0;0;0;0;0;0;0;0;0;0
Yr6rfrFFfthAL4X5qQme;2025-06-27;Tehn;0;0;0;0;0;0;0;0;0;0;0;0;0;0;0;0
Yr6rfrFFfthAL4X5qQme;2025-06-27;Fendis;1;10;0;0;0;0;0;0;0;0;0;0;0;0;0;0
Yr6rfrFFfthAL4X5qQme;2025-06-27;Forondod;0;8;0;0;0;0;0;0;0;0;0;0;0;0;0;0
Yr6rfrFFfthAL4X5qQme;2025-06-27;Miaso;0;0;0;0;0;0;0;0;0;0;0;0;0;0;0;0
Yr6rfrFFfthAL4X5qQme;2025-06-27;Lanmoin der 3te;0;0;12;0;0;0;0;0;0;0;0;0;0;0;0;0
Yr6rfrFFfthAL4X5qQme;2025-06-27;Barsian;0;2;0;0;0;0;0;0;0;0;0;0;0;0;0;0
Yr6rfrFFfthAL4X5qQme;2025-06-27;Perros;0;0;0;0;0;0;0;0;0;0;0;0;0;0;0;0
Yr6rfrFFfthAL4X5qQme;2025-06-27;Elgi;0;0;0;0;0;0;0;0;0;0;0;0;0;0;0;0
Yr6rfrFFfthAL4X5qQme;2025-06-27;Rainblade;0;0;0;0;0;0;0;0;0;0;0;0;0;0;0;0
Yr6rfrFFfthAL4X5qQme;2025-06-27;Kamaw DOC;0;3;0;0;0;0;0;0;0;0;0;0;0;0;0;0
Yr6rfrFFfthAL4X5qQme;2025-06-27;Rein;0;0;0;0;0;6;0;0;0;0;0;0;0;0;0;0
Yr6rfrFFfthAL4X5qQme;2025-06-27;Fendis;1;10;0;0;0;0;0;0;0;0;0;0;0;0;0;0
Yr6rfrFFfthAL4X5qQme;2025-06-27;Angelina 2;0;0;0;0;0;0;0;0;0;0;0;0;0;0;0;0
Yr6rfrFFfthAL4X5qQme;2025-06-27;Lindis;0;3;1;0;0;0;0;0;0;0;0;0;0;0;0;0
Yr6rfrFFfthAL4X5qQme;2025-06-27;MELISA;0;0;0;0;0;0;0;0;0;0;0;0;0;0;0;0
Yr6rfrFFfthAL4X5qQme;2025-06-27;Donald Duck;0;0;0;0;0;0;0;0;0;0;0;0;0;0;0;0
Yr6rfrFFfthAL4X5qQme;2025-06-27;TrAIANO 2;0;0;0;0;0;0;0;0;0;0;0;0;0;0;0;0
Yr6rfrFFfthAL4X5qQme;2025-06-27;Romazan;0;0;0;0;0;0;0;0;0;0;0;0;0;0;0;0
Yr6rfrFFfthAL4X5qQme;2025-06-27;Mary Pili;0;0;0;0;0;0;0;0;0;0;0;0;0;0;0;0
Yr6rfrFFfthAL4X5qQme;2025-06-27;Friedoline;0;7;3;2;0;1;0;0;0;0;0;0;0;0;0;0
Yr6rfrFFfthAL4X5qQme;2025-06-27;Serdriilas;0;9;0;0;0;0;0;0;0;0;0;0;0;0;0;0
Yr6rfrFFfthAL4X5qQme;2025-06-27;El Mosca;0;0;0;0;0;0;0;0;0;0;0;0;0;0;0;0
Yr6rfrFFfthAL4X5qQme;2025-06-27;Ivanhoe;0;1;0;1;0;1;0;0;0;0;0;0;0;0;0;0
Yr6rfrFFfthAL4X5qQme;2025-06-27;Lanmoin der Kleine;0;0;0;0;0;0;0;0;0;0;0;0;0;0;0;0
Yr6rfrFFfthAL4X5qQme;2025-06-27;Miss Pelace;0;4;0;0;0;0;0;0;0;0;0;0;0;0;0;0
Yr6rfrFFfthAL4X5qQme;2025-06-27;El Mosca;0;0;0;0;0;0;0;0;0;0;0;0;0;0;0;0
Yr6rfrFFfthAL4X5qQme;2025-06-27;Gocha;0;0;0;0;0;0;0;0;0;0;0;0;0;0;0;0
Yr6rfrFFfthAL4X5qQme;2025-06-27;Ya kut;0;0;0;0;0;0;0;0;0;0;0;0;0;0;0;0
Yr6rfrFFfthAL4X5qQme;2025-06-27;Serdriilas;0;9;0;0;0;0;0;0;0;0;0;0;0;0;0;0
Yr6rfrFFfthAL4X5qQme;2025-06-27;Brodyaga;0;5;1;1;0;1;0;0;0;0;0;0;0;0;0;0
Yr6rfrFFfthAL4X5qQme;2025-06-27;Railkayilas;0;0;0;0;0;0;0;0;0;0;0;0;0;0;0;0
Yr6rfrFFfthAL4X5qQme;2025-06-27;Lord Rahl;0;0;0;0;0;0;0;0;0;0;0;0;0;0;0;0
Yr6rfrFFfthAL4X5qQme;2025-06-27;NikolajDNK;0;1;0;0;0;0;0;0;0;0;0;0;0;0;0;0
Yr6rfrFFfthAL4X5qQme;2025-06-27;Lord Rahl;0;0;0;0;0;0;0;0;0;0;0;0;0;0;0;0
Yr6rfrFFfthAL4X5qQme;2025-06-27;Eiskonigin;0;0;0;0;0;0;0;0;0;0;0;0;0;0;0;0
Yr6rfrFFfthAL4X5qQme;2025-06-27;Jannoz;0;0;0;0;0;0;0;0;0;0;0;0;0;0;0;0
Yr6rfrFFfthAL4X5qQme;2025-06-27;Traiano;0;0;0;0;0;0;0;0;0;0;0;0;0;0;0;0
Yr6rfrFFfthAL4X5qQme;2025-06-27;Heinrich der Lowe;0;0;0;0;0;0;0;0;0;0;0;0;0;0;0;0
Yr6rfrFFfthAL4X5qQme;2025-06-27;Daijind;0;0;2;0;0;0;0;0;0;0;0;0;0;0;0;0
Yr6rfrFFfthAL4X5qQme;2025-06-27;Elgi;0;0;0;0;0;0;0;0;0;0;0;0;0;0;0;0
Yr6rfrFFfthAL4X5qQme;2025-06-27;KlaxxoN;0;0;0;0;0;0;0;0;0;0;0;0;0;0;0;0
Yr6rfrFFfthAL4X5qQme;2025-06-27;Danara;0;0;0;0;0;0;0;0;0;0;0;0;0;0;0;0
Yr6rfrFFfthAL4X5qQme;2025-06-27;Alpha Logburg;0;0;0;0;0;0;0;0;0;0;0;0;0;0;0;0
Yr6rfrFFfthAL4X5qQme;2025-06-27;Forondod;0;8;0;0;0;0;0;0;0;0;0;0;0;0;0;0
Yr6rfrFFfthAL4X5qQme;2025-06-27;Adoran;1;1;0;0;0;0;0;0;0;0;0;0;0;0;0;0
Yr6rfrFFfthAL4X5qQme;2025-06-27;Kupriyanych;0;0;0;0;0;0;0;0;0;0;0;0;0;0;0;0
Yr6rfrFFfthAL4X5qQme;2025-06-27;kingdom warrior 2;0;0;0;0;0;0;0;0;0;0;0;0;0;0;0;0
Yr6rfrFFfthAL4X5qQme;2025-06-27;TrAiAnO 2;0;0;0;0;0;0;0;0;0;0;0;0;0;0;0;0
Yr6rfrFFfthAL4X5qQme;2025-06-27;kingchris;0;0;0;0;0;0;0;0;0;0;0;0;0;0;0;0
Yr6rfrFFfthAL4X5qQme;2025-06-27;Monkey De Luffy;0;0;0;0;0;0;0;0;0;0;0;0;0;0;0;0
Yr6rfrFFfthAL4X5qQme;2025-06-27;Lindis;0;3;1;0;0;0;0;0;0;0;0;0;0;0;0;0
Yr6rfrFFfthAL4X5qQme;2025-06-27;kingchris;0;0;0;0;0;0;0;0;0;0;0;0;0;0;0;0
Yr6rfrFFfthAL4X5qQme;2025-06-27;DerVerstandnisvolle;0;0;0;0;0;0;0;0;0;0;0;0;0;0;0;0
Yr6rfrFFfthAL4X5qQme;2025-06-27;NikolajDNK;0;1;0;0;0;0;0;0;0;0;0;0;0;0;0;0
Yr6rfrFFfthAL4X5qQme;2025-06-27;Tehn;0;0;0;0;0;0;0;0;0;0;0;0;0;0;0;0
Yr6rfrFFfthAL4X5qQme;2025-06-27;Serdriel;0;6;3;1;0;0;0;0;0;0;0;0;0;0;0;0
Yr6rfrFFfthAL4X5qQme;2025-06-27;Moginn;0;0;0;0;0;0;0;0;0;0;0;0;0;0;0;0
Yr6rfrFFfthAL4X5qQme;2025-06-27;Bluebird;0;0;0;0;0;0;0;0;0;0;0;0;0;0;0;0
Yr6rfrFFfthAL4X5qQme;2025-06-27;Traiano;0;0;0;0;0;0;0;0;0;0;0;0;0;0;0;0
Yr6rfrFFfthAL4X5qQme;2025-06-27;Kobani;0;0;0;0;0;0;0;0;0;0;0;0;0;0;0;0
Yr6rfrFFfthAL4X5qQme;2025-06-27;Petrov val;0;3;0;0;0;0;0;0;0;0;0;0;0;0;0;0
Yr6rfrFFfthAL4X5qQme;2025-06-27;Monkey De Luffy;0;0;0;0;0;0;0;0;0;0;0;0;0;0;0;0
Yr6rfrFFfthAL4X5qQme;2025-06-27;Upasara Wulung;0;0;0;0;0;0;0;0;0;0;0;0;0;0;0;0
Yr6rfrFFfthAL4X5qQme;2025-06-27;Nightfang;0;3;3;3;0;0;0;0;0;0;0;0;0;0;0;0
2bil8e6wxViZJPJuynDH;2025-07-05;Mikoikt;0;3;0;5;0;0;0;0;0;0;0;0;0;1;0;0
2bil8e6wxViZJPJuynDH;2025-07-05;Railkayilas;0;0;0;0;0;0;0;0;0;0;0;0;0;0;0;0
2bil8e6wxViZJPJuynDH;2025-07-05;T-34;0;0;0;21;0;4;0;0;0;0;0;0;0;0;0;0
2bil8e6wxViZJPJuynDH;2025-07-05;Jannoz;0;0;0;0;0;0;0;0;0;0;0;0;0;0;0;0
2bil8e6wxViZJPJuynDH;2025-07-05;Kamaw DOC;0;6;0;0;0;0;0;0;0;0;0;0;0;0;0;0
2bil8e6wxViZJPJuynDH;2025-07-05;Frostterror;0;4;2;0;0;0;0;0;0;0;0;0;0;0;0;0
2bil8e6wxViZJPJuynDH;2025-07-05;Hulsa;0;4;0;0;0;0;0;0;0;0;0;0;0;0;0;0
2bil8e6wxViZJPJuynDH;2025-07-05;Brodyaga;0;6;0;0;0;4;0;0;0;0;0;0;0;0;0;0
2bil8e6wxViZJPJuynDH;2025-07-05;kingdom warrior jn;0;0;0;0;0;0;0;0;0;0;0;0;0;0;0;0
2bil8e6wxViZJPJuynDH;2025-07-05;Lord Rahl;0;0;0;0;0;0;0;0;0;0;0;0;0;0;0;0
2bil8e6wxViZJPJuynDH;2025-07-05;Ivanhoe;0;0;0;0;0;0;0;0;0;0;0;0;0;0;0;0
2bil8e6wxViZJPJuynDH;2025-07-05;Dalinad;0;0;0;0;0;0;0;0;0;0;0;0;0;0;0;0
2bil8e6wxViZJPJuynDH;2025-07-05;Perros;0;0;0;0;0;0;0;0;0;0;0;0;0;0;0;0
2bil8e6wxViZJPJuynDH;2025-07-05;Kelerosir;0;6;0;0;0;3;0;0;0;0;0;0;0;0;0;0
2bil8e6wxViZJPJuynDH;2025-07-05;Shahanna;0;0;0;0;0;0;0;0;0;0;0;0;0;0;0;0
2bil8e6wxViZJPJuynDH;2025-07-05;rami;0;3;0;0;0;3;0;0;0;0;0;0;0;0;0;0
2bil8e6wxViZJPJuynDH;2025-07-05;kingdom warrior 2;0;0;0;0;0;0;0;0;0;0;0;0;0;0;0;0
2bil8e6wxViZJPJuynDH;2025-07-05;WildMG;1;1;2;0;0;0;0;0;0;0;0;0;0;0;0;0
2bil8e6wxViZJPJuynDH;2025-07-05;kingchris;0;3;0;0;0;0;0;0;0;0;0;0;0;0;0;0
2bil8e6wxViZJPJuynDH;2025-07-05;Buck Man;0;14;2;2;0;7;0;0;0;0;0;0;0;0;0;0
2bil8e6wxViZJPJuynDH;2025-07-05;Roland;0;1;3;4;0;6;0;3;0;0;0;0;0;0;0;0
2bil8e6wxViZJPJuynDH;2025-07-05;Bluebird;0;0;0;0;0;0;0;0;0;0;0;0;0;0;0;0
2bil8e6wxViZJPJuynDH;2025-07-05;Nightfang;0;0;0;0;0;0;0;0;0;0;0;0;0;0;0;0
2bil8e6wxViZJPJuynDH;2025-07-05;TrAIANO 2;0;0;0;0;0;0;0;0;0;0;0;0;0;0;0;0
2bil8e6wxViZJPJuynDH;2025-07-05;Nightwulf;0;0;0;0;0;0;0;0;0;0;0;0;0;0;0;0
2bil8e6wxViZJPJuynDH;2025-07-05;Elsa;1;6;0;0;0;0;0;0;0;0;0;0;0;0;0;0
2bil8e6wxViZJPJuynDH;2025-07-05;Monkey De Luffy;0;0;0;0;0;0;0;0;0;0;0;0;0;0;0;0
2bil8e6wxViZJPJuynDH;2025-07-05;Barsian;0;0;0;0;0;0;0;0;0;0;0;0;0;0;0;0
2bil8e6wxViZJPJuynDH;2025-07-05;Lanmoin der Kleine;0;0;0;0;0;0;0;0;0;0;0;0;0;0;0;0
2bil8e6wxViZJPJuynDH;2025-07-05;YurasiK;0;9;0;0;0;0;0;0;0;0;0;0;0;0;0;0
2bil8e6wxViZJPJuynDH;2025-07-05;Romazan;0;3;1;0;0;2;0;0;0;0;0;0;0;0;0;0
2bil8e6wxViZJPJuynDH;2025-07-05;Jackal;0;3;0;0;0;5;0;0;0;0;0;0;0;0;0;0
2bil8e6wxViZJPJuynDH;2025-07-05;Kupriyanych;0;0;0;0;0;0;0;0;0;0;0;0;0;0;0;0
2bil8e6wxViZJPJuynDH;2025-07-05;Forondod;0;7;1;3;0;0;0;0;0;0;0;0;0;0;0;0
2bil8e6wxViZJPJuynDH;2025-07-05;Lindis;0;3;2;1;0;0;0;0;0;0;0;0;0;0;0;0
2bil8e6wxViZJPJuynDH;2025-07-05;Serdriilas;0;22;0;0;0;0;0;0;0;0;0;0;0;1;0;0
2bil8e6wxViZJPJuynDH;2025-07-05;Rover;0;6;2;1;0;12;0;0;0;0;0;0;0;0;0;0
2bil8e6wxViZJPJuynDH;2025-07-05;Serdriel;0;2;0;0;0;0;0;0;0;0;0;0;0;0;0;0
2bil8e6wxViZJPJuynDH;2025-07-05;Tigra;0;4;0;2;0;0;0;0;0;0;0;0;0;0;0;0
2bil8e6wxViZJPJuynDH;2025-07-05;Adoran;0;2;0;0;0;0;0;0;0;0;0;0;0;0;0;0
2bil8e6wxViZJPJuynDH;2025-07-05;Cerberus;0;3;0;0;0;0;0;0;0;0;0;0;0;0;0;0
2bil8e6wxViZJPJuynDH;2025-07-05;White Los;0;1;0;0;0;0;0;0;0;0;0;0;0;0;0;0
2bil8e6wxViZJPJuynDH;2025-07-05;Traiano;0;0;0;0;0;0;0;0;0;0;0;0;0;0;0;0
2bil8e6wxViZJPJuynDH;2025-07-05;Miaso;0;0;0;0;0;0;0;0;0;0;0;0;0;0;0;0
2bil8e6wxViZJPJuynDH;2025-07-05;Vakums;0;3;3;0;0;0;0;0;0;0;0;0;0;0;0;0
2bil8e6wxViZJPJuynDH;2025-07-05;NikolajDNK;0;0;0;0;0;0;0;0;0;0;0;0;0;0;0;0
2bil8e6wxViZJPJuynDH;2025-07-05;MIKI;0;0;0;0;0;0;0;0;0;0;0;0;0;0;0;0
2bil8e6wxViZJPJuynDH;2025-07-05;Eiskonigin;0;0;0;0;0;0;0;0;0;0;0;0;0;0;0;0
2bil8e6wxViZJPJuynDH;2025-07-05;Moginn;0;5;7;1;0;7;0;0;0;0;0;0;0;0;0;0
2bil8e6wxViZJPJuynDH;2025-07-05;SBzBy li;0;1;0;0;0;1;0;6;0;0;0;0;0;0;0;0
2bil8e6wxViZJPJuynDH;2025-07-05;Rifur;0;3;0;0;0;0;0;0;0;0;0;0;0;0;0;0
2bil8e6wxViZJPJuynDH;2025-07-05;Mary Pili;0;0;0;0;0;0;0;0;0;0;0;0;0;0;0;0
2bil8e6wxViZJPJuynDH;2025-07-05;Ya kut;0;0;0;0;0;0;0;0;0;0;0;0;0;0;0;0
2bil8e6wxViZJPJuynDH;2025-07-05;Eragon;0;15;8;2;0;14;0;0;2;0;0;0;0;0;0;0
2bil8e6wxViZJPJuynDH;2025-07-05;BlueBird;0;0;0;0;0;0;0;0;0;0;0;0;0;0;0;0
2bil8e6wxViZJPJuynDH;2025-07-05;Tehn;0;3;1;2;0;0;0;0;0;0;0;0;0;0;0;0
2bil8e6wxViZJPJuynDH;2025-07-05;koi;0;1;0;0;0;5;0;0;0;0;0;0;0;0;0;0
2bil8e6wxViZJPJuynDH;2025-07-05;Angelina 2;4;5;0;2;0;0;0;0;0;0;0;0;0;0;0;0
2bil8e6wxViZJPJuynDH;2025-07-05;Petrov val;0;5;0;1;0;0;0;0;0;0;0;0;0;0;0;0
2bil8e6wxViZJPJuynDH;2025-07-05;Rainblade;0;2;0;1;0;0;0;0;0;0;0;0;0;0;0;0
2bil8e6wxViZJPJuynDH;2025-07-05;Elgi;0;0;0;0;0;0;0;0;0;0;0;0;0;0;0;0
2bil8e6wxViZJPJuynDH;2025-07-05;LosBolLos;0;26;1;0;0;0;0;0;0;0;0;0;0;0;0;0
2bil8e6wxViZJPJuynDH;2025-07-05;Donald Duck;0;0;0;0;0;0;0;0;0;0;0;0;0;0;0;0
2bil8e6wxViZJPJuynDH;2025-07-05;Alpha Logburg;0;0;0;0;0;0;0;0;0;0;0;0;0;0;0;0
2bil8e6wxViZJPJuynDH;2025-07-05;Gocha;0;0;0;0;0;0;0;0;0;0;0;0;0;0;0;0
2bil8e6wxViZJPJuynDH;2025-07-05;Fray;0;14;4;4;0;2;0;0;0;0;0;0;0;0;0;0
2bil8e6wxViZJPJuynDH;2025-07-05;Hexe Kaukau;0;0;0;0;0;0;0;0;0;0;0;0;0;0;0;0
2bil8e6wxViZJPJuynDH;2025-07-05;Miss Pelace;0;3;0;0;0;0;0;0;0;0;0;0;0;0;0;0
2bil8e6wxViZJPJuynDH;2025-07-05;Gardashura;0;0;0;0;0;0;0;0;0;0;0;0;0;0;0;0
2bil8e6wxViZJPJuynDH;2025-07-05;DerVerstandnisvolle;0;0;0;0;0;0;0;0;0;0;0;0;0;0;0;0
2bil8e6wxViZJPJuynDH;2025-07-05;Lanmoin der 3te;0;1;24;0;0;0;0;0;0;0;0;0;0;0;0;0
2bil8e6wxViZJPJuynDH;2025-07-05;Daijind;0;0;0;0;0;0;0;0;0;0;0;0;0;0;0;0
2bil8e6wxViZJPJuynDH;2025-07-05;Danara;0;6;0;0;0;1;0;0;0;0;0;0;0;0;0;0
2bil8e6wxViZJPJuynDH;2025-07-05;Kantrius;0;59;21;14;0;16;0;0;0;0;0;0;0;0;0;0
2bil8e6wxViZJPJuynDH;2025-07-05;El Mosca;0;0;0;0;0;0;0;0;0;0;0;0;0;0;0;0
2bil8e6wxViZJPJuynDH;2025-07-05;Fendis;0;0;0;0;0;0;0;0;0;0;0;0;0;0;0;0
2bil8e6wxViZJPJuynDH;2025-07-05;Upasara Wulung;0;0;0;0;0;0;0;0;0;0;0;0;0;0;0;0
2bil8e6wxViZJPJuynDH;2025-07-05;Zuzilkree;0;1;0;0;0;0;0;0;0;0;0;0;0;0;0;0
2bil8e6wxViZJPJuynDH;2025-07-05;Heinrich der Lowe;0;0;0;0;0;0;0;0;0;0;0;0;0;0;0;0
2bil8e6wxViZJPJuynDH;2025-07-05;MELISA;0;0;0;0;0;0;0;0;0;0;0;0;0;0;0;0
2bil8e6wxViZJPJuynDH;2025-07-05;Friedoline;0;0;0;0;0;0;0;0;0;0;0;0;0;0;0;0
2bil8e6wxViZJPJuynDH;2025-07-05;Rein;0;0;0;0;0;0;0;0;0;0;0;0;0;0;0;0
2bil8e6wxViZJPJuynDH;2025-07-05;KlaxxoN;0;0;0;0;0;0;0;0;0;0;0;0;0;0;0;0
2bil8e6wxViZJPJuynDH;2025-07-07;KlaxxoN;0;0;0;0;0;0;0;0;0;0;0;0;0;0;0;0
2bil8e6wxViZJPJuynDH;2025-07-07;Daijind;0;4;1;1;0;1;0;0;0;0;0;0;0;0;0;0
2bil8e6wxViZJPJuynDH;2025-07-07;Railkayilas;0;0;0;0;0;0;0;0;0;0;0;0;0;0;0;0
2bil8e6wxViZJPJuynDH;2025-07-07;Angelina 2;0;0;0;0;0;0;0;0;0;0;0;0;0;0;0;0
2bil8e6wxViZJPJuynDH;2025-07-07;Vakums;0;3;0;0;0;0;0;0;0;0;0;0;0;0;0;0
2bil8e6wxViZJPJuynDH;2025-07-07;Rifur;0;0;1;1;0;0;0;0;0;0;0;0;0;0;0;0
2bil8e6wxViZJPJuynDH;2025-07-07;Jackal;0;4;10;14;0;0;0;0;0;0;1;0;0;0;0;0
2bil8e6wxViZJPJuynDH;2025-07-07;Dalinad;0;0;0;0;0;0;0;0;0;0;0;0;0;0;0;0
2bil8e6wxViZJPJuynDH;2025-07-07;Eiskonigin;0;0;0;0;0;0;0;0;0;0;0;0;0;0;0;0
2bil8e6wxViZJPJuynDH;2025-07-07;DerVerstandnisvolle;0;0;0;0;0;0;0;0;0;0;0;0;0;0;0;0
2bil8e6wxViZJPJuynDH;2025-07-07;Kantrius;0;5;0;1;0;0;0;0;0;0;0;0;0;0;0;0
2bil8e6wxViZJPJuynDH;2025-07-07;Brodyaga;0;3;0;0;0;0;0;0;0;0;0;0;0;0;0;0
2bil8e6wxViZJPJuynDH;2025-07-07;Upasara Wulung;0;0;0;0;0;49;0;0;0;0;0;0;0;0;0;0
2bil8e6wxViZJPJuynDH;2025-07-07;YurasiK;0;14;2;1;0;0;0;0;0;0;0;0;0;0;0;0
2bil8e6wxViZJPJuynDH;2025-07-07;Lord Rahl;0;0;0;0;0;0;0;0;0;0;0;0;0;0;0;0
2bil8e6wxViZJPJuynDH;2025-07-07;Moginn;0;0;0;0;0;0;0;0;0;0;0;0;0;0;0;0
2bil8e6wxViZJPJuynDH;2025-07-07;Miss Pelace;0;0;0;0;0;0;0;3;0;0;0;0;0;0;0;0
2bil8e6wxViZJPJuynDH;2025-07-07;Buck Man;0;8;1;4;0;7;0;0;0;0;0;0;0;0;0;0
2bil8e6wxViZJPJuynDH;2025-07-07;Mikoikt;0;1;0;0;0;0;0;0;0;0;0;0;0;0;0;0
2bil8e6wxViZJPJuynDH;2025-07-07;Tigra;0;3;1;0;0;3;0;0;0;0;0;0;0;0;0;0
2bil8e6wxViZJPJuynDH;2025-07-07;Eragon;1;6;1;0;0;2;0;0;0;0;0;0;0;0;0;0
2bil8e6wxViZJPJuynDH;2025-07-07;Shahanna;0;0;0;0;0;0;0;0;0;0;0;0;0;0;0;0
2bil8e6wxViZJPJuynDH;2025-07-07;WildMG;0;7;0;2;0;0;0;0;0;0;2;0;0;0;0;0
2bil8e6wxViZJPJuynDH;2025-07-07;rami;0;4;0;0;0;0;0;0;0;0;0;0;0;0;0;0
2bil8e6wxViZJPJuynDH;2025-07-07;Serdriel;0;0;0;0;0;0;0;0;0;0;0;0;0;0;0;0
2bil8e6wxViZJPJuynDH;2025-07-07;Forondod;0;0;0;1;0;0;0;0;0;0;0;0;0;0;0;0
2bil8e6wxViZJPJuynDH;2025-07-07;Heinrich der Lowe;0;0;0;0;0;0;0;0;0;0;0;0;0;0;0;0
2bil8e6wxViZJPJuynDH;2025-07-07;koi;0;7;0;2;0;36;0;0;0;0;1;0;0;0;0;0
2bil8e6wxViZJPJuynDH;2025-07-07;MELISA;0;0;0;161;0;0;0;0;0;0;0;0;0;0;0;0
2bil8e6wxViZJPJuynDH;2025-07-07;Barsian;0;0;0;0;0;0;0;0;0;0;0;0;0;0;0;0
2bil8e6wxViZJPJuynDH;2025-07-07;kingchris;0;0;0;0;0;0;0;0;0;0;0;0;0;0;0;0
2bil8e6wxViZJPJuynDH;2025-07-07;Mary Pili;0;0;0;0;0;0;0;0;0;0;0;0;0;0;0;0
2bil8e6wxViZJPJuynDH;2025-07-07;Rein;0;0;0;0;0;0;0;0;0;0;0;0;0;0;0;0
2bil8e6wxViZJPJuynDH;2025-07-07;Miaso;0;0;0;154;0;0;0;0;0;0;0;0;0;0;0;0
2bil8e6wxViZJPJuynDH;2025-07-07;Kamaw DOC;0;3;0;0;0;5;0;0;0;0;0;0;0;0;0;0
2bil8e6wxViZJPJuynDH;2025-07-07;White Los;0;0;0;0;0;0;0;0;0;0;0;0;0;0;0;0
2bil8e6wxViZJPJuynDH;2025-07-07;Romazan;0;0;0;0;0;1;0;0;0;0;0;0;0;0;0;0
2bil8e6wxViZJPJuynDH;2025-07-07;Nightwulf;0;0;0;0;0;0;0;0;0;0;0;0;0;0;0;0
2bil8e6wxViZJPJuynDH;2025-07-07;Lanmoin der Kleine;0;0;0;0;0;0;0;0;0;0;0;0;0;0;0;0
2bil8e6wxViZJPJuynDH;2025-07-07;Donald Duck;0;0;0;0;0;0;0;0;0;0;0;0;0;0;0;0
2bil8e6wxViZJPJuynDH;2025-07-07;Bluebird;0;1;0;0;0;0;0;0;0;0;1;0;0;0;0;0
2bil8e6wxViZJPJuynDH;2025-07-07;Traiano;0;0;0;0;0;0;0;0;0;0;0;0;0;0;0;0
2bil8e6wxViZJPJuynDH;2025-07-07;Fray;0;3;3;1;0;2;0;0;0;0;0;0;0;0;0;0
2bil8e6wxViZJPJuynDH;2025-07-07;BlueBird;0;1;0;0;0;0;0;0;0;0;1;0;0;0;0;0
2bil8e6wxViZJPJuynDH;2025-07-07;Jannoz;0;0;0;0;0;0;0;0;0;0;0;0;0;0;0;0
2bil8e6wxViZJPJuynDH;2025-07-07;kingdom warrior jn;0;0;0;0;0;0;0;0;0;0;0;0;0;0;0;0
2bil8e6wxViZJPJuynDH;2025-07-07;Petrov val;0;17;0;0;0;1;0;0;0;0;0;0;0;0;0;0
2bil8e6wxViZJPJuynDH;2025-07-07;LosBolLos;0;0;0;1;0;0;0;9;0;0;0;0;0;0;0;0
2bil8e6wxViZJPJuynDH;2025-07-07;NikolajDNK;0;6;0;0;0;0;0;0;0;0;0;0;0;0;0;0
2bil8e6wxViZJPJuynDH;2025-07-07;Adoran;0;1;0;0;0;0;0;0;0;0;0;0;0;0;0;0
2bil8e6wxViZJPJuynDH;2025-07-07;Ya kut;0;0;0;0;0;0;0;0;0;0;0;0;0;0;0;0
2bil8e6wxViZJPJuynDH;2025-07-07;Roland;0;3;2;3;0;2;0;0;0;0;0;0;0;0;0;0
2bil8e6wxViZJPJuynDH;2025-07-07;TrAIANO 2;0;0;0;0;0;0;0;0;0;0;0;0;0;0;0;0
2bil8e6wxViZJPJuynDH;2025-07-07;Gocha;0;4;0;0;0;0;0;0;0;0;0;0;0;0;0;0
2bil8e6wxViZJPJuynDH;2025-07-07;Kupriyanych;0;0;0;0;0;0;0;0;0;0;0;0;0;0;0;0
2bil8e6wxViZJPJuynDH;2025-07-07;Lindis;0;0;0;0;0;0;0;0;0;0;0;0;0;0;0;0
2bil8e6wxViZJPJuynDH;2025-07-07;Elgi;0;3;0;0;0;0;0;0;0;0;0;0;0;0;0;0
2bil8e6wxViZJPJuynDH;2025-07-07;T-34;0;0;0;0;0;0;0;0;0;0;0;0;0;0;0;0
2bil8e6wxViZJPJuynDH;2025-07-07;kingdom warrior 2;0;0;0;0;0;0;0;0;0;0;0;0;0;0;0;0
2bil8e6wxViZJPJuynDH;2025-07-07;Hulsa;0;0;0;0;0;0;0;0;0;0;0;0;0;0;0;0
2bil8e6wxViZJPJuynDH;2025-07-07;Perros;0;0;0;0;0;0;0;0;0;0;0;0;0;0;0;0
2bil8e6wxViZJPJuynDH;2025-07-07;Nightfang;0;4;7;1;0;10;0;6;0;0;0;0;0;0;0;0
2bil8e6wxViZJPJuynDH;2025-07-07;Hexe Kaukau;0;0;0;0;0;0;0;0;0;0;0;0;0;0;0;0
2bil8e6wxViZJPJuynDH;2025-07-07;Tehn;0;0;0;0;0;0;0;0;0;0;0;0;0;0;0;0
2bil8e6wxViZJPJuynDH;2025-07-07;Rover;0;0;0;0;0;0;0;0;0;0;0;0;0;0;0;0
2bil8e6wxViZJPJuynDH;2025-07-07;Gardashura;0;4;0;0;0;0;0;0;0;0;0;0;0;0;0;0
2bil8e6wxViZJPJuynDH;2025-07-07;Friedoline;0;4;0;0;0;0;0;0;0;0;0;0;0;0;0;0
2bil8e6wxViZJPJuynDH;2025-07-07;Rainblade;0;5;0;0;0;0;0;0;0;0;0;0;0;0;0;0
2bil8e6wxViZJPJuynDH;2025-07-07;Alpha Logburg;0;0;0;0;0;0;0;0;0;0;0;0;0;0;0;0
2bil8e6wxViZJPJuynDH;2025-07-07;Lanmoin der 3te;0;0;0;0;0;0;0;0;0;0;0;0;0;0;0;0
2bil8e6wxViZJPJuynDH;2025-07-07;Serdriilas;0;3;0;0;0;0;0;0;0;0;0;0;0;0;0;0
2bil8e6wxViZJPJuynDH;2025-07-07;Frostterror;0;0;0;0;0;0;0;0;0;0;0;0;0;0;0;0
2bil8e6wxViZJPJuynDH;2025-07-07;El Mosca;0;0;0;0;0;0;0;0;0;0;0;0;0;0;0;0
2bil8e6wxViZJPJuynDH;2025-07-07;Fendis;0;0;0;0;0;0;0;0;0;0;0;0;0;0;0;0
2bil8e6wxViZJPJuynDH;2025-07-07;Ivanhoe;0;3;0;0;0;0;0;0;0;0;0;0;0;0;0;0
2bil8e6wxViZJPJuynDH;2025-07-07;Monkey De Luffy;0;0;0;0;0;0;0;0;0;0;0;0;0;0;0;0
2bil8e6wxViZJPJuynDH;2025-07-07;Danara;0;0;0;0;0;0;0;0;0;0;0;0;0;0;0;0
2bil8e6wxViZJPJuynDH;2025-07-07;Kelerosir;0;2;1;0;0;2;0;0;0;0;0;0;0;0;0;0
2bil8e6wxViZJPJuynDH;2025-07-07;MIKI;0;0;0;0;0;0;0;0;0;0;0;0;0;0;0;0
2bil8e6wxViZJPJuynDH;2025-07-07;SBzBy li;0;5;0;0;0;0;0;0;0;0;0;0;0;0;0;0
2bil8e6wxViZJPJuynDH;2025-07-07;Elsa;0;0;0;0;0;0;0;0;0;0;0;0;0;0;0;0
2bil8e6wxViZJPJuynDH;2025-07-07;Cerberus;1;3;1;1;0;4;0;0;0;0;0;0;0;0;0;0
2bil8e6wxViZJPJuynDH;2025-07-07;Zuzilkree;0;0;0;0;0;0;0;0;0;0;0;0;0;0;0;0
7IzhLWKQbe5aLGu3aGSJ;2025-06-19;Railkayilas;0;4;2;1;0;0;0;0;0;0;0;0;0;0;5;0
7IzhLWKQbe5aLGu3aGSJ;2025-06-19;Forondod;0;0;0;0;0;0;0;0;0;0;0;0;0;0;0;0
7IzhLWKQbe5aLGu3aGSJ;2025-06-19;WildMG;0;1;2;2;0;0;0;0;0;0;0;0;0;0;0;0
7IzhLWKQbe5aLGu3aGSJ;2025-06-19;Lanmoin der 3te;0;0;0;0;0;0;0;0;0;0;0;0;0;0;0;0
7IzhLWKQbe5aLGu3aGSJ;2025-06-19;Adoran;0;6;0;0;0;0;0;0;0;0;0;0;0;0;0;0
7IzhLWKQbe5aLGu3aGSJ;2025-06-19;Lindis;0;11;12;3;0;0;0;0;0;0;0;0;0;0;0;0
7IzhLWKQbe5aLGu3aGSJ;2025-06-19;Mikoikt;0;4;2;0;0;0;0;0;0;0;0;0;0;0;0;0
7IzhLWKQbe5aLGu3aGSJ;2025-06-19;Rein;0;0;0;0;0;7;0;0;0;0;2;0;0;0;1;0
7IzhLWKQbe5aLGu3aGSJ;2025-06-19;MELISA;0;0;0;71;0;0;0;0;0;0;0;0;0;0;0;0
7IzhLWKQbe5aLGu3aGSJ;2025-06-19;Miss Pelace;1;15;7;6;0;5;0;0;0;0;0;0;0;0;0;0
7IzhLWKQbe5aLGu3aGSJ;2025-06-19;Bluebird;0;0;0;0;0;0;0;0;0;0;0;0;0;0;0;0
7IzhLWKQbe5aLGu3aGSJ;2025-06-19;MELISA;0;0;0;71;0;0;0;0;0;0;0;0;0;0;0;0
7IzhLWKQbe5aLGu3aGSJ;2025-06-19;Barsian;0;0;6;0;0;0;0;0;0;0;0;0;0;0;3;0
7IzhLWKQbe5aLGu3aGSJ;2025-06-19;KlaxxoN;0;2;0;0;0;0;0;0;0;0;0;0;0;0;5;0
7IzhLWKQbe5aLGu3aGSJ;2025-06-19;Eiskönigin;0;0;0;0;0;0;0;0;0;0;0;0;0;0;0;0
7IzhLWKQbe5aLGu3aGSJ;2025-06-19;kingchris;1;3;0;0;0;45;0;0;0;0;0;0;0;0;0;0
7IzhLWKQbe5aLGu3aGSJ;2025-06-19;koi;0;6;0;3;0;32;0;0;0;0;1;0;0;0;0;0
7IzhLWKQbe5aLGu3aGSJ;2025-06-19;Miaso;0;3;7;10;0;0;0;0;0;0;2;0;0;0;0;0
7IzhLWKQbe5aLGu3aGSJ;2025-06-19;Nightwulf;0;0;0;0;0;0;0;0;0;0;0;0;0;0;0;0
7IzhLWKQbe5aLGu3aGSJ;2025-06-19;Frostterror;0;5;0;0;0;8;0;0;0;0;0;0;0;0;0;0
7IzhLWKQbe5aLGu3aGSJ;2025-06-19;Friedoline;0;7;3;0;0;0;0;0;0;0;0;0;0;0;0;0
7IzhLWKQbe5aLGu3aGSJ;2025-06-19;Mary Pili;0;0;0;0;0;0;0;0;0;0;0;0;0;0;0;0
7IzhLWKQbe5aLGu3aGSJ;2025-06-19;Rein;0;0;0;0;0;7;0;0;0;0;2;0;0;0;1;0
7IzhLWKQbe5aLGu3aGSJ;2025-06-19;NikolajDNK;0;0;0;0;0;0;0;0;0;0;0;0;0;0;0;0
7IzhLWKQbe5aLGu3aGSJ;2025-06-19;Cerberus;0;1;0;0;0;0;0;0;0;0;0;0;0;0;0;0
7IzhLWKQbe5aLGu3aGSJ;2025-06-19;LosBoLos;0;0;16;0;0;0;0;0;0;0;0;0;0;0;5;0
7IzhLWKQbe5aLGu3aGSJ;2025-06-19;Romazan;0;4;0;1;0;6;0;0;0;0;0;0;0;0;0;0
7IzhLWKQbe5aLGu3aGSJ;2025-06-19;Angelina 2;0;0;0;0;0;0;0;0;0;0;0;0;0;0;5;0
7IzhLWKQbe5aLGu3aGSJ;2025-06-19;Eiskönigin;0;0;0;0;0;0;0;0;0;0;0;0;0;0;0;0
7IzhLWKQbe5aLGu3aGSJ;2025-06-19;Lanmoin der 3te;0;0;0;0;0;0;0;0;0;0;0;0;0;0;0;0
7IzhLWKQbe5aLGu3aGSJ;2025-06-19;PizzaOnkel IV;0;0;0;0;0;0;0;0;0;0;0;0;0;0;0;0
7IzhLWKQbe5aLGu3aGSJ;2025-06-19;T-34;0;0;0;99;0;0;0;0;0;0;6;0;0;0;0;0
7IzhLWKQbe5aLGu3aGSJ;2025-06-19;Petrov val;0;9;2;90;0;0;0;0;0;0;0;0;0;0;0;0
7IzhLWKQbe5aLGu3aGSJ;2025-06-19;Romazan;0;4;0;1;0;6;0;0;0;0;0;0;0;0;0;0
7IzhLWKQbe5aLGu3aGSJ;2025-06-19;White Los;0;0;0;0;0;0;0;0;0;0;0;0;0;0;0;0
7IzhLWKQbe5aLGu3aGSJ;2025-06-19;PizzaOnkel II;0;0;0;0;0;0;0;0;0;0;0;0;0;0;0;0
7IzhLWKQbe5aLGu3aGSJ;2025-06-19;Hexe Kaukau;0;5;0;1;0;0;0;0;0;0;0;0;0;0;0;0
7IzhLWKQbe5aLGu3aGSJ;2025-06-19;Bluebird;0;0;0;0;0;0;0;0;0;0;0;0;0;0;0;0
7IzhLWKQbe5aLGu3aGSJ;2025-06-19;Donald Duck;0;0;0;0;0;0;0;0;0;0;0;0;0;0;0;0
7IzhLWKQbe5aLGu3aGSJ;2025-06-19;Vakums;0;3;0;0;0;0;0;0;0;0;0;0;0;0;5;0
7IzhLWKQbe5aLGu3aGSJ;2025-06-19;Gustav Gans;0;0;0;0;0;0;0;0;0;0;0;0;0;0;0;0
7IzhLWKQbe5aLGu3aGSJ;2025-06-19;Brodyaga;0;6;2;0;0;0;0;0;0;0;0;0;0;0;0;0
7IzhLWKQbe5aLGu3aGSJ;2025-06-19;Monkey De Luffy;0;0;0;0;0;0;0;0;0;0;0;0;0;0;0;0
7IzhLWKQbe5aLGu3aGSJ;2025-06-19;YurasiK;0;16;2;9;0;17;0;0;0;0;0;0;0;0;0;0
7IzhLWKQbe5aLGu3aGSJ;2025-06-19;Perros;0;0;0;0;0;3;0;0;0;0;0;0;0;0;5;0
7IzhLWKQbe5aLGu3aGSJ;2025-06-19;shining pearl;0;15;0;0;0;0;0;0;0;0;0;0;0;0;0;0
7IzhLWKQbe5aLGu3aGSJ;2025-06-19;Kobani;0;6;2;0;0;0;0;0;0;0;0;0;0;0;0;0
7IzhLWKQbe5aLGu3aGSJ;2025-06-19;Jackal;0;4;0;0;0;0;0;0;0;0;0;0;0;0;0;0
7IzhLWKQbe5aLGu3aGSJ;2025-06-19;Vakums;0;3;0;0;0;0;0;0;0;0;0;0;0;0;5;0
7IzhLWKQbe5aLGu3aGSJ;2025-06-19;Shahanna;0;7;0;1;0;0;0;0;0;0;0;0;0;0;0;0
7IzhLWKQbe5aLGu3aGSJ;2025-06-19;Barsian;0;0;6;0;0;0;0;0;0;0;0;0;0;0;3;0
7IzhLWKQbe5aLGu3aGSJ;2025-06-19;Serdriilas;0;4;0;2;0;0;0;0;0;0;0;0;0;0;0;0
7IzhLWKQbe5aLGu3aGSJ;2025-06-19;Kupriyanych;0;0;0;0;0;0;0;0;0;0;0;0;0;0;0;0
7IzhLWKQbe5aLGu3aGSJ;2025-06-19;Elgi;0;0;0;79;0;0;0;0;0;0;0;0;0;0;0;0
7IzhLWKQbe5aLGu3aGSJ;2025-06-19;Angelina 2;0;0;0;0;0;0;0;0;0;0;0;0;0;0;5;0
7IzhLWKQbe5aLGu3aGSJ;2025-06-19;MIkl;0;0;0;0;0;0;0;0;0;0;0;0;0;0;0;0
7IzhLWKQbe5aLGu3aGSJ;2025-06-19;Frostterror;0;5;0;0;0;8;0;0;0;0;0;0;0;0;0;0
7IzhLWKQbe5aLGu3aGSJ;2025-06-19;Petrov val;0;9;2;90;0;0;0;0;0;0;0;0;0;0;0;0
7IzhLWKQbe5aLGu3aGSJ;2025-06-19;Jackal;0;4;0;0;0;0;0;0;0;0;0;0;0;0;0;0
7IzhLWKQbe5aLGu3aGSJ;2025-06-19;Perros;0;0;0;0;0;3;0;0;0;0;0;0;0;0;5;0
7IzhLWKQbe5aLGu3aGSJ;2025-06-19;Cerberus;0;1;0;0;0;0;0;0;0;0;0;0;0;0;0;0
7IzhLWKQbe5aLGu3aGSJ;2025-06-19;Ivanhoe;0;3;0;0;0;0;0;0;0;0;0;0;0;0;0;0
7IzhLWKQbe5aLGu3aGSJ;2025-06-19;PizzaOnkel II;0;0;0;0;0;0;0;0;0;0;0;0;0;0;0;0
7IzhLWKQbe5aLGu3aGSJ;2025-06-19;Alpha Logburg;1;2;0;0;0;2;0;0;0;0;0;0;0;0;0;0
7IzhLWKQbe5aLGu3aGSJ;2025-06-19;Tigra;0;22;2;1;0;0;0;0;0;0;0;0;0;0;5;0
7IzhLWKQbe5aLGu3aGSJ;2025-06-19;TrAiAnO 2;0;0;0;0;0;0;0;0;0;0;0;0;0;0;3;0
7IzhLWKQbe5aLGu3aGSJ;2025-06-19;Rainblade;0;17;0;0;0;0;0;0;0;0;0;0;0;0;0;0
7IzhLWKQbe5aLGu3aGSJ;2025-06-19;kuromi;0;0;0;0;0;0;0;0;0;0;0;0;0;0;0;0
7IzhLWKQbe5aLGu3aGSJ;2025-06-19;Daijind;0;4;2;1;0;8;0;0;0;0;0;0;0;0;0;0
7IzhLWKQbe5aLGu3aGSJ;2025-06-19;Eragon;1;6;0;0;0;0;0;0;0;0;1;0;0;0;5;0
7IzhLWKQbe5aLGu3aGSJ;2025-06-19;Nightwulf;0;0;0;0;0;0;0;0;0;0;0;0;0;0;0;0
7IzhLWKQbe5aLGu3aGSJ;2025-06-19;Zuzilkree;0;4;0;0;0;0;0;0;0;0;0;0;0;0;0;0
7IzhLWKQbe5aLGu3aGSJ;2025-06-19;Rainblade;0;17;0;0;0;0;0;0;0;0;0;0;0;0;0;0
7IzhLWKQbe5aLGu3aGSJ;2025-06-19;Kantrius;1;6;2;1;0;5;0;0;0;0;0;0;0;0;5;0
7IzhLWKQbe5aLGu3aGSJ;2025-06-19;Railkayilas;0;4;2;1;0;0;0;0;0;0;0;0;0;0;5;0
7IzhLWKQbe5aLGu3aGSJ;2025-06-19;Rover;0;6;0;0;0;0;0;0;0;0;0;0;0;0;0;0
7IzhLWKQbe5aLGu3aGSJ;2025-06-19;White Los;0;0;0;0;0;0;0;0;0;0;0;0;0;0;0;0
7IzhLWKQbe5aLGu3aGSJ;2025-06-19;Eragon;1;6;0;0;0;0;0;0;0;0;1;0;0;0;5;0
7IzhLWKQbe5aLGu3aGSJ;2025-06-19;Miaso;0;3;7;10;0;0;0;0;0;0;2;0;0;0;0;0
7IzhLWKQbe5aLGu3aGSJ;2025-06-19;Daijind;0;4;2;1;0;8;0;0;0;0;0;0;0;0;0;0
7IzhLWKQbe5aLGu3aGSJ;2025-06-19;Kupriyanych;0;0;0;0;0;0;0;0;0;0;0;0;0;0;0;0
7IzhLWKQbe5aLGu3aGSJ;2025-06-19;Lassus;0;0;0;0;0;11;0;0;0;0;0;0;0;0;0;0
7IzhLWKQbe5aLGu3aGSJ;2025-06-19;MIkl;0;0;0;0;0;0;0;0;0;0;0;0;0;0;0;0
7IzhLWKQbe5aLGu3aGSJ;2025-06-19;Heinrich der Löwe;0;9;0;1;0;0;0;0;0;0;0;0;0;0;0;0
7IzhLWKQbe5aLGu3aGSJ;2025-06-19;Friedoline;0;7;3;0;0;0;0;0;0;0;0;0;0;0;0;0
7IzhLWKQbe5aLGu3aGSJ;2025-06-19;Adoran;0;6;0;0;0;0;0;0;0;0;0;0;0;0;0;0
7IzhLWKQbe5aLGu3aGSJ;2025-06-19;Tehn;0;3;1;0;0;0;0;0;0;0;0;0;0;0;0;0
7IzhLWKQbe5aLGu3aGSJ;2025-06-19;Elsa;0;1;0;0;0;0;0;0;0;0;0;0;0;0;0;0
7IzhLWKQbe5aLGu3aGSJ;2025-06-19;Fray;0;15;2;5;0;0;0;0;0;0;0;0;0;0;5;0
7IzhLWKQbe5aLGu3aGSJ;2025-06-19;Ivanhoe;0;3;0;0;0;0;0;0;0;0;0;0;0;0;0;0
7IzhLWKQbe5aLGu3aGSJ;2025-06-19;Buck Man;0;4;1;2;0;6;0;0;0;0;1;0;0;0;0;0
7IzhLWKQbe5aLGu3aGSJ;2025-06-19;T-34;0;0;0;99;0;0;0;0;0;0;6;0;0;0;0;0
7IzhLWKQbe5aLGu3aGSJ;2025-06-19;Jannoz;0;0;0;0;0;0;0;0;0;0;0;0;0;0;0;0
7IzhLWKQbe5aLGu3aGSJ;2025-06-19;DerVerständnisvolle;0;0;0;0;0;0;0;0;0;0;0;0;0;0;0;0
7IzhLWKQbe5aLGu3aGSJ;2025-06-19;Elsa;0;1;0;0;0;0;0;0;0;0;0;0;0;0;0;0
7IzhLWKQbe5aLGu3aGSJ;2025-06-19;Hulsa;0;6;0;0;0;0;0;0;0;0;0;0;0;0;5;0
7IzhLWKQbe5aLGu3aGSJ;2025-06-19;Lanmoin der Kleine;0;0;0;0;0;0;0;0;0;0;0;0;0;0;0;0
7IzhLWKQbe5aLGu3aGSJ;2025-06-19;Gardashura;0;2;0;0;0;0;0;0;0;0;0;0;0;0;0;0
7IzhLWKQbe5aLGu3aGSJ;2025-06-19;Hexe Kaukau;0;5;0;1;0;0;0;0;0;0;0;0;0;0;0;0
7IzhLWKQbe5aLGu3aGSJ;2025-06-19;shining pearl;0;15;0;0;0;0;0;0;0;0;0;0;0;0;0;0
7IzhLWKQbe5aLGu3aGSJ;2025-06-19;El Mosca;0;0;0;0;0;0;0;0;0;0;0;0;0;0;0;0
7IzhLWKQbe5aLGu3aGSJ;2025-06-19;NikolajDNK;0;0;0;0;0;0;0;0;0;0;0;0;0;0;0;0
7IzhLWKQbe5aLGu3aGSJ;2025-06-19;Roland;0;3;5;11;0;10;1;0;0;0;0;0;0;0;0;0
7IzhLWKQbe5aLGu3aGSJ;2025-06-19;Lassus;0;0;0;0;0;11;0;0;0;0;0;0;0;0;0;0
7IzhLWKQbe5aLGu3aGSJ;2025-06-19;Roland;0;3;5;11;0;10;1;0;0;0;0;0;0;0;0;0
7IzhLWKQbe5aLGu3aGSJ;2025-06-19;Forondod;0;0;0;0;0;0;0;0;0;0;0;0;0;0;0;0
7IzhLWKQbe5aLGu3aGSJ;2025-06-19;Gocha;0;0;0;0;0;0;0;0;0;0;0;0;0;0;0;0
7IzhLWKQbe5aLGu3aGSJ;2025-06-19;Monkey De Luffy;0;0;0;0;0;0;0;0;0;0;0;0;0;0;0;0
7IzhLWKQbe5aLGu3aGSJ;2025-06-19;Gardashura;0;2;0;0;0;0;0;0;0;0;0;0;0;0;0;0
7IzhLWKQbe5aLGu3aGSJ;2025-06-19;Donald Duck;0;0;0;0;0;0;0;0;0;0;0;0;0;0;0;0
7IzhLWKQbe5aLGu3aGSJ;2025-06-19;Upasara Wulung;0;0;0;0;0;0;0;0;0;0;0;0;0;0;0;0
7IzhLWKQbe5aLGu3aGSJ;2025-06-19;YurasiK;0;16;2;9;0;17;0;0;0;0;0;0;0;0;0;0
7IzhLWKQbe5aLGu3aGSJ;2025-06-19;PizzaOnkel IV;0;0;0;0;0;0;0;0;0;0;0;0;0;0;0;0
7IzhLWKQbe5aLGu3aGSJ;2025-06-19;Rover;0;6;0;0;0;0;0;0;0;0;0;0;0;0;0;0
7IzhLWKQbe5aLGu3aGSJ;2025-06-19;WildMG;0;1;2;2;0;0;0;0;0;0;0;0;0;0;0;0
7IzhLWKQbe5aLGu3aGSJ;2025-06-19;Buck Man;0;4;1;2;0;6;0;0;0;0;1;0;0;0;0;0
7IzhLWKQbe5aLGu3aGSJ;2025-06-19;Fray;0;15;2;5;0;0;0;0;0;0;0;0;0;0;5;0
7IzhLWKQbe5aLGu3aGSJ;2025-06-19;Nightfang;0;6;1;0;0;3;0;3;0;0;0;0;0;0;5;0
7IzhLWKQbe5aLGu3aGSJ;2025-06-19;Fendis;0;0;0;0;0;0;0;0;0;0;0;0;0;0;0;0
7IzhLWKQbe5aLGu3aGSJ;2025-06-19;Kantrius;1;6;2;1;0;5;0;0;0;0;0;0;0;0;5;0
7IzhLWKQbe5aLGu3aGSJ;2025-06-19;Nightfang;0;6;1;0;0;3;0;3;0;0;0;0;0;0;5;0
7IzhLWKQbe5aLGu3aGSJ;2025-06-19;Rifur;0;3;0;0;0;0;0;0;0;0;0;0;0;0;0;0
7IzhLWKQbe5aLGu3aGSJ;2025-06-19;Germano1;3;32;0;0;0;0;0;0;0;0;0;0;0;0;0;0
7IzhLWKQbe5aLGu3aGSJ;2025-06-19;Elgi;0;0;0;79;0;0;0;0;0;0;0;0;0;0;0;0
7IzhLWKQbe5aLGu3aGSJ;2025-06-19;Zuzilkree;0;4;0;0;0;0;0;0;0;0;0;0;0;0;0;0
7IzhLWKQbe5aLGu3aGSJ;2025-06-19;Alpha Logburg;1;2;0;0;0;2;0;0;0;0;0;0;0;0;0;0
7IzhLWKQbe5aLGu3aGSJ;2025-06-19;Rifur;0;3;0;0;0;0;0;0;0;0;0;0;0;0;0;0
7IzhLWKQbe5aLGu3aGSJ;2025-06-19;kuromi;0;0;0;0;0;0;0;0;0;0;0;0;0;0;0;0
7IzhLWKQbe5aLGu3aGSJ;2025-06-19;kingchris;1;3;0;0;0;45;0;0;0;0;0;0;0;0;0;0
7IzhLWKQbe5aLGu3aGSJ;2025-06-19;Traiano;0;0;0;0;0;0;0;0;0;0;0;0;0;0;5;0
7IzhLWKQbe5aLGu3aGSJ;2025-06-19;Lindis;0;11;12;3;0;0;0;0;0;0;0;0;0;0;0;0
7IzhLWKQbe5aLGu3aGSJ;2025-06-19;Mary Pili;0;0;0;0;0;0;0;0;0;0;0;0;0;0;0;0
7IzhLWKQbe5aLGu3aGSJ;2025-06-19;SBzBy II;0;3;1;4;0;1;0;0;0;0;0;0;0;0;0;0
7IzhLWKQbe5aLGu3aGSJ;2025-06-19;Hulsa;0;6;0;0;0;0;0;0;0;0;0;0;0;0;5;0
7IzhLWKQbe5aLGu3aGSJ;2025-06-19;DerVerständnisvolle;0;0;0;0;0;0;0;0;0;0;0;0;0;0;0;0
7IzhLWKQbe5aLGu3aGSJ;2025-06-19;Kamaw DOC;0;8;0;4;0;0;0;0;0;0;0;0;0;0;5;0
7IzhLWKQbe5aLGu3aGSJ;2025-06-19;Heinrich der Löwe;0;9;0;1;0;0;0;0;0;0;0;0;0;0;0;0
7IzhLWKQbe5aLGu3aGSJ;2025-06-19;Brodyaga;0;6;2;0;0;0;0;0;0;0;0;0;0;0;0;0
7IzhLWKQbe5aLGu3aGSJ;2025-06-19;Tehn;0;3;1;0;0;0;0;0;0;0;0;0;0;0;0;0
7IzhLWKQbe5aLGu3aGSJ;2025-06-19;Miss Pelace;1;15;7;6;0;5;0;0;0;0;0;0;0;0;0;0
7IzhLWKQbe5aLGu3aGSJ;2025-06-19;Germano1;3;32;0;0;0;0;0;0;0;0;0;0;0;0;0;0
7IzhLWKQbe5aLGu3aGSJ;2025-06-19;Lord Rahl;0;0;0;0;0;0;0;0;0;0;0;0;0;0;0;0
7IzhLWKQbe5aLGu3aGSJ;2025-06-19;Jannoz;0;0;0;0;0;0;0;0;0;0;0;0;0;0;0;0
7IzhLWKQbe5aLGu3aGSJ;2025-06-19;Fendis;0;0;0;0;0;0;0;0;0;0;0;0;0;0;0;0
7IzhLWKQbe5aLGu3aGSJ;2025-06-19;Gocha;0;0;0;0;0;0;0;0;0;0;0;0;0;0;0;0
7IzhLWKQbe5aLGu3aGSJ;2025-06-19;TrAiAnO 2;0;0;0;0;0;0;0;0;0;0;0;0;0;0;3;0
7IzhLWKQbe5aLGu3aGSJ;2025-06-19;Serdriilas;0;4;0;2;0;0;0;0;0;0;0;0;0;0;0;0
7IzhLWKQbe5aLGu3aGSJ;2025-06-19;Traiano;0;0;0;0;0;0;0;0;0;0;0;0;0;0;5;0
7IzhLWKQbe5aLGu3aGSJ;2025-06-19;Lord Rahl;0;0;0;0;0;0;0;0;0;0;0;0;0;0;0;0
7IzhLWKQbe5aLGu3aGSJ;2025-06-19;El Mosca;0;0;0;0;0;0;0;0;0;0;0;0;0;0;0;0
7IzhLWKQbe5aLGu3aGSJ;2025-06-19;KlaxxoN;0;2;0;0;0;0;0;0;0;0;0;0;0;0;5;0
7IzhLWKQbe5aLGu3aGSJ;2025-06-19;Lanmoin der Kleine;0;0;0;0;0;0;0;0;0;0;0;0;0;0;0;0
7IzhLWKQbe5aLGu3aGSJ;2025-06-19;LosBoLos;0;0;16;0;0;0;0;0;0;0;0;0;0;0;5;0
7IzhLWKQbe5aLGu3aGSJ;2025-06-19;Upasara Wulung;0;0;0;0;0;0;0;0;0;0;0;0;0;0;0;0
7IzhLWKQbe5aLGu3aGSJ;2025-06-19;Shahanna;0;7;0;1;0;0;0;0;0;0;0;0;0;0;0;0
7IzhLWKQbe5aLGu3aGSJ;2025-06-19;Gustav Gans;0;0;0;0;0;0;0;0;0;0;0;0;0;0;0;0
7IzhLWKQbe5aLGu3aGSJ;2025-06-19;Mikoikt;0;4;2;0;0;0;0;0;0;0;0;0;0;0;0;0
Yr6rfrFFfthAL4X5qQme;2025-06-25;kingdom warrior 2;0;4;0;0;0;0;0;0;0;0;0;0;0;0;0;0
Yr6rfrFFfthAL4X5qQme;2025-06-25;Lord Rahl;0;0;0;0;0;0;0;0;0;0;0;0;0;0;0;0
Yr6rfrFFfthAL4X5qQme;2025-06-25;Adoran;0;4;0;0;0;0;0;0;0;0;0;0;0;0;0;0
Yr6rfrFFfthAL4X5qQme;2025-06-25;Romazan;0;12;3;5;0;11;0;0;0;0;3;0;0;0;0;0
Yr6rfrFFfthAL4X5qQme;2025-06-25;Buck Man;0;26;5;4;0;9;0;0;0;0;0;0;0;0;0;0
Yr6rfrFFfthAL4X5qQme;2025-06-25;Vakums;0;3;3;0;0;30;0;6;0;0;0;0;0;0;0;0
Yr6rfrFFfthAL4X5qQme;2025-06-25;Moginn;0;20;3;4;0;9;0;0;0;0;0;0;0;0;0;0
Yr6rfrFFfthAL4X5qQme;2025-06-25;Brodyaga;0;4;0;0;0;0;0;0;0;0;1;0;0;0;0;0
Yr6rfrFFfthAL4X5qQme;2025-06-25;Alpha Logburg;0;0;0;0;0;0;0;0;0;0;0;0;0;0;0;0
Yr6rfrFFfthAL4X5qQme;2025-06-25;Lord Rahl;0;0;0;0;0;0;0;0;0;0;0;0;0;0;0;0
Yr6rfrFFfthAL4X5qQme;2025-06-25;LosBolLos;0;5;0;0;0;0;0;0;0;0;0;0;0;0;0;0
Yr6rfrFFfthAL4X5qQme;2025-06-25;SBzBy II;2;8;9;2;0;3;0;9;0;1;0;0;0;0;0;0
Yr6rfrFFfthAL4X5qQme;2025-06-25;Alpha Logburg;0;0;0;0;0;0;0;0;0;0;0;0;0;0;0;0
Yr6rfrFFfthAL4X5qQme;2025-06-25;WildMG;0;3;3;1;0;0;0;0;0;0;0;0;0;0;0;0
Yr6rfrFFfthAL4X5qQme;2025-06-25;Lindis;0;0;0;0;0;0;0;0;0;0;0;0;0;0;0;0
Yr6rfrFFfthAL4X5qQme;2025-06-25;rami;0;15;2;0;0;1;0;0;0;0;0;0;0;0;0;0
Yr6rfrFFfthAL4X5qQme;2025-06-25;Kobani;0;2;0;0;0;0;0;0;0;0;0;0;0;0;0;0
Yr6rfrFFfthAL4X5qQme;2025-06-25;Kamaw DOC;0;2;0;0;0;8;0;0;0;0;0;0;0;0;0;0
Yr6rfrFFfthAL4X5qQme;2025-06-25;Tehn;0;5;0;0;0;0;0;0;0;0;0;0;0;0;0;0
Yr6rfrFFfthAL4X5qQme;2025-06-25;Lanmoin der 3te;0;0;33;140;0;0;0;0;0;0;0;0;0;0;0;0
Yr6rfrFFfthAL4X5qQme;2025-06-25;Gocha;0;0;0;0;0;0;0;0;0;0;0;0;0;0;0;0
Yr6rfrFFfthAL4X5qQme;2025-06-25;NikolajDNK;0;5;0;0;0;0;0;0;0;0;0;0;0;0;0;0
Yr6rfrFFfthAL4X5qQme;2025-06-25;Donald Duck;0;0;0;0;0;0;0;1;0;0;0;0;0;0;0;0
Yr6rfrFFfthAL4X5qQme;2025-06-25;Gardashura;0;0;0;0;0;0;0;0;0;0;0;0;0;0;0;0
Yr6rfrFFfthAL4X5qQme;2025-06-25;Kobani;0;2;0;0;0;0;0;0;0;0;0;0;0;0;0;0
Yr6rfrFFfthAL4X5qQme;2025-06-25;Railkayilas;0;0;0;0;0;0;0;0;0;0;0;0;0;0;0;0
Yr6rfrFFfthAL4X5qQme;2025-06-25;Fendis;0;0;0;0;0;0;0;0;0;0;0;0;0;0;0;0
Yr6rfrFFfthAL4X5qQme;2025-06-25;El Mosca;0;0;0;0;0;0;0;0;0;0;0;0;0;0;0;0
Yr6rfrFFfthAL4X5qQme;2025-06-25;Jannoz;0;11;5;4;0;0;0;0;0;0;0;0;0;0;0;0
Yr6rfrFFfthAL4X5qQme;2025-06-25;Fray;0;9;6;2;0;3;0;0;0;0;0;0;0;0;0;0
Yr6rfrFFfthAL4X5qQme;2025-06-25;Upasara Wulung;0;0;0;0;0;0;0;0;0;0;0;0;0;0;0;0
Yr6rfrFFfthAL4X5qQme;2025-06-25;Frostterror;0;4;0;0;0;0;0;0;0;0;0;0;0;0;0;0
Yr6rfrFFfthAL4X5qQme;2025-06-25;Adoran;0;4;0;0;0;0;0;0;0;0;0;0;0;0;0;0
Yr6rfrFFfthAL4X5qQme;2025-06-25;Ya kut;0;11;1;0;0;1;0;0;0;0;0;0;0;0;0;0
Yr6rfrFFfthAL4X5qQme;2025-06-25;Barsian;0;0;0;0;0;0;0;0;0;0;0;0;0;0;0;0
Yr6rfrFFfthAL4X5qQme;2025-06-25;Moginn;0;20;3;4;0;9;0;0;0;0;0;0;0;0;0;0
Yr6rfrFFfthAL4X5qQme;2025-06-25;Rover;0;9;2;126;0;21;0;0;0;0;0;0;0;0;0;0
Yr6rfrFFfthAL4X5qQme;2025-06-25;Serdriilas;0;16;1;6;0;1;0;0;0;0;0;0;0;0;0;0
Yr6rfrFFfthAL4X5qQme;2025-06-25;KlaxxoN;0;2;0;0;0;0;0;0;0;0;0;0;0;0;0;0
Yr6rfrFFfthAL4X5qQme;2025-06-25;Miss Pelace;0;2;0;0;0;0;0;0;0;0;1;0;0;0;0;0
Yr6rfrFFfthAL4X5qQme;2025-06-25;Danara;0;5;6;0;0;10;0;0;0;0;0;0;0;0;0;0
Yr6rfrFFfthAL4X5qQme;2025-06-25;Heinrich der Lowe;0;2;0;0;0;0;0;0;0;0;0;0;0;0;0;0
Yr6rfrFFfthAL4X5qQme;2025-06-25;Monkey De Luffy;0;0;0;0;0;0;0;0;0;0;0;0;0;0;0;0
Yr6rfrFFfthAL4X5qQme;2025-06-25;DerVerstandnisvolle;1;7;2;0;0;1;0;0;0;0;0;0;0;0;0;0
Yr6rfrFFfthAL4X5qQme;2025-06-25;Donald Duck;0;0;0;0;0;0;0;1;0;0;0;0;0;0;0;0
Yr6rfrFFfthAL4X5qQme;2025-06-25;Eiskonigin;0;0;0;0;0;0;0;0;0;0;0;0;0;0;0;0
Yr6rfrFFfthAL4X5qQme;2025-06-25;Shahanna;0;10;0;1;0;0;0;0;0;0;0;0;0;0;0;0
Yr6rfrFFfthAL4X5qQme;2025-06-25;Dalinad;0;0;0;0;0;1;0;0;0;0;0;0;0;0;0;0
Yr6rfrFFfthAL4X5qQme;2025-06-25;T-34;0;0;2;0;0;11;0;0;0;0;0;0;0;0;0;0
Yr6rfrFFfthAL4X5qQme;2025-06-25;Angelina 2;0;35;0;124;0;0;0;0;0;0;3;0;0;0;0;0
Yr6rfrFFfthAL4X5qQme;2025-06-25;Petrov val;0;14;5;4;0;3;0;0;0;0;0;0;0;0;0;0
Yr6rfrFFfthAL4X5qQme;2025-06-25;Bluebird;0;0;0;0;0;0;0;0;0;0;0;0;0;0;0;0
Yr6rfrFFfthAL4X5qQme;2025-06-25;Jackal;0;6;0;0;0;0;0;0;0;0;0;0;0;0;0;0
Yr6rfrFFfthAL4X5qQme;2025-06-25;KlaxxoN;0;2;0;0;0;0;0;0;0;0;0;0;0;0;0;0
Yr6rfrFFfthAL4X5qQme;2025-06-25;Elsa;0;0;0;0;0;0;0;0;0;0;0;0;0;0;0;0
Yr6rfrFFfthAL4X5qQme;2025-06-25;Railkayilas;0;0;0;0;0;0;0;0;0;0;0;0;0;0;0;0
Yr6rfrFFfthAL4X5qQme;2025-06-25;Ivanhoe;0;6;0;0;0;0;0;0;0;0;0;0;0;0;0;0
Yr6rfrFFfthAL4X5qQme;2025-06-25;Hexe Kaukau;0;2;0;0;0;0;0;0;0;0;0;0;0;0;0;0
Yr6rfrFFfthAL4X5qQme;2025-06-25;Lanmoin der Kleine;0;0;0;0;0;0;0;0;0;0;0;0;0;0;0;0
Yr6rfrFFfthAL4X5qQme;2025-06-25;Tigra;0;28;2;6;0;23;0;0;0;0;0;0;0;0;0;0
Yr6rfrFFfthAL4X5qQme;2025-06-25;kingchris;0;4;0;1;0;2;0;0;0;0;0;0;0;0;0;0
Yr6rfrFFfthAL4X5qQme;2025-06-25;Tehn;0;5;0;0;0;0;0;0;0;0;0;0;0;0;0;0
Yr6rfrFFfthAL4X5qQme;2025-06-25;Perros;0;0;0;0;0;11;0;0;0;0;0;0;0;0;0;0
Yr6rfrFFfthAL4X5qQme;2025-06-25;Nightfang;0;6;3;3;0;7;0;0;0;0;0;0;0;0;0;0
Yr6rfrFFfthAL4X5qQme;2025-06-25;MIKI;0;0;0;0;0;0;0;0;0;0;0;0;0;0;0;0
Yr6rfrFFfthAL4X5qQme;2025-06-25;Lindis;0;0;0;0;0;0;0;0;0;0;0;0;0;0;0;0
Yr6rfrFFfthAL4X5qQme;2025-06-25;Friedoline;0;14;3;1;0;0;0;0;0;0;0;0;0;0;0;0
Yr6rfrFFfthAL4X5qQme;2025-06-25;Eragon;0;6;4;0;0;0;0;0;0;0;0;0;0;0;0;0
Yr6rfrFFfthAL4X5qQme;2025-06-25;kingchris;0;4;0;1;0;2;0;0;0;0;0;0;0;0;0;0
Yr6rfrFFfthAL4X5qQme;2025-06-25;Mary Pili;0;0;0;0;0;0;0;0;0;0;0;0;0;0;0;0
Yr6rfrFFfthAL4X5qQme;2025-06-25;Gardashura;0;0;0;0;0;0;0;0;0;0;0;0;0;0;0;0
Yr6rfrFFfthAL4X5qQme;2025-06-25;MELISA;0;0;0;0;0;0;0;0;0;0;0;0;0;0;0;0
Yr6rfrFFfthAL4X5qQme;2025-06-25;Gocha;0;0;0;0;0;0;0;0;0;0;0;0;0;0;0;0
Yr6rfrFFfthAL4X5qQme;2025-06-25;Fendis;0;0;0;0;0;0;0;0;0;0;0;0;0;0;0;0
Yr6rfrFFfthAL4X5qQme;2025-06-25;Roland;0;6;2;7;0;4;0;0;0;1;0;0;0;0;0;0
Yr6rfrFFfthAL4X5qQme;2025-06-25;Hulsa;0;4;0;0;0;0;0;0;0;0;0;0;0;0;0;0
Yr6rfrFFfthAL4X5qQme;2025-06-25;Rifur;0;6;3;2;0;0;0;0;0;0;0;0;0;0;0;0
Yr6rfrFFfthAL4X5qQme;2025-06-25;Kupriyanych;0;0;0;0;0;0;0;0;0;0;0;0;0;0;0;0
Yr6rfrFFfthAL4X5qQme;2025-06-25;Ya kut;0;11;1;0;0;1;0;0;0;0;0;0;0;0;0;0
Yr6rfrFFfthAL4X5qQme;2025-06-25;Lanmoin der Kleine;0;0;0;0;0;0;0;0;0;0;0;0;0;0;0;0
Yr6rfrFFfthAL4X5qQme;2025-06-25;Bluebird;0;0;0;0;0;0;0;0;0;0;0;0;0;0;0;0
Yr6rfrFFfthAL4X5qQme;2025-06-25;Cerberus;0;2;0;2;0;0;0;0;0;0;0;0;0;0;0;0
Yr6rfrFFfthAL4X5qQme;2025-06-25;Elgi;0;6;1;3;0;0;0;0;0;0;0;0;0;0;0;0
Yr6rfrFFfthAL4X5qQme;2025-06-25;YurasiK;0;16;4;0;0;1;0;0;0;0;0;0;0;0;0;0
Yr6rfrFFfthAL4X5qQme;2025-06-25;MELISA;0;0;0;0;0;0;0;0;0;0;0;0;0;0;0;0
Yr6rfrFFfthAL4X5qQme;2025-06-25;Romazan;0;12;3;5;0;11;0;0;0;0;3;0;0;0;0;0
Yr6rfrFFfthAL4X5qQme;2025-06-25;Forondod;0;6;0;0;0;0;0;0;0;0;0;0;0;0;0;0
Yr6rfrFFfthAL4X5qQme;2025-06-25;Traiano;0;13;0;11;0;0;0;0;0;0;0;0;0;0;0;0
Yr6rfrFFfthAL4X5qQme;2025-06-25;Mary Pili;0;0;0;0;0;0;0;0;0;0;0;0;0;0;0;0
Yr6rfrFFfthAL4X5qQme;2025-06-25;Miaso;0;0;0;0;0;0;0;0;0;0;0;0;0;0;0;0
Yr6rfrFFfthAL4X5qQme;2025-06-25;koi;0;8;2;2;0;22;0;0;0;0;0;0;0;0;0;0
Yr6rfrFFfthAL4X5qQme;2025-06-25;Kantrius;1;47;0;0;0;0;0;0;0;0;0;0;0;0;0;0
Yr6rfrFFfthAL4X5qQme;2025-06-25;Traiano;0;13;0;11;0;0;0;0;0;0;0;0;0;0;0;0
Yr6rfrFFfthAL4X5qQme;2025-06-25;kingdom warrior jn;0;0;0;0;0;0;0;0;0;0;0;0;0;0;0;0
Yr6rfrFFfthAL4X5qQme;2025-06-25;Zuzilkree;1;21;1;2;0;0;0;0;0;0;0;0;0;0;0;0
Yr6rfrFFfthAL4X5qQme;2025-06-25;Danara;0;5;6;0;0;10;0;0;0;0;0;0;0;0;0;0
Yr6rfrFFfthAL4X5qQme;2025-06-25;Daijind;1;10;0;1;0;0;0;0;0;0;0;0;0;0;0;0
Yr6rfrFFfthAL4X5qQme;2025-06-25;Rainblade;0;11;0;0;0;0;0;0;0;0;0;0;0;0;0;0
Yr6rfrFFfthAL4X5qQme;2025-06-25;Kamaw DOC;0;2;0;0;0;8;0;0;0;0;0;0;0;0;0;0
Yr6rfrFFfthAL4X5qQme;2025-06-25;Serdriilas;0;16;1;6;0;1;0;0;0;0;0;0;0;0;0;0
Yr6rfrFFfthAL4X5qQme;2025-06-25;Nightwulf;0;0;0;0;0;0;0;0;0;0;0;0;0;0;0;0
Yr6rfrFFfthAL4X5qQme;2025-06-25;Monkey De Luffy;0;0;0;0;0;0;0;0;0;0;0;0;0;0;0;0
Yr6rfrFFfthAL4X5qQme;2025-06-25;Vakums;0;3;3;0;0;30;0;6;0;0;0;0;0;0;0;0
Yr6rfrFFfthAL4X5qQme;2025-06-25;Rein;0;3;0;0;0;22;0;0;0;0;1;0;0;0;0;0
Yr6rfrFFfthAL4X5qQme;2025-06-25;El Mosca;0;0;0;0;0;0;0;0;0;0;0;0;0;0;0;0
Yr6rfrFFfthAL4X5qQme;2025-06-25;Kupriyanych;0;0;0;0;0;0;0;0;0;0;0;0;0;0;0;0
Yr6rfrFFfthAL4X5qQme;2025-06-25;Forondod;0;6;0;0;0;0;0;0;0;0;0;0;0;0;0;0
Yr6rfrFFfthAL4X5qQme;2025-06-25;Serdriel;0;1;1;1;0;1;0;0;0;0;0;0;0;0;0;0
Yr6rfrFFfthAL4X5qQme;2025-06-25;Mikoikt;0;2;0;2;0;0;0;6;0;0;0;0;0;0;0;0
Yr6rfrFFfthAL4X5qQme;2025-06-25;Frostterror;0;4;0;0;0;0;0;0;0;0;0;0;0;0;0;0
Yr6rfrFFfthAL4X5qQme;2025-06-25;NikolajDNK;0;5;0;0;0;0;0;0;0;0;0;0;0;0;0;0
Yr6rfrFFfthAL4X5qQme;2025-06-25;Elgi;0;6;1;3;0;0;0;0;0;0;0;0;0;0;0;0
Yr6rfrFFfthAL4X5qQme;2025-06-25;Rainblade;0;11;0;0;0;0;0;0;0;0;0;0;0;0;0;0
Yr6rfrFFfthAL4X5qQme;2025-06-25;Cerberus;0;2;0;2;0;0;0;0;0;0;0;0;0;0;0;0
Yr6rfrFFfthAL4X5qQme;2025-06-25;White Los;0;0;0;0;0;0;0;0;0;0;0;0;0;0;0;0
Yr6rfrFFfthAL4X5qQme;2025-06-25;koi;0;8;2;2;0;22;0;0;0;0;0;0;0;0;0;0
Yr6rfrFFfthAL4X5qQme;2025-06-25;Rifur;0;6;3;2;0;0;0;0;0;0;0;0;0;0;0;0
Yr6rfrFFfthAL4X5qQme;2025-06-25;TrAiAnO 2;0;0;0;0;0;0;0;0;0;0;0;0;0;0;0;0
fzJ1dTgLF5Cex9v7bgoF;2025-06-03;Donald Duck;0;0;0;0;0;0;0;0;0;0;0;0;0;0;0;0
fzJ1dTgLF5Cex9v7bgoF;2025-06-03;Egli;0;26;1;12;0;0;0;0;0;0;0;0;0;0;0;0
fzJ1dTgLF5Cex9v7bgoF;2025-06-03;KlaxxoN;0;0;0;0;0;0;0;0;0;0;0;0;0;0;0;0
fzJ1dTgLF5Cex9v7bgoF;2025-06-03;NikolajDNK;0;1;0;0;0;0;0;0;0;0;0;0;0;0;0;0
fzJ1dTgLF5Cex9v7bgoF;2025-06-03;kingchris;0;3;0;0;0;0;0;0;0;0;0;0;0;0;0;0
fzJ1dTgLF5Cex9v7bgoF;2025-06-03;Vakums;0;6;0;3;0;0;0;3;0;0;0;0;0;0;0;0
fzJ1dTgLF5Cex9v7bgoF;2025-06-03;Gustav Gans;0;0;0;0;0;0;0;0;0;0;0;0;0;0;0;0
fzJ1dTgLF5Cex9v7bgoF;2025-06-03;Ivanhoe;0;9;1;2;0;2;0;0;0;0;0;0;0;0;0;0
fzJ1dTgLF5Cex9v7bgoF;2025-06-03;MELISA;0;10;0;5;0;0;0;3;1;0;0;0;0;0;0;0
fzJ1dTgLF5Cex9v7bgoF;2025-06-03;Cerberus;0;0;0;0;0;0;0;0;0;0;0;0;0;0;0;0
fzJ1dTgLF5Cex9v7bgoF;2025-06-03;Drago;0;0;0;0;0;0;0;0;0;0;0;0;0;0;0;0
fzJ1dTgLF5Cex9v7bgoF;2025-06-03;TrAIANO 2;0;0;0;0;0;0;0;0;0;0;0;0;0;0;0;0
fzJ1dTgLF5Cex9v7bgoF;2025-06-03;Petrov val;0;4;0;1;0;0;0;0;0;0;0;0;0;0;0;0
fzJ1dTgLF5Cex9v7bgoF;2025-06-03;T-34;0;0;0;0;0;0;0;0;0;0;0;0;0;0;0;0
fzJ1dTgLF5Cex9v7bgoF;2025-06-03;Moginn;0;0;0;0;0;0;0;0;0;0;0;0;0;0;0;0
fzJ1dTgLF5Cex9v7bgoF;2025-06-03;Forondod;1;4;0;1;0;0;0;0;0;0;0;0;0;0;0;0
fzJ1dTgLF5Cex9v7bgoF;2025-06-03;Brodyaga;1;4;0;2;0;0;0;0;0;0;0;0;0;0;0;0
fzJ1dTgLF5Cex9v7bgoF;2025-06-03;Zuzilkree;0;13;2;0;0;0;0;0;0;0;0;0;0;0;0;0
fzJ1dTgLF5Cex9v7bgoF;2025-06-03;Lassus;0;0;0;0;0;37;0;0;0;0;0;0;0;0;0;0
fzJ1dTgLF5Cex9v7bgoF;2025-06-03;YurasiK;0;24;6;0;0;0;0;0;0;0;0;0;0;0;0;0
fzJ1dTgLF5Cex9v7bgoF;2025-06-03;Eiskönigin;0;0;0;0;0;0;0;0;0;0;0;0;0;0;0;0
fzJ1dTgLF5Cex9v7bgoF;2025-06-03;Nightfang;0;6;14;1;0;13;0;3;1;0;0;0;0;0;0;0
fzJ1dTgLF5Cex9v7bgoF;2025-06-03;Lanmoin der Kleine;0;82;0;1;0;0;0;0;0;0;0;0;0;0;0;0
fzJ1dTgLF5Cex9v7bgoF;2025-06-03;Rover;0;6;1;1;0;13;0;0;0;0;0;0;0;0;0;0
fzJ1dTgLF5Cex9v7bgoF;2025-06-03;kuromi;0;0;0;0;0;0;0;0;0;0;0;0;0;0;0;0
fzJ1dTgLF5Cex9v7bgoF;2025-06-03;BlueBird;0;0;0;0;0;0;0;0;0;0;0;0;0;0;0;0
fzJ1dTgLF5Cex9v7bgoF;2025-06-03;Hulsa;0;12;0;0;0;0;0;0;0;0;0;0;0;0;0;0
fzJ1dTgLF5Cex9v7bgoF;2025-06-03;Gocha;0;0;0;0;0;0;0;0;0;0;0;0;0;0;0;0
fzJ1dTgLF5Cex9v7bgoF;2025-06-03;SBzBy ll;0;24;1;6;0;1;0;0;3;0;0;0;0;0;0;0
fzJ1dTgLF5Cex9v7bgoF;2025-06-03;Gardashura;0;5;0;0;0;0;0;0;0;0;0;0;0;0;0;0
fzJ1dTgLF5Cex9v7bgoF;2025-06-03;Serdriilas;0;35;3;12;0;0;0;18;2;0;0;0;0;0;0;0
fzJ1dTgLF5Cex9v7bgoF;2025-06-03;Frostterror;0;9;0;0;0;0;0;0;0;0;0;0;0;0;0;0
fzJ1dTgLF5Cex9v7bgoF;2025-06-03;Fendis;0;9;0;0;0;1;0;0;0;0;0;0;0;0;0;0
fzJ1dTgLF5Cex9v7bgoF;2025-06-03;El Mosca;0;0;0;0;0;0;0;0;0;0;0;0;0;0;0;0
fzJ1dTgLF5Cex9v7bgoF;2025-06-03;Upasara Wulung;0;0;0;0;0;0;0;0;0;0;0;0;0;0;0;0
fzJ1dTgLF5Cex9v7bgoF;2025-06-03;Romazan;0;0;0;0;0;0;0;0;0;0;0;0;0;0;0;0
fzJ1dTgLF5Cex9v7bgoF;2025-06-03;Jannoz;0;10;3;3;0;0;0;0;0;0;0;0;0;0;0;0
fzJ1dTgLF5Cex9v7bgoF;2025-06-03;Tehn;0;3;0;0;0;0;0;0;0;0;0;0;0;0;0;0
fzJ1dTgLF5Cex9v7bgoF;2025-06-03;Rein;1;0;0;0;0;111;0;0;0;0;0;0;0;0;0;0
fzJ1dTgLF5Cex9v7bgoF;2025-06-03;Rifur;0;3;2;0;0;0;0;0;0;0;0;0;0;0;0;0
fzJ1dTgLF5Cex9v7bgoF;2025-06-03;Nightwulf;0;4;0;3;0;0;0;0;0;0;0;0;0;0;0;0
fzJ1dTgLF5Cex9v7bgoF;2025-06-03;Friedoline;0;23;0;7;0;4;0;0;0;0;0;0;0;0;0;0
fzJ1dTgLF5Cex9v7bgoF;2025-06-03;White Los;0;0;0;0;0;0;0;0;0;0;0;0;0;0;0;0
fzJ1dTgLF5Cex9v7bgoF;2025-06-03;Danara;0;3;0;0;0;0;0;0;17;0;0;0;0;0;0;0
fzJ1dTgLF5Cex9v7bgoF;2025-06-03;steboulet 2;0;0;0;0;0;0;0;0;0;0;0;0;0;0;0;0
fzJ1dTgLF5Cex9v7bgoF;2025-06-03;Miss Pelace;0;7;0;0;0;0;0;3;0;0;0;0;0;0;0;0
fzJ1dTgLF5Cex9v7bgoF;2025-06-03;koi;1;12;2;1;0;30;0;0;0;0;0;0;0;0;0;0
fzJ1dTgLF5Cex9v7bgoF;2025-06-03;Tigra;0;11;0;0;0;0;0;0;0;0;0;0;0;0;0;0
fzJ1dTgLF5Cex9v7bgoF;2025-06-03;PizzaOnkel IV;0;0;0;0;0;0;0;0;0;0;0;0;0;0;0;0
fzJ1dTgLF5Cex9v7bgoF;2025-06-03;Mary Pili;0;0;0;2;0;3;0;0;0;0;0;0;0;0;0;0
fzJ1dTgLF5Cex9v7bgoF;2025-06-03;Traiano;0;0;0;0;0;0;0;0;0;0;0;0;0;0;0;0
fzJ1dTgLF5Cex9v7bgoF;2025-06-03;roger;0;5;0;0;0;0;0;0;0;0;0;0;0;0;0;0
fzJ1dTgLF5Cex9v7bgoF;2025-06-03;Zepancadaria;1;3;0;0;0;0;0;0;0;0;0;0;0;0;0;0
fzJ1dTgLF5Cex9v7bgoF;2025-06-03;Lindis;0;10;2;1;0;3;0;0;0;0;0;0;0;0;0;0
fzJ1dTgLF5Cex9v7bgoF;2025-06-03;Miaso;0;0;0;0;0;0;0;0;0;0;0;0;0;0;0;0
fzJ1dTgLF5Cex9v7bgoF;2025-06-03;Seryoga;0;0;0;0;0;0;0;0;0;0;0;0;0;0;0;0
fzJ1dTgLF5Cex9v7bgoF;2025-06-03;Karel;0;3;0;1;0;0;0;0;0;0;0;0;0;0;0;0
fzJ1dTgLF5Cex9v7bgoF;2025-06-03;Jackal;0;1;4;0;0;1;0;0;0;0;0;0;0;0;0;0
fzJ1dTgLF5Cex9v7bgoF;2025-06-03;Fray;0;24;6;4;0;11;0;0;0;0;0;0;0;0;0;0
fzJ1dTgLF5Cex9v7bgoF;2025-06-03;Mazura;0;0;0;0;0;0;0;0;0;0;0;0;0;0;0;0
fzJ1dTgLF5Cex9v7bgoF;2025-06-03;Adoran;0;4;2;2;0;0;0;0;0;0;0;0;0;0;0;0
fzJ1dTgLF5Cex9v7bgoF;2025-06-03;Perros;0;10;0;0;0;139;0;0;0;0;0;0;0;0;0;0
fzJ1dTgLF5Cex9v7bgoF;2025-06-03;WildMG;0;5;0;3;0;0;0;0;0;0;0;0;0;0;0;0
fzJ1dTgLF5Cex9v7bgoF;2025-06-03;MIkl;0;0;0;0;0;0;0;0;0;0;0;0;0;0;0;0
fzJ1dTgLF5Cex9v7bgoF;2025-06-03;Buck Man;0;16;3;1;0;11;0;0;0;0;0;0;0;0;0;0
fzJ1dTgLF5Cex9v7bgoF;2025-06-03;DerVerständnisvolle;0;0;0;0;0;0;0;0;0;0;0;0;0;0;0;0
fzJ1dTgLF5Cex9v7bgoF;2025-06-03;Kobani;0;0;0;0;0;0;0;0;0;0;0;0;0;0;0;0
fzJ1dTgLF5Cex9v7bgoF;2025-06-03;steboulet;0;0;0;0;0;0;0;0;0;0;0;0;0;0;0;0
fzJ1dTgLF5Cex9v7bgoF;2025-06-03;Barsian;0;3;3;1;0;0;0;0;0;0;0;0;0;0;0;0
fzJ1dTgLF5Cex9v7bgoF;2025-06-03;Mikoikt;0;3;0;0;0;0;0;0;0;0;0;0;0;0;0;0
fzJ1dTgLF5Cex9v7bgoF;2025-06-03;Shahanna;0;10;0;4;0;0;0;0;0;0;0;0;0;0;0;0
fzJ1dTgLF5Cex9v7bgoF;2025-06-03;Eragon;0;19;6;2;0;1;0;0;2;0;0;0;0;0;0;0
fzJ1dTgLF5Cex9v7bgoF;2025-06-03;Elsa;0;64;1;6;0;0;0;0;0;0;0;0;0;0;0;0
fzJ1dTgLF5Cex9v7bgoF;2025-06-03;Daijind;0;0;0;0;0;1;0;0;0;0;0;0;0;0;0;0
fzJ1dTgLF5Cex9v7bgoF;2025-06-03;Kupriyanych;0;0;0;0;0;0;0;0;0;0;0;0;0;0;0;0
fzJ1dTgLF5Cex9v7bgoF;2025-06-03;Lord Rahl;0;3;0;0;0;0;0;0;1;0;0;0;0;0;0;0
fzJ1dTgLF5Cex9v7bgoF;2025-06-03;Heinrich der Löwe;0;8;0;0;0;0;0;0;0;0;0;0;0;0;0;0
fzJ1dTgLF5Cex9v7bgoF;2025-06-03;Lanmoin der 3te;0;0;0;0;0;0;0;0;0;0;0;0;0;0;0;0
fzJ1dTgLF5Cex9v7bgoF;2025-06-03;Bluebird;0;0;0;0;0;0;0;0;0;0;0;0;0;0;0;0
fzJ1dTgLF5Cex9v7bgoF;2025-06-03;Hexe Kaukau;0;3;0;1;0;0;0;0;0;0;0;0;0;0;0;0
fzJ1dTgLF5Cex9v7bgoF;2025-06-03;Ya kut;0;0;0;0;0;0;0;0;0;0;0;0;0;0;0;0
Shqd0HHzkY2wJUKqVDbe;2025-05-31;Friedoline;0;4;0;0;0;0;0;0;0;0;0;0;0;0;0;0
Shqd0HHzkY2wJUKqVDbe;2025-05-31;Moginn;0;7;0;0;0;0;0;0;0;0;0;0;0;0;0;0
Shqd0HHzkY2wJUKqVDbe;2025-05-31;morgaine;0;0;0;0;0;0;0;0;0;0;0;0;0;0;0;0
Shqd0HHzkY2wJUKqVDbe;2025-05-31;Tehn;0;3;0;0;0;0;0;0;0;0;0;0;0;0;0;0
Shqd0HHzkY2wJUKqVDbe;2025-05-31;Fray;0;4;2;0;0;0;0;0;0;0;0;0;0;0;0;0
Shqd0HHzkY2wJUKqVDbe;2025-05-31;Rover;0;0;0;0;0;3;0;0;0;0;0;0;0;0;0;0
Shqd0HHzkY2wJUKqVDbe;2025-05-31;Bluebird;0;0;0;0;0;0;0;0;0;0;0;0;0;0;0;0
Shqd0HHzkY2wJUKqVDbe;2025-05-31;Fendis;0;0;0;0;0;1;0;0;0;0;0;0;0;0;0;0
Shqd0HHzkY2wJUKqVDbe;2025-05-31;roger;0;0;0;0;0;0;0;0;0;0;0;0;0;0;0;0
Shqd0HHzkY2wJUKqVDbe;2025-05-31;Zuzilkree;0;9;2;2;0;9;0;0;0;0;0;0;0;0;0;0
Shqd0HHzkY2wJUKqVDbe;2025-05-31;Upasara Wulung;0;3;0;0;0;0;0;0;0;0;6;0;0;0;0;0
Shqd0HHzkY2wJUKqVDbe;2025-05-31;Miss Pelace;0;0;0;0;0;0;0;0;0;0;0;0;0;0;0;0
Shqd0HHzkY2wJUKqVDbe;2025-05-31;Rifur;0;3;2;1;0;0;0;0;0;0;0;0;0;0;0;0
Shqd0HHzkY2wJUKqVDbe;2025-05-31;Petrov val;0;4;1;1;0;0;0;0;0;0;0;0;0;0;0;0
Shqd0HHzkY2wJUKqVDbe;2025-05-31;kingchris;1;3;0;1;0;0;3;0;0;0;0;0;0;0;0;0
Shqd0HHzkY2wJUKqVDbe;2025-05-31;Cerberus;0;2;0;0;0;0;0;0;0;0;0;0;0;0;0;0
Shqd0HHzkY2wJUKqVDbe;2025-05-31;Gustav Gans;0;0;0;0;0;0;0;0;0;0;0;0;0;0;0;0
Shqd0HHzkY2wJUKqVDbe;2025-05-31;Eiskönigin;0;0;0;0;0;0;0;0;0;0;0;0;0;0;0;0
Shqd0HHzkY2wJUKqVDbe;2025-05-31;Karel;0;8;0;2;0;8;0;0;0;0;1;0;0;0;0;0
Shqd0HHzkY2wJUKqVDbe;2025-05-31;White Los;0;2;0;0;0;0;0;0;0;0;1;0;0;0;0;0
Shqd0HHzkY2wJUKqVDbe;2025-05-31;NokolajDNK;0;0;0;0;0;0;0;0;0;0;0;0;0;0;0;0
Shqd0HHzkY2wJUKqVDbe;2025-05-31;Adoran;0;3;1;2;0;3;0;0;0;0;0;0;0;0;0;0
Shqd0HHzkY2wJUKqVDbe;2025-05-31;Mary Pili;0;0;0;0;0;1;0;0;0;0;0;0;0;0;0;0
Shqd0HHzkY2wJUKqVDbe;2025-05-31;DerVerständnisvolle;0;0;0;0;0;0;0;0;0;0;0;0;0;0;0;0
Shqd0HHzkY2wJUKqVDbe;2025-05-31;MELISA;0;0;0;0;0;3;0;0;0;1;0;0;0;0;0;0
Shqd0HHzkY2wJUKqVDbe;2025-05-31;steboulet;0;0;0;0;0;0;0;0;0;0;0;0;0;0;0;0
Shqd0HHzkY2wJUKqVDbe;2025-05-31;Gocha;0;0;0;0;0;0;0;0;0;0;0;0;0;0;0;0
Shqd0HHzkY2wJUKqVDbe;2025-05-31;Mazura;0;0;0;0;0;0;0;0;0;0;0;0;0;0;0;0
Shqd0HHzkY2wJUKqVDbe;2025-05-31;Zepancadaria;1;2;0;1;0;1;0;0;0;0;0;0;0;0;0;0
Shqd0HHzkY2wJUKqVDbe;2025-05-31;El Mosca;0;0;0;0;0;0;0;0;0;0;0;0;0;0;0;0
Shqd0HHzkY2wJUKqVDbe;2025-05-31;jannoz;0;8;2;2;0;3;0;0;0;0;0;0;0;0;0;0
Shqd0HHzkY2wJUKqVDbe;2025-05-31;Kobani;0;3;0;1;0;0;0;0;0;0;0;0;0;0;0;0
Shqd0HHzkY2wJUKqVDbe;2025-05-31;Seryoga;0;0;0;0;0;0;0;0;0;0;0;0;0;0;0;0
Shqd0HHzkY2wJUKqVDbe;2025-05-31;Lassus;0;0;0;0;0;0;0;0;0;0;0;0;0;0;0;0
Shqd0HHzkY2wJUKqVDbe;2025-05-31;Serdriilas;0;7;0;2;0;0;0;0;0;0;0;0;0;0;0;0
Shqd0HHzkY2wJUKqVDbe;2025-05-31;Jackal;0;0;0;0;0;0;0;0;0;0;0;0;0;0;0;0
Shqd0HHzkY2wJUKqVDbe;2025-05-31;Frostterror;0;4;2;1;0;0;0;0;0;0;0;0;0;0;0;0
Shqd0HHzkY2wJUKqVDbe;2025-05-31;Gardashura;0;0;0;0;0;0;0;0;0;0;0;0;0;0;5;0
Shqd0HHzkY2wJUKqVDbe;2025-05-31;TrAiAnO 2;0;1;0;0;0;0;0;0;0;0;0;0;0;0;0;0
Shqd0HHzkY2wJUKqVDbe;2025-05-31;MIkl;0;0;0;0;0;0;0;0;0;0;0;0;0;0;0;0
Shqd0HHzkY2wJUKqVDbe;2025-05-31;Hulsa;0;5;0;0;0;0;0;0;0;0;0;0;0;0;0;0
Shqd0HHzkY2wJUKqVDbe;2025-05-31;YurasiK;0;3;0;0;0;0;0;0;0;0;0;0;0;0;0;0
Shqd0HHzkY2wJUKqVDbe;2025-05-31;Ya kut;0;4;0;0;0;0;0;0;0;0;0;0;0;0;0;0
Shqd0HHzkY2wJUKqVDbe;2025-05-31;Elsa;0;0;0;0;0;0;0;0;0;0;0;0;0;0;0;0
Shqd0HHzkY2wJUKqVDbe;2025-05-31;Mikoikt;0;0;0;0;0;0;0;0;0;0;0;0;0;0;0;0
Shqd0HHzkY2wJUKqVDbe;2025-05-31;Eragon;0;0;0;0;0;0;0;0;0;0;0;0;0;0;0;0
Shqd0HHzkY2wJUKqVDbe;2025-05-31;Hexe Kaukau;0;0;0;0;0;0;0;0;0;0;0;0;0;0;0;0
Shqd0HHzkY2wJUKqVDbe;2025-05-31;Danara;0;3;0;0;0;0;0;0;0;0;0;0;0;0;0;0
Shqd0HHzkY2wJUKqVDbe;2025-05-31;Shahanna;0;0;0;0;0;0;0;0;0;0;0;0;0;0;0;0
Shqd0HHzkY2wJUKqVDbe;2025-05-31;Barsian;0;1;0;0;0;0;0;0;0;0;1;0;0;0;0;0
Shqd0HHzkY2wJUKqVDbe;2025-05-31;Vakums;0;0;0;0;0;0;0;0;0;0;0;0;0;0;0;0
Shqd0HHzkY2wJUKqVDbe;2025-05-31;Rein;1;3;0;0;0;0;0;0;0;0;17;0;0;0;0;0
Shqd0HHzkY2wJUKqVDbe;2025-05-31;09MUSLERA09;0;0;0;0;0;0;0;0;0;0;0;0;0;0;0;0
Shqd0HHzkY2wJUKqVDbe;2025-05-31;Brodyaga;0;0;0;0;0;5;0;0;0;0;0;0;0;0;0;0
Shqd0HHzkY2wJUKqVDbe;2025-05-31;SBzBy II;0;3;1;0;0;9;0;0;0;0;0;0;0;0;0;0
Shqd0HHzkY2wJUKqVDbe;2025-05-31;BlueBird;0;0;0;0;0;0;0;0;0;0;0;0;0;0;0;0
Shqd0HHzkY2wJUKqVDbe;2025-05-31;steboulet 2;0;0;0;0;0;0;0;0;0;0;0;0;0;0;0;0
Shqd0HHzkY2wJUKqVDbe;2025-05-31;Heinrich der Löwe;0;0;0;0;0;0;0;0;0;0;0;0;0;0;0;0
Shqd0HHzkY2wJUKqVDbe;2025-05-31;WildMG;0;0;0;0;0;0;0;0;0;0;0;0;0;0;0;0
Shqd0HHzkY2wJUKqVDbe;2025-05-31;Elgi;0;0;0;0;0;0;0;0;0;0;0;0;0;0;0;0
Shqd0HHzkY2wJUKqVDbe;2025-05-31;Nightfang;0;0;0;0;0;0;0;0;0;0;0;0;0;0;0;0
Shqd0HHzkY2wJUKqVDbe;2025-05-31;Drago;0;2;0;0;0;0;0;0;0;0;0;0;0;0;0;0
Shqd0HHzkY2wJUKqVDbe;2025-05-31;Tigra;0;0;0;0;0;0;0;0;0;0;0;0;0;0;0;0
Shqd0HHzkY2wJUKqVDbe;2025-05-31;kuromi;0;3;0;0;0;0;0;0;0;0;0;0;0;0;0;0
Shqd0HHzkY2wJUKqVDbe;2025-05-31;koi;0;9;0;1;0;12;0;0;0;0;0;0;0;0;0;0
Shqd0HHzkY2wJUKqVDbe;2025-05-31;Perros;0;3;0;0;0;0;0;0;0;0;0;0;0;0;0;0
Shqd0HHzkY2wJUKqVDbe;2025-05-31;Lanmoin der Kleine;0;0;0;0;0;0;0;1;0;0;0;0;0;0;0;0
Shqd0HHzkY2wJUKqVDbe;2025-05-31;PizzaOnkel IV;0;0;0;0;0;0;0;0;0;0;0;0;0;0;0;0
Shqd0HHzkY2wJUKqVDbe;2025-05-31;Daijind;0;6;0;2;0;0;0;0;0;0;0;0;0;0;0;0
Shqd0HHzkY2wJUKqVDbe;2025-05-31;Nightwulf;0;0;0;0;0;0;0;0;0;0;0;0;0;0;0;0
Shqd0HHzkY2wJUKqVDbe;2025-05-31;Romazan;0;0;0;0;0;0;0;0;0;0;0;0;0;0;0;0
Shqd0HHzkY2wJUKqVDbe;2025-05-31;Lord Rahl;0;2;0;0;0;0;0;0;0;0;0;0;0;0;0;0
Shqd0HHzkY2wJUKqVDbe;2025-05-31;Buck Man;0;0;0;0;0;0;0;0;0;0;0;0;0;0;0;0
Shqd0HHzkY2wJUKqVDbe;2025-05-31;KlaxxoN;0;0;0;0;0;0;0;0;0;0;0;0;0;0;0;0
Shqd0HHzkY2wJUKqVDbe;2025-05-31;Traiano;0;1;0;0;0;0;0;0;0;0;0;0;0;0;0;0
Shqd0HHzkY2wJUKqVDbe;2025-05-31;Forondod;0;4;0;1;0;0;0;0;0;0;0;0;0;0;0;0
Shqd0HHzkY2wJUKqVDbe;2025-05-31;Miaso;0;3;0;0;0;0;0;0;0;0;0;0;0;0;0;0
Shqd0HHzkY2wJUKqVDbe;2025-05-31;Lanmoin der 3te;0;0;0;0;0;0;0;0;0;0;0;0;0;0;0;0
Shqd0HHzkY2wJUKqVDbe;2025-05-31;Lindis;0;12;0;0;0;0;0;0;0;0;0;0;0;0;0;0
Shqd0HHzkY2wJUKqVDbe;2025-05-31;T-34;0;0;0;0;0;0;0;0;0;0;0;0;0;0;0;0
Shqd0HHzkY2wJUKqVDbe;2025-05-31;Ivanhoe;0;0;0;0;0;0;0;0;0;0;0;0;0;0;0;0
Shqd0HHzkY2wJUKqVDbe;2025-05-31;Kupriyanych;0;0;0;0;0;0;0;0;0;0;0;0;0;0;0;0
Yr6rfrFFfthAL4X5qQme;2025-06-24;Jackal;0;3;0;0;0;0;0;0;0;0;0;0;0;0;0;0
Yr6rfrFFfthAL4X5qQme;2025-06-24;kingchris;0;3;0;0;0;0;0;0;0;0;0;0;0;0;0;0
Yr6rfrFFfthAL4X5qQme;2025-06-24;Bluebird;0;0;0;0;0;0;0;0;0;0;0;0;0;0;0;0
Yr6rfrFFfthAL4X5qQme;2025-06-24;Hulsa;0;2;0;0;0;0;0;0;0;0;0;0;0;0;0;0
Yr6rfrFFfthAL4X5qQme;2025-06-24;YurasiK;0;5;0;0;0;0;0;0;0;0;0;0;0;0;0;0
Yr6rfrFFfthAL4X5qQme;2025-06-24;TrAiAnO 2;0;1;0;0;0;0;0;0;0;0;0;0;0;0;0;0
Yr6rfrFFfthAL4X5qQme;2025-06-24;Tehn;0;0;0;0;0;0;0;0;0;0;0;0;0;0;0;0
Yr6rfrFFfthAL4X5qQme;2025-06-24;Ivanhoe;0;0;0;0;0;0;0;0;0;0;1;0;0;0;0;0
Yr6rfrFFfthAL4X5qQme;2025-06-24;Jannoz;0;4;0;0;0;0;0;0;0;0;0;0;0;0;0;0
Yr6rfrFFfthAL4X5qQme;2025-06-24;NikolajDNK;0;1;0;0;0;0;0;0;0;0;0;0;0;0;0;0
Yr6rfrFFfthAL4X5qQme;2025-06-24;Friedoline;0;4;3;0;0;0;0;0;0;0;0;0;0;0;0;0
Yr6rfrFFfthAL4X5qQme;2025-06-24;Petrov val;0;3;2;2;0;0;0;0;0;0;0;0;0;0;0;0
Yr6rfrFFfthAL4X5qQme;2025-06-24;T-34;0;3;0;0;0;0;0;0;0;0;1;0;0;0;0;0
Yr6rfrFFfthAL4X5qQme;2025-06-24;Eragon;0;21;6;1;0;0;0;0;0;0;0;0;0;0;0;0
Yr6rfrFFfthAL4X5qQme;2025-06-24;Gardashura;0;0;0;0;0;0;0;0;0;0;0;0;0;0;0;0
Yr6rfrFFfthAL4X5qQme;2025-06-24;Forondod;0;0;0;0;0;0;0;0;0;0;0;0;0;0;0;0
Yr6rfrFFfthAL4X5qQme;2025-06-24;Mary Pili;0;0;0;0;0;0;0;0;0;0;0;0;0;0;0;0
Yr6rfrFFfthAL4X5qQme;2025-06-24;Monkey De Luffy;0;0;0;0;0;0;0;0;0;0;0;0;0;0;0;0
Yr6rfrFFfthAL4X5qQme;2025-06-24;KlaxxoN;0;0;0;0;0;0;0;0;0;0;0;0;0;0;0;0
Yr6rfrFFfthAL4X5qQme;2025-06-24;Mikoikt;0;2;0;6;0;1;0;6;0;0;1;0;0;0;0;0
Yr6rfrFFfthAL4X5qQme;2025-06-24;Brodyaga;1;2;0;0;0;0;0;0;0;0;0;0;0;0;0;0
Yr6rfrFFfthAL4X5qQme;2025-06-24;Rover;0;6;1;2;0;10;0;0;0;0;0;0;0;0;0;0
Yr6rfrFFfthAL4X5qQme;2025-06-24;MELISA;0;0;0;0;0;0;0;0;0;0;0;0;0;0;0;0
Yr6rfrFFfthAL4X5qQme;2025-06-24;Nightfang;0;3;1;2;0;3;0;0;0;0;0;0;0;0;0;0
Yr6rfrFFfthAL4X5qQme;2025-06-24;Rainblade;0;4;0;0;0;0;0;0;0;0;0;0;0;0;0;0
Yr6rfrFFfthAL4X5qQme;2025-06-24;SBzBy II;0;7;3;1;0;0;0;3;0;0;0;0;0;0;0;0
Yr6rfrFFfthAL4X5qQme;2025-06-24;Romazan;0;0;0;0;0;0;0;0;0;0;0;0;0;0;0;0
Yr6rfrFFfthAL4X5qQme;2025-06-24;Traiano;0;0;0;0;0;0;0;0;0;0;0;0;0;0;0;0
Yr6rfrFFfthAL4X5qQme;2025-06-24;Lanmoin der 3te;0;3;0;0;0;0;0;0;0;0;6;0;0;0;0;0
Yr6rfrFFfthAL4X5qQme;2025-06-24;Kupriyanych;0;2;0;0;0;0;0;0;0;0;0;0;0;0;0;0
Yr6rfrFFfthAL4X5qQme;2025-06-24;Elsa;0;2;0;0;0;0;0;0;0;0;0;0;0;0;0;0
Yr6rfrFFfthAL4X5qQme;2025-06-24;Upasara Wulung;1;0;0;0;0;0;0;0;0;0;1;0;0;0;0;0
Yr6rfrFFfthAL4X5qQme;2025-06-24;Elgi;0;0;0;0;0;0;0;0;0;0;0;0;0;0;0;0
Yr6rfrFFfthAL4X5qQme;2025-06-24;Fray;0;15;3;1;0;1;0;0;0;0;0;0;0;0;0;0
Yr6rfrFFfthAL4X5qQme;2025-06-24;Kobani;0;4;1;1;0;6;0;0;0;0;0;0;0;0;0;0
Yr6rfrFFfthAL4X5qQme;2025-06-24;El Mosca;0;0;0;0;0;0;0;0;0;0;0;0;0;0;0;0
Yr6rfrFFfthAL4X5qQme;2025-06-24;Serdriilas;0;3;0;2;0;0;0;0;0;0;0;0;0;0;0;0
Yr6rfrFFfthAL4X5qQme;2025-06-24;Lindis;0;0;0;0;0;0;0;0;0;0;0;0;0;0;0;0
Yr6rfrFFfthAL4X5qQme;2025-06-24;Fendis;0;0;0;0;0;0;0;0;0;0;0;0;0;0;0;0
Yr6rfrFFfthAL4X5qQme;2025-06-24;Rifur;0;0;0;0;0;0;0;0;0;0;0;0;0;0;0;0
Yr6rfrFFfthAL4X5qQme;2025-06-24;Railkayilas;0;0;0;0;0;0;0;0;0;0;0;0;0;0;0;0
Yr6rfrFFfthAL4X5qQme;2025-06-24;Lanmoin der Kleine;0;0;0;0;0;0;0;0;0;0;0;0;0;0;0;0
Yr6rfrFFfthAL4X5qQme;2025-06-24;Zuzilkree;0;4;2;1;0;0;0;0;0;0;0;0;0;0;0;0
Yr6rfrFFfthAL4X5qQme;2025-06-24;Hexe Kaukau;0;3;0;1;0;0;0;0;0;0;0;0;0;0;0;0
Yr6rfrFFfthAL4X5qQme;2025-06-24;Donald Duck;0;0;0;0;0;0;0;0;0;0;0;0;0;0;0;0
Yr6rfrFFfthAL4X5qQme;2025-06-24;Roland;0;2;0;2;0;0;0;0;0;0;0;0;0;0;0;0
Yr6rfrFFfthAL4X5qQme;2025-06-24;koi;0;14;1;3;0;43;1;0;0;0;1;0;0;0;0;0
Yr6rfrFFfthAL4X5qQme;2025-06-24;Adoran;1;3;2;0;0;13;0;0;0;0;0;0;0;0;0;0
Yr6rfrFFfthAL4X5qQme;2025-06-24;Daijind;0;3;0;1;0;0;0;0;0;0;0;0;0;0;0;0
Yr6rfrFFfthAL4X5qQme;2025-06-24;Kantrius;0;3;0;2;0;0;0;0;0;0;0;0;0;0;0;0
Yr6rfrFFfthAL4X5qQme;2025-06-24;Lord Rahl;0;2;0;0;0;0;0;0;0;0;0;0;0;0;0;0
Yr6rfrFFfthAL4X5qQme;2025-06-24;White Los;1;1;0;0;0;0;0;0;0;0;0;0;0;0;0;0
Yr6rfrFFfthAL4X5qQme;2025-06-24;Frostterror;0;1;0;0;0;0;0;0;0;0;0;0;0;0;0;0
Yr6rfrFFfthAL4X5qQme;2025-06-24;Perros;0;3;0;0;0;1;0;0;0;0;0;0;0;0;0;0
Yr6rfrFFfthAL4X5qQme;2025-06-24;Alpha Logburg;0;0;0;0;0;0;0;0;0;0;0;0;0;0;0;0
Yr6rfrFFfthAL4X5qQme;2025-06-24;Vakums;0;3;0;0;0;0;0;0;0;0;0;0;0;0;0;0
Yr6rfrFFfthAL4X5qQme;2025-06-24;Miss Pelace;0;0;0;2;0;0;0;0;0;0;0;0;0;0;0;0
Yr6rfrFFfthAL4X5qQme;2025-06-24;Angelina 2;0;5;2;2;0;0;0;0;0;0;1;0;0;0;0;0
Yr6rfrFFfthAL4X5qQme;2025-06-24;Shahanna;0;1;0;1;0;0;0;0;0;0;0;0;0;0;0;0
Yr6rfrFFfthAL4X5qQme;2025-06-24;Moginn;0;3;0;0;0;0;0;0;0;0;1;0;0;0;0;0
Yr6rfrFFfthAL4X5qQme;2025-06-24;Danara;0;0;0;0;0;0;0;0;0;0;0;0;0;0;0;0
Yr6rfrFFfthAL4X5qQme;2025-06-24;Tigra;1;5;0;0;0;24;0;0;0;0;0;0;0;0;0;0
Yr6rfrFFfthAL4X5qQme;2025-06-24;Nightwulf;0;4;0;4;0;1;0;0;0;0;0;0;0;0;0;0
Yr6rfrFFfthAL4X5qQme;2025-06-24;Kamaw DOC;0;3;0;0;0;0;0;0;0;0;0;0;0;0;0;0
Yr6rfrFFfthAL4X5qQme;2025-06-24;Barsian;0;1;0;0;0;0;0;0;0;0;0;0;0;0;0;0
Yr6rfrFFfthAL4X5qQme;2025-06-24;Cerberus;0;0;0;0;0;0;0;0;0;0;0;0;0;0;0;0
Yr6rfrFFfthAL4X5qQme;2025-06-24;Gocha;0;0;0;0;0;0;0;0;0;0;0;0;0;0;0;0
Yr6rfrFFfthAL4X5qQme;2025-06-24;Ya kut;0;3;0;0;0;0;0;0;0;0;0;0;0;0;0;0
Yr6rfrFFfthAL4X5qQme;2025-06-24;Miaso;0;3;0;0;0;0;0;0;0;0;0;0;0;0;0;0
Yr6rfrFFfthAL4X5qQme;2025-06-24;Buck Man;0;5;2;2;0;16;0;0;0;1;0;0;0;0;0;0
Yr6rfrFFfthAL4X5qQme;2025-06-24;Rein;0;3;0;0;0;9;0;0;0;0;0;0;0;0;0;0
Yr6rfrFFfthAL4X5qQme;2025-06-24;WildMG;0;1;0;0;0;0;0;0;0;0;0;0;0;0;0;0
7IzhLWKQbe5aLGu3aGSJ;2025-06-16;Nightfang;0;3;0;0;0;0;0;6;0;0;0;0;0;0;0;0
7IzhLWKQbe5aLGu3aGSJ;2025-06-16;Tigra;0;0;0;11;0;30;0;0;0;0;0;0;0;0;0;0
7IzhLWKQbe5aLGu3aGSJ;2025-06-16;Gustav Gans;0;0;0;0;0;0;0;0;0;0;0;0;0;0;0;0
7IzhLWKQbe5aLGu3aGSJ;2025-06-16;kingchris;0;4;0;0;0;0;0;0;0;0;0;0;0;0;0;0
7IzhLWKQbe5aLGu3aGSJ;2025-06-16;Donald Duck;0;0;0;0;0;0;0;0;0;0;0;0;0;0;0;0
7IzhLWKQbe5aLGu3aGSJ;2025-06-16;Elgi;0;3;2;2;0;0;0;0;0;0;0;0;0;0;0;0
7IzhLWKQbe5aLGu3aGSJ;2025-06-16;Bluebird;0;0;0;0;0;0;0;0;0;0;0;0;0;0;0;0
7IzhLWKQbe5aLGu3aGSJ;2025-06-16;Adoran;0;3;2;0;0;0;0;0;0;0;0;0;0;0;0;0
7IzhLWKQbe5aLGu3aGSJ;2025-06-16;Cerberus;0;2;0;2;0;0;0;0;0;0;0;0;0;0;0;0
7IzhLWKQbe5aLGu3aGSJ;2025-06-16;shining pearl;0;2;0;0;0;0;0;0;0;0;0;0;0;0;0;0
7IzhLWKQbe5aLGu3aGSJ;2025-06-16;Kantrius;0;0;0;0;0;0;0;0;0;0;0;0;0;0;0;0
7IzhLWKQbe5aLGu3aGSJ;2025-06-16;Fray;1;23;6;1;0;15;0;0;0;0;0;0;0;0;0;0
7IzhLWKQbe5aLGu3aGSJ;2025-06-16;Friedoline;0;7;3;0;0;0;0;0;0;0;0;0;0;0;0;0
7IzhLWKQbe5aLGu3aGSJ;2025-06-16;TrAiAnO 2;0;2;0;0;0;0;0;0;0;0;0;0;0;0;0;0
7IzhLWKQbe5aLGu3aGSJ;2025-06-16;PizzaOnkel II;0;0;0;0;0;0;0;0;0;0;0;0;0;0;0;0
7IzhLWKQbe5aLGu3aGSJ;2025-06-16;Heinrich der Löwe;0;0;0;0;0;0;0;0;0;0;0;0;0;0;0;0
7IzhLWKQbe5aLGu3aGSJ;2025-06-16;Miss Pelace;0;4;1;0;0;0;0;6;12;0;0;0;0;0;0;0
7IzhLWKQbe5aLGu3aGSJ;2025-06-16;Zuzilkree;0;4;0;0;0;0;0;0;0;0;0;0;0;0;0;0
7IzhLWKQbe5aLGu3aGSJ;2025-06-16;KlaxxoN;0;0;0;0;0;0;0;0;0;0;0;0;0;0;0;0
7IzhLWKQbe5aLGu3aGSJ;2025-06-16;Lassus;0;26;2;10;0;23;0;0;0;0;0;0;0;0;0;0
7IzhLWKQbe5aLGu3aGSJ;2025-06-16;Kupriyanych;0;4;2;6;0;0;0;0;0;0;0;0;0;0;0;0
7IzhLWKQbe5aLGu3aGSJ;2025-06-16;SBzBy II;0;2;0;1;0;0;0;3;1;0;0;0;0;0;0;0
7IzhLWKQbe5aLGu3aGSJ;2025-06-16;Fendis;0;0;0;0;0;0;0;0;0;0;0;0;0;0;0;0
7IzhLWKQbe5aLGu3aGSJ;2025-06-16;Romazan;0;4;1;1;0;0;0;0;0;0;0;0;0;0;0;0
7IzhLWKQbe5aLGu3aGSJ;2025-06-16;koi;0;3;0;0;0;29;0;0;0;0;0;0;0;0;0;0
7IzhLWKQbe5aLGu3aGSJ;2025-06-16;Upasara Wulung;0;0;0;0;0;0;0;0;0;0;0;0;0;0;0;0
7IzhLWKQbe5aLGu3aGSJ;2025-06-16;El Mosca;0;0;0;0;0;0;0;0;0;0;0;0;0;0;0;0
7IzhLWKQbe5aLGu3aGSJ;2025-06-16;Rein;0;0;0;0;0;0;0;0;0;0;0;0;0;0;0;0
7IzhLWKQbe5aLGu3aGSJ;2025-06-16;Petrov val;0;3;0;1;0;0;0;0;0;0;0;0;0;0;0;0
7IzhLWKQbe5aLGu3aGSJ;2025-06-16;Gardashura;0;4;0;0;0;0;0;0;0;0;0;0;0;0;0;0
7IzhLWKQbe5aLGu3aGSJ;2025-06-16;T-34;0;0;0;0;0;0;0;0;5;0;0;0;0;0;0;0
7IzhLWKQbe5aLGu3aGSJ;2025-06-16;Nightwulf;0;0;0;0;0;0;0;0;0;0;0;0;0;0;0;0
7IzhLWKQbe5aLGu3aGSJ;2025-06-16;Rainblade;0;1;0;0;0;0;0;0;0;0;0;0;0;0;0;0
7IzhLWKQbe5aLGu3aGSJ;2025-06-16;Forondod;0;2;5;1;0;0;0;0;0;0;0;0;0;0;0;0
7IzhLWKQbe5aLGu3aGSJ;2025-06-16;Brodyaga;0;2;0;0;0;0;0;0;0;0;0;0;0;0;0;0
7IzhLWKQbe5aLGu3aGSJ;2025-06-16;Rover;0;4;1;2;0;5;0;0;0;0;0;0;0;0;0;0
7IzhLWKQbe5aLGu3aGSJ;2025-06-16;NikolajDNK;0;0;0;0;0;0;0;0;0;0;0;0;0;0;0;0
7IzhLWKQbe5aLGu3aGSJ;2025-06-16;Gocha;0;0;0;0;0;0;0;0;0;0;0;0;0;0;0;0
7IzhLWKQbe5aLGu3aGSJ;2025-06-16;Germano1;0;2;0;0;0;1;0;0;0;0;0;0;0;0;0;0
7IzhLWKQbe5aLGu3aGSJ;2025-06-16;Hexe Kaukau;0;0;0;0;0;0;0;0;0;0;0;0;0;0;0;0
7IzhLWKQbe5aLGu3aGSJ;2025-06-16;Daijind;1;1;0;2;0;0;0;0;0;0;0;0;0;0;0;0
7IzhLWKQbe5aLGu3aGSJ;2025-06-16;Eiskönigin;0;0;0;0;0;0;0;0;0;0;0;0;0;0;0;0
7IzhLWKQbe5aLGu3aGSJ;2025-06-16;Angelina 2;0;0;0;1;0;0;0;0;0;0;0;0;0;0;0;0
7IzhLWKQbe5aLGu3aGSJ;2025-06-16;Eragon;0;17;2;0;0;0;0;0;0;0;0;0;0;0;0;0
7IzhLWKQbe5aLGu3aGSJ;2025-06-16;Serdriilas;0;9;1;7;0;1;0;3;0;0;0;0;0;0;0;0
7IzhLWKQbe5aLGu3aGSJ;2025-06-16;Mary Pili;0;0;0;0;0;0;0;0;0;0;0;0;0;0;0;0
7IzhLWKQbe5aLGu3aGSJ;2025-06-16;DerVerständnisvolle;0;0;0;0;0;0;0;0;0;0;0;0;0;0;0;0
7IzhLWKQbe5aLGu3aGSJ;2025-06-16;Jackal;0;3;0;0;0;0;0;0;0;0;0;0;0;0;0;0
7IzhLWKQbe5aLGu3aGSJ;2025-06-16;kuromi;0;0;0;0;0;0;0;0;0;0;0;0;0;0;0;0
7IzhLWKQbe5aLGu3aGSJ;2025-06-16;WildMG;0;0;0;0;0;0;0;0;0;0;0;0;0;0;0;0
7IzhLWKQbe5aLGu3aGSJ;2025-06-16;LosBoLos;0;0;0;0;0;0;0;0;0;0;0;0;0;0;0;0
7IzhLWKQbe5aLGu3aGSJ;2025-06-16;Buck Man;0;0;1;1;0;10;0;0;0;0;0;0;0;0;0;0
7IzhLWKQbe5aLGu3aGSJ;2025-06-16;MELISA;0;0;0;0;0;0;0;0;0;0;0;0;0;0;0;0
7IzhLWKQbe5aLGu3aGSJ;2025-06-16;Hulsa;0;3;0;0;0;0;0;0;0;0;0;0;0;0;0;0
7IzhLWKQbe5aLGu3aGSJ;2025-06-16;Railkayilas;0;2;0;0;0;1;0;0;0;0;0;0;0;0;0;0
7IzhLWKQbe5aLGu3aGSJ;2025-06-16;Traiano;0;16;0;0;0;0;0;0;2;0;0;0;0;0;0;0
7IzhLWKQbe5aLGu3aGSJ;2025-06-16;Lanmoin der Kleine;0;0;0;8;0;0;0;0;0;0;0;0;0;0;0;0
7IzhLWKQbe5aLGu3aGSJ;2025-06-16;PizzaOnkel IV;0;0;0;0;0;0;0;0;0;0;0;0;0;0;0;0
7IzhLWKQbe5aLGu3aGSJ;2025-06-16;Rifur;0;3;1;0;0;0;0;0;0;0;0;0;0;0;0;0
7IzhLWKQbe5aLGu3aGSJ;2025-06-16;Alpha Logburg;0;0;0;0;0;0;0;0;0;0;0;0;0;0;0;0
7IzhLWKQbe5aLGu3aGSJ;2025-06-16;Roland;0;2;3;1;0;3;0;0;0;0;0;0;0;0;0;0
7IzhLWKQbe5aLGu3aGSJ;2025-06-16;Perros;0;0;0;0;0;0;0;0;0;0;0;0;0;0;0;0
7IzhLWKQbe5aLGu3aGSJ;2025-06-16;YurasiK;1;22;1;3;0;0;0;0;0;0;0;0;0;0;0;0
7IzhLWKQbe5aLGu3aGSJ;2025-06-16;MIkl;0;0;0;0;0;0;0;0;0;0;0;0;0;0;0;0
7IzhLWKQbe5aLGu3aGSJ;2025-06-16;Lanmoin der 3te;0;0;0;0;0;0;0;0;0;0;0;0;0;0;0;0
7IzhLWKQbe5aLGu3aGSJ;2025-06-16;Elsa;0;0;0;0;0;0;0;0;0;0;0;0;0;0;0;0
7IzhLWKQbe5aLGu3aGSJ;2025-06-16;Monkey De Luffy;0;0;0;0;0;0;0;0;0;0;0;0;0;0;0;0
7IzhLWKQbe5aLGu3aGSJ;2025-06-16;Ivanhoe;0;0;0;0;0;0;0;0;0;0;0;0;0;0;0;0
7IzhLWKQbe5aLGu3aGSJ;2025-06-16;Kobani;0;0;0;0;0;0;0;0;2;0;0;0;0;0;0;0
7IzhLWKQbe5aLGu3aGSJ;2025-06-16;Mikoikt;0;7;2;2;0;2;0;0;0;0;0;0;0;0;0;0
7IzhLWKQbe5aLGu3aGSJ;2025-06-16;Jannoz;0;7;2;1;0;0;0;0;0;0;0;0;0;0;0;0
7IzhLWKQbe5aLGu3aGSJ;2025-06-16;Tehn;0;24;1;2;0;0;0;0;0;0;0;0;0;0;0;0
7IzhLWKQbe5aLGu3aGSJ;2025-06-16;White Los;0;0;0;0;0;0;0;0;0;0;0;0;0;0;0;0
7IzhLWKQbe5aLGu3aGSJ;2025-06-16;Lord Rahl;0;0;0;0;0;0;0;0;0;0;0;0;0;0;0;0
7IzhLWKQbe5aLGu3aGSJ;2025-06-16;Shahanna;0;0;0;0;0;0;0;0;0;0;0;0;0;0;0;0
7IzhLWKQbe5aLGu3aGSJ;2025-06-16;Frostterror;0;16;0;0;0;0;0;0;0;0;0;0;0;0;0;0
7IzhLWKQbe5aLGu3aGSJ;2025-06-16;Barsian;0;0;0;0;0;0;0;0;0;0;0;0;0;0;0;0
7IzhLWKQbe5aLGu3aGSJ;2025-06-16;Vakums;0;0;0;0;0;5;0;6;0;0;0;0;0;0;0;0
7IzhLWKQbe5aLGu3aGSJ;2025-06-16;Miaso;0;0;0;0;0;0;0;0;0;0;0;0;0;0;0;0
7IzhLWKQbe5aLGu3aGSJ;2025-06-16;Lindis;0;18;8;2;0;0;0;0;0;0;0;0;0;0;0;0
Yr6rfrFFfthAL4X5qQme;2025-06-23;Serdriilas;0;0;0;0;0;0;0;0;0;0;0;0;0;0;0;0
Yr6rfrFFfthAL4X5qQme;2025-06-23;Rover;0;3;0;1;0;3;0;0;0;0;0;0;0;0;0;0
Yr6rfrFFfthAL4X5qQme;2025-06-23;WildMG;0;1;0;0;0;0;0;0;0;0;0;0;0;0;0;0
Yr6rfrFFfthAL4X5qQme;2025-06-23;Donald Duck;0;0;0;0;0;0;0;0;0;0;0;0;0;0;0;0
Yr6rfrFFfthAL4X5qQme;2025-06-23;TrAiAnO 2;0;1;0;0;0;0;0;0;0;0;0;0;0;0;0;0
Yr6rfrFFfthAL4X5qQme;2025-06-23;Roland;0;2;0;2;0;0;0;0;0;0;0;0;0;0;0;0
Yr6rfrFFfthAL4X5qQme;2025-06-23;Forondod;0;0;0;0;0;0;0;0;0;0;0;0;0;0;0;0
Yr6rfrFFfthAL4X5qQme;2025-06-23;Lanmoin der Kleine;0;0;0;0;0;0;0;0;0;0;0;0;0;0;0;0
Yr6rfrFFfthAL4X5qQme;2025-06-23;Mikoikt;0;1;0;0;0;1;0;0;0;0;0;0;0;0;0;0
Yr6rfrFFfthAL4X5qQme;2025-06-23;YurasiK;0;5;0;0;0;0;0;0;0;0;0;0;0;0;0;0
Yr6rfrFFfthAL4X5qQme;2025-06-23;Elsa;0;2;0;0;0;0;0;0;0;0;0;0;0;0;0;0
Yr6rfrFFfthAL4X5qQme;2025-06-23;Ivanhoe;0;0;0;0;0;0;0;0;0;0;1;0;0;0;0;0
Yr6rfrFFfthAL4X5qQme;2025-06-23;Traiano;0;0;0;0;0;0;0;0;0;0;0;0;0;0;0;0
Yr6rfrFFfthAL4X5qQme;2025-06-23;Tigra;1;3;0;0;0;1;0;0;0;0;0;0;0;0;0;0
Yr6rfrFFfthAL4X5qQme;2025-06-23;Jannoz;0;3;0;0;0;0;0;0;0;0;0;0;0;0;0;0
Yr6rfrFFfthAL4X5qQme;2025-06-23;Lanmoin der 3te;0;3;0;0;0;0;0;0;0;0;1;0;0;0;0;0
Yr6rfrFFfthAL4X5qQme;2025-06-23;White Los;1;1;0;0;0;0;0;0;0;0;0;0;0;0;0;0
Yr6rfrFFfthAL4X5qQme;2025-06-23;Petrov val;0;2;0;0;0;0;0;0;0;0;0;0;0;0;0;0
Yr6rfrFFfthAL4X5qQme;2025-06-23;kingchris;0;0;0;0;0;0;0;0;0;0;0;0;0;0;0;0
Yr6rfrFFfthAL4X5qQme;2025-06-23;Daijind;0;3;0;1;0;0;0;0;0;0;0;0;0;0;0;0
Yr6rfrFFfthAL4X5qQme;2025-06-23;Miss Pelace;0;0;0;2;0;0;0;0;0;0;0;0;0;0;0;0
Yr6rfrFFfthAL4X5qQme;2025-06-23;Kupriyanych;0;0;0;0;0;0;0;0;0;0;0;0;0;0;0;0
Yr6rfrFFfthAL4X5qQme;2025-06-23;Romazan;0;0;0;0;0;0;0;0;0;0;0;0;0;0;0;0
Yr6rfrFFfthAL4X5qQme;2025-06-23;NikolajDNK;0;0;0;0;0;0;0;0;0;0;0;0;0;0;0;0
Yr6rfrFFfthAL4X5qQme;2025-06-23;Friedoline;0;4;3;0;0;0;0;0;0;0;0;0;0;0;0;0
Yr6rfrFFfthAL4X5qQme;2025-06-23;Hulsa;0;2;0;0;0;0;0;0;0;0;0;0;0;0;0;0
Yr6rfrFFfthAL4X5qQme;2025-06-23;Ya kut;0;0;0;0;0;0;0;0;0;0;0;0;0;0;0;0
Yr6rfrFFfthAL4X5qQme;2025-06-23;Rifur;0;0;0;0;0;0;0;0;0;0;0;0;0;0;0;0
Yr6rfrFFfthAL4X5qQme;2025-06-23;Miaso;0;3;0;0;0;0;0;0;0;0;0;0;0;0;0;0
Yr6rfrFFfthAL4X5qQme;2025-06-23;El Mosca;0;0;0;0;0;0;0;0;0;0;0;0;0;0;0;0
Yr6rfrFFfthAL4X5qQme;2025-06-23;Gocha;0;0;0;0;0;0;0;0;0;0;0;0;0;0;0;0
Yr6rfrFFfthAL4X5qQme;2025-06-23;Danara;0;0;0;0;0;0;0;0;0;0;0;0;0;0;0;0
Yr6rfrFFfthAL4X5qQme;2025-06-23;Angelina 2;0;5;1;1;0;0;0;0;0;0;0;0;0;0;0;0
Yr6rfrFFfthAL4X5qQme;2025-06-23;Zuzilkree;0;2;2;1;0;0;0;0;0;0;0;0;0;0;0;0
Yr6rfrFFfthAL4X5qQme;2025-06-23;Fray;0;9;2;1;0;0;0;0;0;0;0;0;0;0;0;0
Yr6rfrFFfthAL4X5qQme;2025-06-23;koi;0;0;0;0;0;0;0;0;0;0;0;0;0;0;0;0
Yr6rfrFFfthAL4X5qQme;2025-06-23;SBzBy II;0;3;0;0;0;0;0;0;0;0;0;0;0;0;0;0
Yr6rfrFFfthAL4X5qQme;2025-06-23;Shahanna;0;1;0;1;0;0;0;0;0;0;0;0;0;0;0;0
Yr6rfrFFfthAL4X5qQme;2025-06-23;Buck Man;0;5;1;2;0;14;0;0;0;0;0;0;0;0;0;0
Yr6rfrFFfthAL4X5qQme;2025-06-23;Upasara Wulung;1;0;0;0;0;0;0;0;0;0;1;0;0;0;0;0
Yr6rfrFFfthAL4X5qQme;2025-06-23;T-34;0;3;0;0;0;0;0;0;0;0;1;0;0;0;0;0
Yr6rfrFFfthAL4X5qQme;2025-06-23;Lord Rahl;0;0;0;0;0;0;0;0;0;0;0;0;0;0;0;0
Yr6rfrFFfthAL4X5qQme;2025-06-23;Alpha Logburg;0;0;0;0;0;0;0;0;0;0;0;0;0;0;0;0
Yr6rfrFFfthAL4X5qQme;2025-06-23;Eragon;0;6;0;0;0;0;0;0;0;0;0;0;0;0;0;0
Yr6rfrFFfthAL4X5qQme;2025-06-23;Perros;0;3;0;0;0;1;0;0;0;0;0;0;0;0;0;0
Yr6rfrFFfthAL4X5qQme;2025-06-23;Nightfang;0;3;1;2;0;3;0;0;0;0;0;0;0;0;0;0
Yr6rfrFFfthAL4X5qQme;2025-06-23;Mary Pili;0;0;0;0;0;0;0;0;0;0;0;0;0;0;0;0
Yr6rfrFFfthAL4X5qQme;2025-06-23;Hexe Kaukau;0;3;0;1;0;0;0;0;0;0;0;0;0;0;0;0
Yr6rfrFFfthAL4X5qQme;2025-06-23;Vakums;0;0;0;0;0;0;0;0;0;0;0;0;0;0;0;0
Yr6rfrFFfthAL4X5qQme;2025-06-23;Railkayilas;0;0;0;0;0;0;0;0;0;0;0;0;0;0;0;0
Yr6rfrFFfthAL4X5qQme;2025-06-23;Rainblade;0;0;0;0;0;0;0;0;0;0;0;0;0;0;0;0
Yr6rfrFFfthAL4X5qQme;2025-06-23;Monkey De Luffy;0;0;0;0;0;0;0;0;0;0;0;0;0;0;0;0
Yr6rfrFFfthAL4X5qQme;2025-06-23;Lindis;0;0;0;0;0;0;0;0;0;0;0;0;0;0;0;0
Yr6rfrFFfthAL4X5qQme;2025-06-23;Kantrius;0;3;0;2;0;0;0;0;0;0;0;0;0;0;0;0
Yr6rfrFFfthAL4X5qQme;2025-06-23;Kamaw DOC;0;0;0;0;0;0;0;0;0;0;0;0;0;0;0;0
Yr6rfrFFfthAL4X5qQme;2025-06-23;Adoran;0;0;0;0;0;0;0;0;0;0;0;0;0;0;0;0
Yr6rfrFFfthAL4X5qQme;2025-06-23;Tehn;0;0;0;0;0;0;0;0;0;0;0;0;0;0;0;0
Yr6rfrFFfthAL4X5qQme;2025-06-23;Jackal;0;3;0;0;0;0;0;0;0;0;0;0;0;0;0;0
Yr6rfrFFfthAL4X5qQme;2025-06-23;MELISA;0;0;0;0;0;0;0;0;0;0;0;0;0;0;0;0
Yr6rfrFFfthAL4X5qQme;2025-06-23;Bluebird;0;0;0;0;0;0;0;0;0;0;0;0;0;0;0;0
Yr6rfrFFfthAL4X5qQme;2025-06-23;Brodyaga;1;2;0;0;0;0;0;0;0;0;0;0;0;0;0;0
Yr6rfrFFfthAL4X5qQme;2025-06-23;Nightwulf;0;2;0;4;0;1;0;0;0;0;0;0;0;0;0;0
Yr6rfrFFfthAL4X5qQme;2025-06-23;Rein;0;3;0;0;0;0;0;0;0;0;0;0;0;0;0;0
Yr6rfrFFfthAL4X5qQme;2025-06-23;Kobani;0;0;0;0;0;0;0;0;0;0;0;0;0;0;0;0
Yr6rfrFFfthAL4X5qQme;2025-06-23;Barsian;0;1;0;0;0;0;0;0;0;0;0;0;0;0;0;0
Yr6rfrFFfthAL4X5qQme;2025-06-23;Moginn;0;0;0;0;0;0;0;0;0;0;0;0;0;0;0;0
Yr6rfrFFfthAL4X5qQme;2025-06-23;Fendis;0;0;0;0;0;0;0;0;0;0;0;0;0;0;0;0
Yr6rfrFFfthAL4X5qQme;2025-06-23;Frostterror;0;0;0;0;0;0;0;0;0;0;0;0;0;0;0;0
Yr6rfrFFfthAL4X5qQme;2025-06-23;KlaxxoN;0;0;0;0;0;0;0;0;0;0;0;0;0;0;0;0
Yr6rfrFFfthAL4X5qQme;2025-06-23;Cerberus;0;0;0;0;0;0;0;0;0;0;0;0;0;0;0;0
Yr6rfrFFfthAL4X5qQme;2025-06-23;Elgi;0;0;0;0;0;0;0;0;0;0;0;0;0;0;0;0
Yr6rfrFFfthAL4X5qQme;2025-06-23;Gardashura;0;0;0;0;0;0;0;0;0;0;0;0;0;0;0;0
Yr6rfrFFfthAL4X5qQme;2025-06-26;Gocha;0;0;0;0;0;0;0;0;0;0;0;0;0;0;0;0
Yr6rfrFFfthAL4X5qQme;2025-06-26;Mikoikt;0;0;0;0;0;0;0;0;0;0;0;0;0;0;0;0
Yr6rfrFFfthAL4X5qQme;2025-06-26;MELISA;0;10;0;6;0;0;0;0;0;0;0;0;0;0;0;0
Yr6rfrFFfthAL4X5qQme;2025-06-26;Lanmoin der 3te;0;0;0;0;0;0;0;0;0;0;0;0;0;0;0;0
Yr6rfrFFfthAL4X5qQme;2025-06-26;Lanmoin der Kleine;0;0;0;0;0;0;0;0;0;0;0;0;0;0;0;0
Yr6rfrFFfthAL4X5qQme;2025-06-26;Alpha Logburg;0;0;0;0;0;0;0;0;0;0;0;0;0;0;0;0
Yr6rfrFFfthAL4X5qQme;2025-06-26;Lindis;0;3;0;0;0;0;0;0;0;0;0;0;0;0;0;0
Yr6rfrFFfthAL4X5qQme;2025-06-26;Vakums;0;0;0;0;0;0;0;0;0;0;0;0;0;0;0;0
Yr6rfrFFfthAL4X5qQme;2025-06-26;Bluebird;0;0;0;0;0;0;0;0;0;0;0;0;0;0;0;0
Yr6rfrFFfthAL4X5qQme;2025-06-26;MIKI;0;0;0;0;0;0;0;0;0;0;0;0;0;0;0;0
Yr6rfrFFfthAL4X5qQme;2025-06-26;Rainblade;0;5;0;0;0;1;0;0;0;0;0;0;0;0;0;0
Yr6rfrFFfthAL4X5qQme;2025-06-26;KlaxxoN;0;0;0;0;0;0;0;0;0;0;0;0;0;0;0;0
Yr6rfrFFfthAL4X5qQme;2025-06-26;LosBolLos;0;6;1;1;0;0;0;0;0;0;0;0;0;0;0;0
Yr6rfrFFfthAL4X5qQme;2025-06-26;Mary Pili;0;0;0;0;0;0;0;0;0;0;0;0;0;0;0;0
Yr6rfrFFfthAL4X5qQme;2025-06-26;Monkey De Luffy;0;0;0;0;0;0;0;0;0;0;0;0;0;0;0;0
Yr6rfrFFfthAL4X5qQme;2025-06-26;Frostterror;0;0;0;0;0;5;0;0;0;0;0;0;0;0;0;0
Yr6rfrFFfthAL4X5qQme;2025-06-26;Serdriilas;0;1;0;8;0;0;0;3;0;0;0;0;0;0;0;0
Yr6rfrFFfthAL4X5qQme;2025-06-26;El Mosca;0;0;0;0;0;0;0;0;0;0;0;0;0;0;0;0
Yr6rfrFFfthAL4X5qQme;2025-06-26;Monkey De Luffy;0;0;0;0;0;0;0;0;0;0;0;0;0;0;0;0
Yr6rfrFFfthAL4X5qQme;2025-06-26;kingchris;0;3;0;0;0;1;0;0;0;0;0;0;0;0;0;0
Yr6rfrFFfthAL4X5qQme;2025-06-26;Eiskonigin;0;0;0;0;0;0;0;0;0;0;0;0;0;0;0;0
Yr6rfrFFfthAL4X5qQme;2025-06-26;Rifur;0;0;0;0;0;0;0;0;0;0;0;0;0;0;0;0
Yr6rfrFFfthAL4X5qQme;2025-06-26;Kupriyanych;0;0;0;0;0;0;0;0;0;0;0;0;0;0;0;0
Yr6rfrFFfthAL4X5qQme;2025-06-26;Lindis;0;3;0;0;0;0;0;0;0;0;0;0;0;0;0;0
Yr6rfrFFfthAL4X5qQme;2025-06-26;Elgi;0;0;0;0;0;0;0;0;0;0;0;0;0;0;0;0
Yr6rfrFFfthAL4X5qQme;2025-06-26;Elsa;0;5;0;0;0;0;0;0;0;0;0;0;0;0;0;0
Yr6rfrFFfthAL4X5qQme;2025-06-26;Fendis;0;0;0;0;0;0;0;0;0;0;0;0;0;0;0;0
Yr6rfrFFfthAL4X5qQme;2025-06-26;Serdriel;0;0;1;1;0;0;0;0;0;0;0;0;0;0;0;0
Yr6rfrFFfthAL4X5qQme;2025-06-26;Forondod;0;0;0;0;0;0;0;0;0;0;0;0;0;0;0;0
Yr6rfrFFfthAL4X5qQme;2025-06-26;Frostterror;0;0;0;0;0;5;0;0;0;0;0;0;0;0;0;0
Yr6rfrFFfthAL4X5qQme;2025-06-26;Cerberus;0;2;0;0;0;0;0;0;0;0;0;0;0;0;0;0
Yr6rfrFFfthAL4X5qQme;2025-06-26;Donald Duck;0;0;0;0;0;0;0;0;0;0;0;0;0;0;0;0
Yr6rfrFFfthAL4X5qQme;2025-06-26;Dalinad;0;0;0;0;0;0;0;0;0;0;0;0;0;0;0;0
Yr6rfrFFfthAL4X5qQme;2025-06-26;koi;0;7;0;3;0;6;0;0;0;0;0;0;0;0;0;0
Yr6rfrFFfthAL4X5qQme;2025-06-26;Gocha;0;0;0;0;0;0;0;0;0;0;0;0;0;0;0;0
Yr6rfrFFfthAL4X5qQme;2025-06-26;koi;0;7;0;3;0;6;0;0;0;0;0;0;0;0;0;0
Yr6rfrFFfthAL4X5qQme;2025-06-26;Donald Duck;0;0;0;0;0;0;0;0;0;0;0;0;0;0;0;0
Yr6rfrFFfthAL4X5qQme;2025-06-26;Fendis;0;0;0;0;0;0;0;0;0;0;0;0;0;0;0;0
Yr6rfrFFfthAL4X5qQme;2025-06-26;Buck Man;0;0;0;0;0;0;0;0;0;0;0;0;0;0;0;0
Yr6rfrFFfthAL4X5qQme;2025-06-26;Hulsa;0;0;0;0;0;2;0;0;0;0;0;0;0;0;0;0
Yr6rfrFFfthAL4X5qQme;2025-06-26;Petrov val;0;0;0;0;0;1;0;0;0;0;0;0;0;0;0;0
Yr6rfrFFfthAL4X5qQme;2025-06-26;El Mosca;0;0;0;0;0;0;0;0;0;0;0;0;0;0;0;0
Yr6rfrFFfthAL4X5qQme;2025-06-26;rami;0;0;0;0;0;0;0;0;0;0;0;0;0;0;0;0
Yr6rfrFFfthAL4X5qQme;2025-06-26;Nightwulf;0;0;0;0;0;0;0;0;0;0;0;0;0;0;0;0
Yr6rfrFFfthAL4X5qQme;2025-06-26;kingdom warrior jn;0;0;0;0;0;0;0;0;0;0;0;0;0;0;0;0
Yr6rfrFFfthAL4X5qQme;2025-06-26;Romazan;0;0;0;0;0;0;0;0;0;0;0;0;0;0;0;0
Yr6rfrFFfthAL4X5qQme;2025-06-26;NikolajDNK;0;0;0;0;0;0;0;0;0;0;0;0;0;0;0;0
Yr6rfrFFfthAL4X5qQme;2025-06-26;Tehn;0;8;0;1;0;0;0;0;0;0;0;0;0;0;0;0
Yr6rfrFFfthAL4X5qQme;2025-06-26;Kamaw DOC;0;0;0;0;0;0;0;0;0;0;0;0;0;0;0;0
Yr6rfrFFfthAL4X5qQme;2025-06-26;Rein;0;0;0;0;0;0;0;0;0;0;0;0;0;0;0;0
Yr6rfrFFfthAL4X5qQme;2025-06-26;Tehn;0;8;0;1;0;0;0;0;0;0;0;0;0;0;0;0
Yr6rfrFFfthAL4X5qQme;2025-06-26;Moginn;0;5;1;0;0;0;0;0;0;0;0;0;0;0;0;0
Yr6rfrFFfthAL4X5qQme;2025-06-26;Shahanna;0;0;0;0;0;0;0;0;0;0;0;0;0;0;0;0
Yr6rfrFFfthAL4X5qQme;2025-06-26;Eragon;0;0;0;0;0;0;0;0;0;0;0;0;0;0;0;0
Yr6rfrFFfthAL4X5qQme;2025-06-26;Barsian;0;0;0;0;0;0;0;0;0;0;0;0;0;0;0;0
Yr6rfrFFfthAL4X5qQme;2025-06-26;Hexe Kaukau;0;0;0;0;0;0;0;0;0;0;0;0;0;0;0;0
Yr6rfrFFfthAL4X5qQme;2025-06-26;Fendis;0;0;0;0;0;0;0;0;0;0;0;0;0;0;0;0
Yr6rfrFFfthAL4X5qQme;2025-06-26;Railkayilas;0;0;0;0;0;0;0;0;0;0;0;0;0;0;0;0
Yr6rfrFFfthAL4X5qQme;2025-06-26;Ya kut;0;0;0;0;0;0;0;0;0;0;0;0;0;0;0;0
Yr6rfrFFfthAL4X5qQme;2025-06-26;Traiano;0;0;0;0;0;0;0;0;0;0;0;0;0;0;0;0
Yr6rfrFFfthAL4X5qQme;2025-06-26;Lord Rahl;0;0;0;0;0;0;0;0;0;0;0;0;0;0;0;0
Yr6rfrFFfthAL4X5qQme;2025-06-26;WildMG;0;0;0;0;0;0;0;0;0;0;0;0;0;0;0;0
Yr6rfrFFfthAL4X5qQme;2025-06-26;Heinrich der Lowe;0;9;0;9;0;0;0;0;0;0;0;0;0;0;0;0
Yr6rfrFFfthAL4X5qQme;2025-06-26;Kobani;0;1;0;0;0;0;0;0;0;0;0;0;0;0;0;0
Yr6rfrFFfthAL4X5qQme;2025-06-26;YurasiK;0;0;0;0;0;0;0;0;0;0;0;0;0;0;0;0
Yr6rfrFFfthAL4X5qQme;2025-06-26;Mary Pili;0;0;0;0;0;0;0;0;0;0;0;0;0;0;0;0
Yr6rfrFFfthAL4X5qQme;2025-06-26;Rainblade;0;5;0;0;0;1;0;0;0;0;0;0;0;0;0;0
Yr6rfrFFfthAL4X5qQme;2025-06-26;Mary Pili;0;0;0;0;0;0;0;0;0;0;0;0;0;0;0;0
Yr6rfrFFfthAL4X5qQme;2025-06-26;Ya kut;0;0;0;0;0;0;0;0;0;0;0;0;0;0;0;0
Yr6rfrFFfthAL4X5qQme;2025-06-26;El Mosca;0;0;0;0;0;0;0;0;0;0;0;0;0;0;0;0
Yr6rfrFFfthAL4X5qQme;2025-06-26;Kupriyanych;0;0;0;0;0;0;0;0;0;0;0;0;0;0;0;0
Yr6rfrFFfthAL4X5qQme;2025-06-26;Roland;0;0;0;0;0;0;0;0;0;0;0;0;0;0;0;0
Yr6rfrFFfthAL4X5qQme;2025-06-26;Miss Pelace;0;12;3;1;0;0;0;0;0;0;0;0;0;0;0;0
Yr6rfrFFfthAL4X5qQme;2025-06-26;NikolajDNK;0;0;0;0;0;0;0;0;0;0;0;0;0;0;0;0
Yr6rfrFFfthAL4X5qQme;2025-06-26;Alpha Logburg;0;0;0;0;0;0;0;0;0;0;0;0;0;0;0;0
Yr6rfrFFfthAL4X5qQme;2025-06-26;DerVerstandnisvolle;0;2;0;0;0;0;0;0;0;0;0;0;0;0;0;0
Yr6rfrFFfthAL4X5qQme;2025-06-26;Bluebird;0;0;0;0;0;0;0;0;0;0;0;0;0;0;0;0
Yr6rfrFFfthAL4X5qQme;2025-06-26;SBzBy II;0;2;0;0;0;0;0;0;0;0;0;0;0;0;0;0
Yr6rfrFFfthAL4X5qQme;2025-06-26;Tehn;0;8;0;1;0;0;0;0;0;0;0;0;0;0;0;0
Yr6rfrFFfthAL4X5qQme;2025-06-26;Bluebird;0;0;0;0;0;0;0;0;0;0;0;0;0;0;0;0
Yr6rfrFFfthAL4X5qQme;2025-06-26;Zuzilkree;0;0;0;0;0;0;0;0;0;0;0;0;0;0;0;0
Yr6rfrFFfthAL4X5qQme;2025-06-26;Lord Rahl;0;0;0;0;0;0;0;0;0;0;0;0;0;0;0;0
Yr6rfrFFfthAL4X5qQme;2025-06-26;Traiano;0;0;0;0;0;0;0;0;0;0;0;0;0;0;0;0
Yr6rfrFFfthAL4X5qQme;2025-06-26;Forondod;0;0;0;0;0;0;0;0;0;0;0;0;0;0;0;0
Yr6rfrFFfthAL4X5qQme;2025-06-26;Kobani;0;1;0;0;0;0;0;0;0;0;0;0;0;0;0;0
Yr6rfrFFfthAL4X5qQme;2025-06-26;Jackal;0;0;0;0;0;0;0;0;0;0;0;0;0;0;0;0
Yr6rfrFFfthAL4X5qQme;2025-06-26;Alpha Logburg;0;0;0;0;0;0;0;0;0;0;0;0;0;0;0;0
Yr6rfrFFfthAL4X5qQme;2025-06-26;Gardashura;0;3;0;0;0;0;0;0;0;0;0;0;0;0;0;0
Yr6rfrFFfthAL4X5qQme;2025-06-26;Lanmoin der Kleine;0;0;0;0;0;0;0;0;0;0;0;0;0;0;0;0
Yr6rfrFFfthAL4X5qQme;2025-06-26;Moginn;0;5;1;0;0;0;0;0;0;0;0;0;0;0;0;0
Yr6rfrFFfthAL4X5qQme;2025-06-26;Kamaw DOC;0;0;0;0;0;0;0;0;0;0;0;0;0;0;0;0
Yr6rfrFFfthAL4X5qQme;2025-06-26;TrAIANO 2;0;0;0;0;0;0;0;0;0;0;0;0;0;0;0;0
Yr6rfrFFfthAL4X5qQme;2025-06-26;Brodyaga;0;0;0;0;0;0;0;0;0;0;0;0;0;0;0;0
Yr6rfrFFfthAL4X5qQme;2025-06-26;MELISA;0;10;0;6;0;0;0;0;0;0;0;0;0;0;0;0
Yr6rfrFFfthAL4X5qQme;2025-06-26;Gocha;0;0;0;0;0;0;0;0;0;0;0;0;0;0;0;0
Yr6rfrFFfthAL4X5qQme;2025-06-26;Jannoz;0;3;0;0;0;0;0;0;0;0;0;0;0;0;0;0
Yr6rfrFFfthAL4X5qQme;2025-06-26;kingdom warrior 2;0;0;0;0;0;0;0;0;0;0;0;0;0;0;0;0
Yr6rfrFFfthAL4X5qQme;2025-06-26;T-34;0;0;0;0;0;0;0;0;0;0;0;0;0;0;0;0
Yr6rfrFFfthAL4X5qQme;2025-06-26;White Los;0;0;0;0;0;0;0;0;0;0;0;0;0;0;0;0
Yr6rfrFFfthAL4X5qQme;2025-06-26;Kantrius;0;7;2;2;0;11;0;0;0;0;0;0;0;0;0;0
Yr6rfrFFfthAL4X5qQme;2025-06-26;Perros;0;0;0;0;0;0;0;0;0;0;0;0;0;0;0;0
Yr6rfrFFfthAL4X5qQme;2025-06-26;Adoran;0;2;4;3;0;0;0;0;0;0;0;0;0;0;0;0
Yr6rfrFFfthAL4X5qQme;2025-06-26;Ivanhoe;0;0;0;0;0;0;0;0;0;0;0;0;0;0;0;0
Yr6rfrFFfthAL4X5qQme;2025-06-26;Adoran;0;2;4;3;0;0;0;0;0;0;0;0;0;0;0;0
Yr6rfrFFfthAL4X5qQme;2025-06-26;Rifur;0;0;0;0;0;0;0;0;0;0;0;0;0;0;0;0
Yr6rfrFFfthAL4X5qQme;2025-06-26;Miaso;0;0;0;0;0;0;0;0;0;0;0;0;0;0;0;0
Yr6rfrFFfthAL4X5qQme;2025-06-26;Tigra;0;13;3;1;0;4;0;0;0;0;0;0;0;0;0;0
Yr6rfrFFfthAL4X5qQme;2025-06-26;Danara;0;0;0;0;0;0;0;0;0;0;0;0;0;0;0;0
Yr6rfrFFfthAL4X5qQme;2025-06-26;KlaxxoN;0;0;0;0;0;0;0;0;0;0;0;0;0;0;0;0
Yr6rfrFFfthAL4X5qQme;2025-06-26;Rover;0;0;0;0;0;5;0;0;0;0;0;0;0;0;0;0
Yr6rfrFFfthAL4X5qQme;2025-06-26;Friedoline;0;1;0;1;0;0;0;0;0;0;0;0;0;0;0;0
Yr6rfrFFfthAL4X5qQme;2025-06-26;Nightfang;0;0;0;0;0;0;0;0;0;0;0;0;0;0;0;0
Yr6rfrFFfthAL4X5qQme;2025-06-26;Lanmoin der Kleine;0;0;0;0;0;0;0;0;0;0;0;0;0;0;0;0
Yr6rfrFFfthAL4X5qQme;2025-06-26;Romazan;0;0;0;0;0;0;0;0;0;0;0;0;0;0;0;0
Yr6rfrFFfthAL4X5qQme;2025-06-26;Lindis;0;3;0;0;0;0;0;0;0;0;0;0;0;0;0;0
Yr6rfrFFfthAL4X5qQme;2025-06-26;Daijind;0;0;0;0;0;0;0;0;0;0;0;0;0;0;0;0
Yr6rfrFFfthAL4X5qQme;2025-06-26;TrAiAnO 2;0;0;0;0;0;0;0;0;0;0;0;0;0;0;0;0
Yr6rfrFFfthAL4X5qQme;2025-06-26;Railkayilas;0;0;0;0;0;0;0;0;0;0;0;0;0;0;0;0
Yr6rfrFFfthAL4X5qQme;2025-06-26;Serdriilas;0;1;0;8;0;0;0;3;0;0;0;0;0;0;0;0
Yr6rfrFFfthAL4X5qQme;2025-06-26;Danara;0;0;0;0;0;0;0;0;0;0;0;0;0;0;0;0
Yr6rfrFFfthAL4X5qQme;2025-06-26;Angelina 2;0;0;0;0;0;0;0;0;0;0;0;0;0;0;0;0
Yr6rfrFFfthAL4X5qQme;2025-06-26;Cerberus;0;2;0;0;0;0;0;0;0;0;0;0;0;0;0;0
Yr6rfrFFfthAL4X5qQme;2025-06-26;kingchris;0;3;0;0;0;1;0;0;0;0;0;0;0;0;0;0
Yr6rfrFFfthAL4X5qQme;2025-06-26;Elgi;0;0;0;0;0;0;0;0;0;0;0;0;0;0;0;0
Yr6rfrFFfthAL4X5qQme;2025-06-26;Monkey De Luffy;0;0;0;0;0;0;0;0;0;0;0;0;0;0;0;0
Yr6rfrFFfthAL4X5qQme;2025-06-26;Vakums;0;0;0;0;0;0;0;0;0;0;0;0;0;0;0;0
Yr6rfrFFfthAL4X5qQme;2025-06-26;Gardashura;0;3;0;0;0;0;0;0;0;0;0;0;0;0;0;0
Yr6rfrFFfthAL4X5qQme;2025-06-26;Fray;0;3;0;3;0;1;0;0;0;0;0;0;0;0;0;0
Yr6rfrFFfthAL4X5qQme;2025-06-26;Upasara Wulung;0;0;0;0;0;0;0;0;0;0;0;0;0;0;0;0
Yr6rfrFFfthAL4X5qQme;2025-06-26;Gardashura;0;3;0;0;0;0;0;0;0;0;0;0;0;0;0;0
Yr6rfrFFfthAL4X5qQme;2025-06-28;Rifur;0;6;0;1;0;0;0;0;0;0;0;0;0;0;0;0
Yr6rfrFFfthAL4X5qQme;2025-06-28;Kobani;0;7;2;2;0;0;0;0;1;0;0;0;0;0;0;0
Yr6rfrFFfthAL4X5qQme;2025-06-28;Adoran;0;6;1;3;0;2;0;0;0;0;0;0;0;0;0;0
Yr6rfrFFfthAL4X5qQme;2025-06-28;Tehn;0;28;0;8;0;1;0;0;0;0;0;0;0;0;0;0
Yr6rfrFFfthAL4X5qQme;2025-06-28;Lanmoin der Kleine;0;55;0;0;0;0;0;0;0;0;0;0;0;0;0;0
Yr6rfrFFfthAL4X5qQme;2025-06-28;Angelina 2;0;22;0;1;0;0;0;0;9;0;0;0;0;0;0;0
Yr6rfrFFfthAL4X5qQme;2025-06-28;Bluebird;0;0;30;0;0;0;0;0;0;0;0;0;0;0;0;0
Yr6rfrFFfthAL4X5qQme;2025-06-28;Lanmoin der Kleine;0;55;0;0;0;0;0;0;0;0;0;0;0;0;0;0
Yr6rfrFFfthAL4X5qQme;2025-06-28;Forondod;0;10;1;0;0;0;0;0;0;0;0;0;0;0;0;0
Yr6rfrFFfthAL4X5qQme;2025-06-28;Rifur;0;6;0;1;0;0;0;0;0;0;0;0;0;0;0;0
Yr6rfrFFfthAL4X5qQme;2025-06-28;Mary Pili;0;0;0;0;0;0;0;0;0;0;0;0;0;0;0;0
Yr6rfrFFfthAL4X5qQme;2025-06-28;Tehn;0;28;0;8;0;1;0;0;0;0;0;0;0;0;0;0
Yr6rfrFFfthAL4X5qQme;2025-06-28;Kamaw DOC;1;6;0;0;0;0;0;0;0;0;0;0;0;0;0;0
Yr6rfrFFfthAL4X5qQme;2025-06-28;Upasara Wulung;0;0;0;0;0;0;0;0;0;0;0;0;0;0;0;0
Yr6rfrFFfthAL4X5qQme;2025-06-28;Heinrich der Lowe;0;0;0;0;0;0;0;0;0;0;0;0;0;0;0;0
Yr6rfrFFfthAL4X5qQme;2025-06-28;Moginn;0;0;0;0;0;0;0;0;0;0;0;0;0;0;0;0
Yr6rfrFFfthAL4X5qQme;2025-06-28;Kelerosir;0;17;0;0;0;0;0;0;0;0;0;0;0;0;0;0
Yr6rfrFFfthAL4X5qQme;2025-06-28;Dalinad;0;0;0;0;0;0;0;0;0;0;0;0;0;0;0;0
Yr6rfrFFfthAL4X5qQme;2025-06-28;TrAIANO 2;0;0;0;0;0;0;0;0;0;0;0;0;0;0;0;0
Yr6rfrFFfthAL4X5qQme;2025-06-28;Gardashura;0;5;0;0;0;0;0;0;0;0;0;0;0;0;0;0
Yr6rfrFFfthAL4X5qQme;2025-06-28;Gocha;0;0;0;0;0;0;0;0;0;0;0;0;0;0;0;0
Yr6rfrFFfthAL4X5qQme;2025-06-28;Railkayilas;0;4;4;2;0;2;0;0;0;0;0;0;0;0;0;0
Yr6rfrFFfthAL4X5qQme;2025-06-28;Miss Pelace;0;4;0;1;0;0;0;3;0;0;0;0;0;0;0;0
Yr6rfrFFfthAL4X5qQme;2025-06-28;Monkey De Luffy;0;2;0;0;0;0;0;0;0;0;0;0;0;0;0;0
Yr6rfrFFfthAL4X5qQme;2025-06-28;White Los;0;0;0;0;0;0;0;0;0;0;0;0;0;0;0;0
Yr6rfrFFfthAL4X5qQme;2025-06-28;Donald Duck;0;0;0;0;0;0;0;0;0;0;0;0;0;0;0;0
Yr6rfrFFfthAL4X5qQme;2025-06-28;Rainblade;0;13;0;0;0;1;0;0;0;0;0;0;0;0;0;0
Yr6rfrFFfthAL4X5qQme;2025-06-28;Gocha;0;0;0;0;0;0;0;0;0;0;0;0;0;0;0;0
Yr6rfrFFfthAL4X5qQme;2025-06-28;kingchris;0;7;0;1;0;1;0;0;0;0;0;0;0;0;0;0
Yr6rfrFFfthAL4X5qQme;2025-06-28;Rein;0;0;0;0;0;0;0;0;0;0;0;0;0;0;0;0
Yr6rfrFFfthAL4X5qQme;2025-06-28;Lindis;0;10;3;2;0;0;0;0;0;0;0;0;0;0;0;0
Yr6rfrFFfthAL4X5qQme;2025-06-28;Kamaw DOC;1;6;0;0;0;0;0;0;0;0;0;0;0;0;0;0
Yr6rfrFFfthAL4X5qQme;2025-06-28;Eiskonigin;0;0;0;0;0;0;0;0;0;0;0;0;0;0;0;0
Yr6rfrFFfthAL4X5qQme;2025-06-28;Nightfang;0;6;7;7;0;6;1;3;2;1;0;0;0;0;0;0
Yr6rfrFFfthAL4X5qQme;2025-06-28;Ya kut;0;3;0;0;0;0;0;0;0;0;0;0;0;0;0;0
Yr6rfrFFfthAL4X5qQme;2025-06-28;Mary Pili;0;0;0;0;0;0;0;0;0;0;0;0;0;0;0;0
Yr6rfrFFfthAL4X5qQme;2025-06-28;Alpha Logburg;0;0;0;0;0;0;0;0;0;0;0;0;0;0;0;0
Yr6rfrFFfthAL4X5qQme;2025-06-28;Daijind;0;3;0;1;0;0;0;0;0;0;0;0;0;0;0;0
Yr6rfrFFfthAL4X5qQme;2025-06-28;Forondod;0;10;1;0;0;0;0;0;0;0;0;0;0;0;0;0
Yr6rfrFFfthAL4X5qQme;2025-06-28;MELISA;0;0;0;0;0;0;0;0;0;0;0;0;0;0;0;0
Yr6rfrFFfthAL4X5qQme;2025-06-28;Shahanna;0;11;0;1;0;0;0;0;0;0;0;0;0;0;0;0
Yr6rfrFFfthAL4X5qQme;2025-06-28;T-34;0;1;5;0;0;0;0;0;6;0;0;0;0;0;0;0
Yr6rfrFFfthAL4X5qQme;2025-06-28;Jackal;0;12;7;17;0;11;0;0;0;0;0;0;0;0;0;0
Yr6rfrFFfthAL4X5qQme;2025-06-28;LosBolLos;0;3;0;0;0;0;0;0;0;0;0;0;0;0;0;0
Yr6rfrFFfthAL4X5qQme;2025-06-28;Frostterror;0;15;2;4;0;5;0;0;0;0;0;0;0;0;0;0
Yr6rfrFFfthAL4X5qQme;2025-06-28;Kupriyanych;1;5;1;3;0;0;0;0;0;0;0;0;0;0;0;0
Yr6rfrFFfthAL4X5qQme;2025-06-28;Fendis;0;19;0;0;0;0;0;0;0;0;0;0;0;0;0;0
Yr6rfrFFfthAL4X5qQme;2025-06-28;Perros;0;0;0;0;0;0;0;0;0;0;0;0;0;0;0;0
Yr6rfrFFfthAL4X5qQme;2025-06-28;Hulsa;0;8;1;47;0;24;0;0;0;0;0;0;0;0;0;0
Yr6rfrFFfthAL4X5qQme;2025-06-28;Donald Duck;0;0;0;0;0;0;0;0;0;0;0;0;0;0;0;0
Yr6rfrFFfthAL4X5qQme;2025-06-28;Elsa;0;32;0;1;0;0;0;0;0;0;0;0;0;0;0;0
Yr6rfrFFfthAL4X5qQme;2025-06-28;Rainblade;0;13;0;0;0;1;0;0;0;0;0;0;0;0;0;0
Yr6rfrFFfthAL4X5qQme;2025-06-28;Lanmoin der 3te;0;0;21;1;0;0;0;0;0;0;0;0;0;0;0;0
Yr6rfrFFfthAL4X5qQme;2025-06-28;Brodyaga;0;4;0;0;0;4;0;0;0;0;0;0;0;0;0;0
Yr6rfrFFfthAL4X5qQme;2025-06-28;Traiano;0;13;0;9;0;0;0;0;0;0;0;0;0;0;0;0
Yr6rfrFFfthAL4X5qQme;2025-06-28;Danara;0;0;0;0;0;0;0;0;0;0;0;0;0;0;0;0
Yr6rfrFFfthAL4X5qQme;2025-06-28;DerVerstandnisvolle;0;1;1;0;0;2;0;0;0;0;0;0;0;0;0;0
Yr6rfrFFfthAL4X5qQme;2025-06-28;Gocha;0;0;0;0;0;0;0;0;0;0;0;0;0;0;0;0
Yr6rfrFFfthAL4X5qQme;2025-06-28;WildMG;0;8;3;1;0;0;0;0;0;0;0;0;0;0;0;0
Yr6rfrFFfthAL4X5qQme;2025-06-28;Ivanhoe;0;3;0;0;0;0;0;0;0;0;0;0;0;0;0;0
Yr6rfrFFfthAL4X5qQme;2025-06-28;Eragon;0;18;16;5;0;30;0;0;1;0;0;0;0;0;0;0
Yr6rfrFFfthAL4X5qQme;2025-06-28;KlaxxoN;0;1;1;0;0;4;0;0;0;0;0;0;0;0;0;0
Yr6rfrFFfthAL4X5qQme;2025-06-28;Lindis;0;10;3;2;0;0;0;0;0;0;0;0;0;0;0;0
Yr6rfrFFfthAL4X5qQme;2025-06-28;Gardashura;0;5;0;0;0;0;0;0;0;0;0;0;0;0;0;0
Yr6rfrFFfthAL4X5qQme;2025-06-28;kingdom warrior 2;0;3;0;0;0;0;0;0;0;0;0;0;0;0;0;0
Yr6rfrFFfthAL4X5qQme;2025-06-28;Frostterror;0;15;2;4;0;5;0;0;0;0;0;0;0;0;0;0
Yr6rfrFFfthAL4X5qQme;2025-06-28;Gardashura;0;5;0;0;0;0;0;0;0;0;0;0;0;0;0;0
Yr6rfrFFfthAL4X5qQme;2025-06-28;SBzBy II;0;2;0;1;0;0;0;3;0;0;0;0;0;0;0;0
Yr6rfrFFfthAL4X5qQme;2025-06-28;Jannoz;0;1;5;3;0;0;0;0;0;0;0;0;0;0;0;0
Yr6rfrFFfthAL4X5qQme;2025-06-28;Miaso;0;0;0;0;0;0;0;0;0;0;0;0;0;0;0;0
Yr6rfrFFfthAL4X5qQme;2025-06-28;Friedoline;0;8;2;2;0;0;0;0;0;0;0;0;0;0;0;0
Yr6rfrFFfthAL4X5qQme;2025-06-28;Vakums;0;6;0;2;0;24;0;0;0;0;0;0;0;0;0;0
Yr6rfrFFfthAL4X5qQme;2025-06-28;Monkey De Luffy;0;2;0;0;0;0;0;0;0;0;0;0;0;0;0;0
Yr6rfrFFfthAL4X5qQme;2025-06-28;koi;1;32;1;4;0;122;0;0;1;0;0;0;0;0;0;0
Yr6rfrFFfthAL4X5qQme;2025-06-28;Traiano;0;13;0;9;0;0;0;0;0;0;0;0;0;0;0;0
Yr6rfrFFfthAL4X5qQme;2025-06-28;KlaxxoN;0;1;1;0;0;4;0;0;0;0;0;0;0;0;0;0
Yr6rfrFFfthAL4X5qQme;2025-06-28;Tigra;0;26;2;2;0;16;0;0;0;0;0;0;0;0;0;0
Yr6rfrFFfthAL4X5qQme;2025-06-28;koi;1;32;1;4;0;122;0;0;1;0;0;0;0;0;0;0
Yr6rfrFFfthAL4X5qQme;2025-06-28;rami;1;8;0;0;0;3;0;0;0;0;0;0;0;0;0;0
Yr6rfrFFfthAL4X5qQme;2025-06-28;Zuzilkree;0;22;0;2;0;21;0;0;0;0;0;0;0;0;0;0
Yr6rfrFFfthAL4X5qQme;2025-06-28;Moginn;0;0;0;0;0;0;0;0;0;0;0;0;0;0;0;0
Yr6rfrFFfthAL4X5qQme;2025-06-28;Cerberus;0;2;1;0;0;0;0;0;0;0;0;0;0;0;0;0
Yr6rfrFFfthAL4X5qQme;2025-06-28;Mikoikt;0;2;0;2;0;0;0;0;0;0;0;0;0;0;0;0
Yr6rfrFFfthAL4X5qQme;2025-06-28;Fendis;0;19;0;0;0;0;0;0;0;0;0;0;0;0;0;0
Yr6rfrFFfthAL4X5qQme;2025-06-28;Hexe Kaukau;0;7;0;2;0;0;0;0;0;0;0;0;0;0;0;0
Yr6rfrFFfthAL4X5qQme;2025-06-28;Elgi;0;6;3;1;0;0;0;0;0;0;0;0;0;0;0;0
Yr6rfrFFfthAL4X5qQme;2025-06-28;Roland;0;13;2;11;0;4;1;0;0;2;0;0;0;0;0;0
Yr6rfrFFfthAL4X5qQme;2025-06-28;Monkey De Luffy;0;2;0;0;0;0;0;0;0;0;0;0;0;0;0;0
Yr6rfrFFfthAL4X5qQme;2025-06-28;Vakums;0;6;0;2;0;24;0;0;0;0;0;0;0;0;0;0
Yr6rfrFFfthAL4X5qQme;2025-06-28;YurasiK;0;23;1;0;0;0;0;0;4;0;0;0;0;0;0;0
Yr6rfrFFfthAL4X5qQme;2025-06-28;NikolajDNK;0;0;0;0;0;0;0;0;0;0;0;0;0;0;0;0
Yr6rfrFFfthAL4X5qQme;2025-06-28;Adoran;0;6;1;3;0;2;0;0;0;0;0;0;0;0;0;0
Yr6rfrFFfthAL4X5qQme;2025-06-28;Kobani;0;7;2;2;0;0;0;0;1;0;0;0;0;0;0;0
Yr6rfrFFfthAL4X5qQme;2025-06-28;Alpha Logburg;0;0;0;0;0;0;0;0;0;0;0;0;0;0;0;0
Yr6rfrFFfthAL4X5qQme;2025-06-28;Lanmoin der Kleine;0;55;0;0;0;0;0;0;0;0;0;0;0;0;0;0
Yr6rfrFFfthAL4X5qQme;2025-06-28;Lord Rahl;0;3;0;0;0;0;0;0;0;0;0;0;0;0;0;0
Yr6rfrFFfthAL4X5qQme;2025-06-28;Rover;0;10;2;2;0;24;0;0;0;0;0;0;0;0;0;0
Yr6rfrFFfthAL4X5qQme;2025-06-28;Nightwulf;0;14;1;7;0;1;0;0;0;0;0;0;0;0;0;0
Yr6rfrFFfthAL4X5qQme;2025-06-28;Romazan;0;2;0;0;0;1;0;0;0;0;0;0;0;0;0;0
Yr6rfrFFfthAL4X5qQme;2025-06-28;El Mosca;0;0;0;0;0;0;0;0;0;0;0;0;0;0;0;0
Yr6rfrFFfthAL4X5qQme;2025-06-28;TrAiAnO 2;0;0;0;0;0;0;0;0;0;0;0;0;0;0;0;0
Yr6rfrFFfthAL4X5qQme;2025-06-28;Lindis;0;10;3;2;0;0;0;0;0;0;0;0;0;0;0;0
Yr6rfrFFfthAL4X5qQme;2025-06-28;Petrov val;0;9;1;3;0;3;0;0;0;0;0;0;0;0;0;0
Yr6rfrFFfthAL4X5qQme;2025-06-28;Fray;0;34;3;7;0;4;0;0;0;0;0;0;0;0;0;0
Yr6rfrFFfthAL4X5qQme;2025-06-28;Elgi;0;6;3;1;0;0;0;0;0;0;0;0;0;0;0;0
Yr6rfrFFfthAL4X5qQme;2025-06-28;Serdriel;0;14;3;3;0;0;0;0;0;0;0;0;0;0;0;0
Yr6rfrFFfthAL4X5qQme;2025-06-28;Mary Pili;0;0;0;0;0;0;0;0;0;0;0;0;0;0;0;0
Yr6rfrFFfthAL4X5qQme;2025-06-28;Tehn;0;28;0;8;0;1;0;0;0;0;0;0;0;0;0;0
Yr6rfrFFfthAL4X5qQme;2025-06-28;kingchris;0;7;0;1;0;1;0;0;0;0;0;0;0;0;0;0
Yr6rfrFFfthAL4X5qQme;2025-06-28;El Mosca;0;0;0;0;0;0;0;0;0;0;0;0;0;0;0;0
Yr6rfrFFfthAL4X5qQme;2025-06-28;Danara;0;0;0;0;0;0;0;0;0;0;0;0;0;0;0;0
Yr6rfrFFfthAL4X5qQme;2025-06-28;Kantrius;0;19;22;21;0;19;0;0;0;0;0;0;0;0;0;0
Yr6rfrFFfthAL4X5qQme;2025-06-28;Ya kut;0;3;0;0;0;0;0;0;0;0;0;0;0;0;0;0
Yr6rfrFFfthAL4X5qQme;2025-06-28;kingdom warrior jn;0;0;0;1;0;0;0;0;0;0;0;0;0;0;0;0
Yr6rfrFFfthAL4X5qQme;2025-06-28;Fendis;0;19;0;0;0;0;0;0;0;0;0;0;0;0;0;0
Yr6rfrFFfthAL4X5qQme;2025-06-28;Bluebird;0;0;30;0;0;0;0;0;0;0;0;0;0;0;0;0
Yr6rfrFFfthAL4X5qQme;2025-06-28;Serdriilas;0;21;0;0;0;0;0;0;3;0;0;0;0;0;0;0
Yr6rfrFFfthAL4X5qQme;2025-06-28;NikolajDNK;0;0;0;0;0;0;0;0;0;0;0;0;0;0;0;0
Yr6rfrFFfthAL4X5qQme;2025-06-28;MELISA;0;0;0;0;0;0;0;0;0;0;0;0;0;0;0;0
Yr6rfrFFfthAL4X5qQme;2025-06-28;Alpha Logburg;0;0;0;0;0;0;0;0;0;0;0;0;0;0;0;0
Yr6rfrFFfthAL4X5qQme;2025-06-28;Buck Man;0;27;2;7;0;14;0;0;1;0;0;0;0;0;0;0
Yr6rfrFFfthAL4X5qQme;2025-06-28;Railkayilas;0;4;4;2;0;2;0;0;0;0;0;0;0;0;0;0
Yr6rfrFFfthAL4X5qQme;2025-06-28;Bluebird;0;0;30;0;0;0;0;0;0;0;0;0;0;0;0;0
Yr6rfrFFfthAL4X5qQme;2025-06-28;Romazan;0;2;0;0;0;1;0;0;0;0;0;0;0;0;0;0
Yr6rfrFFfthAL4X5qQme;2025-06-28;MIKI;0;0;0;0;0;0;0;0;0;0;0;0;0;0;0;0
Yr6rfrFFfthAL4X5qQme;2025-06-28;Cerberus;0;2;1;0;0;0;0;0;0;0;0;0;0;0;0;0
Yr6rfrFFfthAL4X5qQme;2025-06-28;Serdriilas;0;21;0;0;0;0;0;0;3;0;0;0;0;0;0;0
Yr6rfrFFfthAL4X5qQme;2025-06-28;Lord Rahl;0;3;0;0;0;0;0;0;0;0;0;0;0;0;0;0
Yr6rfrFFfthAL4X5qQme;2025-06-28;Kupriyanych;1;5;1;3;0;0;0;0;0;0;0;0;0;0;0;0
Yr6rfrFFfthAL4X5qQme;2025-06-28;El Mosca;0;0;0;0;0;0;0;0;0;0;0;0;0;0;0;0
Yr6rfrFFfthAL4X5qQme;2025-06-28;Barsian;0;0;0;0;0;0;0;0;0;0;0;0;0;0;0;0
ejrChd9MHCSNvsT0GAZt;2025-05-26;Ya kut;0;0;0;0;0;0;0;0;0;0;0;0;0;0;0;0
ejrChd9MHCSNvsT0GAZt;2025-05-26;Barsian;0;0;0;0;0;0;0;0;0;0;0;0;0;0;0;0
ejrChd9MHCSNvsT0GAZt;2025-05-26;YurasiK;0;0;0;0;0;0;0;0;0;0;0;0;0;0;0;0
ejrChd9MHCSNvsT0GAZt;2025-05-26;Angelina 2;0;0;0;0;0;0;0;0;0;0;0;0;0;0;0;0
ejrChd9MHCSNvsT0GAZt;2025-05-26;Lindis;0;0;0;0;0;0;0;0;0;0;0;0;0;0;0;0
ejrChd9MHCSNvsT0GAZt;2025-05-26;Lord Rahl;0;0;0;0;0;0;0;0;0;0;0;0;0;0;0;0
ejrChd9MHCSNvsT0GAZt;2025-05-26;Lanmoin der 3te;0;0;0;0;0;0;0;0;0;0;0;0;0;0;0;0
ejrChd9MHCSNvsT0GAZt;2025-05-26;Frostterror;0;0;0;0;0;0;0;0;0;0;0;0;0;0;0;0
ejrChd9MHCSNvsT0GAZt;2025-05-26;Tigra;0;0;0;0;0;0;0;0;0;0;0;0;0;0;0;0
ejrChd9MHCSNvsT0GAZt;2025-05-26;DontReviveMe;0;0;0;0;0;0;0;0;0;0;0;0;0;0;0;0
ejrChd9MHCSNvsT0GAZt;2025-05-26;Kantrius;0;0;0;0;0;0;0;0;0;0;0;0;0;0;0;0
ejrChd9MHCSNvsT0GAZt;2025-05-26;Friedoline;0;0;0;0;0;0;0;0;0;0;0;0;0;0;0;0
ejrChd9MHCSNvsT0GAZt;2025-05-26;BlueBird;0;0;0;0;0;0;0;0;0;0;0;0;0;0;0;0
ejrChd9MHCSNvsT0GAZt;2025-05-26;Gustav Gans;0;0;0;0;0;0;0;0;0;0;0;0;0;0;0;0
ejrChd9MHCSNvsT0GAZt;2025-05-26;Drago;0;0;0;0;0;0;0;0;0;0;0;0;0;0;0;0
ejrChd9MHCSNvsT0GAZt;2025-05-26;Lassus;0;0;0;0;0;0;0;0;0;0;0;0;0;0;0;0
ejrChd9MHCSNvsT0GAZt;2025-05-26;Gardashura;0;0;0;0;0;0;0;0;0;0;0;0;0;0;0;0
ejrChd9MHCSNvsT0GAZt;2025-05-26;KlaxxoN;0;0;0;0;0;0;0;0;0;0;0;0;0;0;0;0
ejrChd9MHCSNvsT0GAZt;2025-05-26;Buck Man;0;0;0;0;0;0;0;0;0;0;0;0;0;0;0;0
ejrChd9MHCSNvsT0GAZt;2025-05-26;PizzaOnkel IV;0;0;0;0;0;0;0;0;0;0;0;0;0;0;0;0
ejrChd9MHCSNvsT0GAZt;2025-05-26;Tehn;0;0;0;0;0;0;0;0;0;0;0;0;0;0;0;0
ejrChd9MHCSNvsT0GAZt;2025-05-26;Heinrich der Löwe;0;0;0;0;0;0;0;0;0;0;0;0;0;0;0;0
ejrChd9MHCSNvsT0GAZt;2025-05-26;MIkl;0;0;0;0;0;0;0;0;0;0;0;0;0;0;0;0
ejrChd9MHCSNvsT0GAZt;2025-05-26;Mary Pili;0;0;0;0;0;0;0;0;0;0;0;0;0;0;0;0
ejrChd9MHCSNvsT0GAZt;2025-05-26;White Los;0;0;0;0;0;0;0;0;0;0;0;0;0;0;0;0
ejrChd9MHCSNvsT0GAZt;2025-05-26;SBzBy II;0;0;0;0;0;0;0;3;0;0;0;0;0;0;0;0
ejrChd9MHCSNvsT0GAZt;2025-05-26;morgaine;0;0;0;0;0;0;0;0;0;0;0;0;0;0;0;0
ejrChd9MHCSNvsT0GAZt;2025-05-26;Smotryaschij;0;0;0;0;0;0;0;0;0;0;0;0;0;0;0;0
ejrChd9MHCSNvsT0GAZt;2025-05-26;Upasara Wulung;0;0;0;0;0;0;0;0;0;0;0;0;0;0;0;0
ejrChd9MHCSNvsT0GAZt;2025-05-26;MELISA;0;0;0;0;0;0;0;0;0;0;0;0;0;0;0;0
ejrChd9MHCSNvsT0GAZt;2025-05-26;Zepancadaria;0;0;0;0;0;0;0;0;0;0;0;0;0;0;0;0
ejrChd9MHCSNvsT0GAZt;2025-05-26;09MUSLERA09;0;0;0;0;0;0;0;0;0;0;0;0;0;0;0;0
ejrChd9MHCSNvsT0GAZt;2025-05-26;Miaso;0;0;0;0;0;0;0;0;0;0;0;0;0;0;0;0
ejrChd9MHCSNvsT0GAZt;2025-05-26;DerVerständnisvolle;0;0;0;0;0;0;0;0;0;0;0;0;0;0;0;0
ejrChd9MHCSNvsT0GAZt;2025-05-26;Shahanna;0;0;0;0;0;0;0;0;0;0;0;0;0;0;0;0
ejrChd9MHCSNvsT0GAZt;2025-05-26;Vakums;0;0;0;0;0;0;0;0;0;0;0;0;0;0;0;0
ejrChd9MHCSNvsT0GAZt;2025-05-26;steboulet;0;0;0;0;0;0;0;0;0;0;0;0;0;0;0;0
ejrChd9MHCSNvsT0GAZt;2025-05-26;Eragon;0;0;0;0;0;0;0;0;0;0;0;0;0;0;0;0
ejrChd9MHCSNvsT0GAZt;2025-05-26;Mazura;0;0;0;0;0;0;0;0;0;0;0;0;0;0;0;0
ejrChd9MHCSNvsT0GAZt;2025-05-26;steboulet 2;0;0;0;0;0;0;0;0;0;0;0;0;0;0;0;0
ejrChd9MHCSNvsT0GAZt;2025-05-26;NikolajDNK;0;0;0;0;0;0;0;0;0;0;0;0;0;0;0;0
ejrChd9MHCSNvsT0GAZt;2025-05-26;Mikoikt;0;0;0;0;0;0;0;0;0;0;0;0;0;0;0;0
ejrChd9MHCSNvsT0GAZt;2025-05-26;Elgi;0;0;0;0;0;0;0;0;0;0;0;0;0;0;0;0
ejrChd9MHCSNvsT0GAZt;2025-05-26;Brodyaga;0;0;0;0;0;0;0;0;0;0;0;0;0;0;0;0
ejrChd9MHCSNvsT0GAZt;2025-05-26;Jannoz;0;0;0;0;0;0;0;0;0;0;0;0;0;0;0;0
ejrChd9MHCSNvsT0GAZt;2025-05-26;Wichtel Fichtel;0;0;0;0;0;0;0;0;0;0;0;0;0;0;0;0
ejrChd9MHCSNvsT0GAZt;2025-05-26;Cerberus;0;0;0;0;0;0;0;0;0;0;0;0;0;0;0;0
ejrChd9MHCSNvsT0GAZt;2025-05-26;Ivanhoe;0;0;0;0;0;0;0;0;0;0;0;0;0;0;0;0
ejrChd9MHCSNvsT0GAZt;2025-05-26;Romazan;0;0;0;0;0;0;0;0;0;0;0;0;0;0;0;0
ejrChd9MHCSNvsT0GAZt;2025-05-26;Rover;0;0;0;0;0;0;0;0;0;0;0;0;0;0;0;0
ejrChd9MHCSNvsT0GAZt;2025-05-26;Zuzilkree;0;0;0;0;0;0;0;0;0;0;0;0;0;0;0;0
ejrChd9MHCSNvsT0GAZt;2025-05-26;T-34;0;0;0;0;0;0;0;0;0;0;0;0;0;0;0;0
ejrChd9MHCSNvsT0GAZt;2025-05-26;Lanmoin der Kleine;0;0;0;0;0;0;0;0;0;0;0;0;0;0;0;0
ejrChd9MHCSNvsT0GAZt;2025-05-26;Graf de lya Fer;0;0;0;0;0;0;0;0;0;0;0;0;0;0;0;0
ejrChd9MHCSNvsT0GAZt;2025-05-26;Bluebird;0;0;0;0;0;0;0;0;0;0;0;0;0;0;0;0
ejrChd9MHCSNvsT0GAZt;2025-05-26;El Mosca;0;0;0;0;0;0;0;0;0;0;0;0;0;0;0;0
ejrChd9MHCSNvsT0GAZt;2025-05-26;Triano;0;0;0;0;0;0;0;0;0;0;0;0;0;0;0;0
ejrChd9MHCSNvsT0GAZt;2025-05-26;TrAiAnO 2;0;0;0;0;0;0;0;0;0;0;0;0;0;0;0;0
ejrChd9MHCSNvsT0GAZt;2025-05-26;Jackal;0;0;0;0;0;0;0;0;0;0;0;0;0;0;0;0
ejrChd9MHCSNvsT0GAZt;2025-05-26;Karel;0;0;0;0;0;0;0;0;0;0;0;0;0;0;0;0
ejrChd9MHCSNvsT0GAZt;2025-05-26;Moginn;0;0;0;0;0;0;0;0;0;0;0;0;0;0;0;0
ejrChd9MHCSNvsT0GAZt;2025-05-26;Serdriilas;0;0;0;0;0;0;0;0;0;0;0;0;0;0;0;0
ejrChd9MHCSNvsT0GAZt;2025-05-26;Hulsa;0;0;0;0;0;0;0;0;0;0;0;0;0;0;0;0
ejrChd9MHCSNvsT0GAZt;2025-05-26;SBzBy II;0;0;0;0;0;0;0;3;0;0;0;0;0;0;0;0
ejrChd9MHCSNvsT0GAZt;2025-05-26;Danara;0;0;0;0;0;0;0;0;0;0;0;0;0;0;0;0
ejrChd9MHCSNvsT0GAZt;2025-05-26;Nightfang;0;0;0;0;0;0;0;0;0;0;0;0;0;0;0;0
ejrChd9MHCSNvsT0GAZt;2025-05-26;kingchris;0;0;0;0;0;0;0;0;0;0;0;0;0;0;0;0
ejrChd9MHCSNvsT0GAZt;2025-05-26;Elsa;0;0;0;0;0;0;0;0;0;0;0;0;0;0;0;0
ejrChd9MHCSNvsT0GAZt;2025-05-26;A R I S E;0;0;0;0;0;0;0;0;0;0;0;0;0;0;0;0
ejrChd9MHCSNvsT0GAZt;2025-05-26;Perros;0;0;0;0;0;0;0;0;0;0;0;0;0;0;0;0
ejrChd9MHCSNvsT0GAZt;2025-05-26;Fendis;0;0;0;0;0;0;0;0;0;0;0;0;0;0;0;0
ejrChd9MHCSNvsT0GAZt;2025-05-26;Kupriyanych;0;0;0;0;0;0;0;0;0;0;0;0;0;0;0;0
ejrChd9MHCSNvsT0GAZt;2025-05-26;Petrov val;0;0;0;0;0;0;0;0;0;0;0;0;0;0;0;0
ejrChd9MHCSNvsT0GAZt;2025-05-26;Forondod;0;0;0;0;0;0;0;0;0;0;0;0;0;0;0;0
ejrChd9MHCSNvsT0GAZt;2025-05-26;WildMG;0;0;0;0;0;0;0;0;0;0;0;0;0;0;0;0
ejrChd9MHCSNvsT0GAZt;2025-05-26;Rein;0;0;0;0;0;0;0;0;0;0;0;0;0;0;0;0
ejrChd9MHCSNvsT0GAZt;2025-05-26;Seryoga;0;0;0;0;0;0;0;0;0;0;0;0;0;0;0;0
ejrChd9MHCSNvsT0GAZt;2025-05-26;Adoran;0;0;0;0;0;0;0;0;0;0;0;0;0;0;0;0
ejrChd9MHCSNvsT0GAZt;2025-05-26;FlockyRocky;0;0;0;0;0;0;0;0;0;0;0;0;0;0;0;0
ejrChd9MHCSNvsT0GAZt;2025-05-26;koi;0;0;0;0;0;0;0;0;0;0;0;0;0;0;0;0
ejrChd9MHCSNvsT0GAZt;2025-05-26;Kobani;0;0;0;0;0;0;0;0;0;0;0;0;0;0;0;0
ejrChd9MHCSNvsT0GAZt;2025-05-26;Daijind;0;0;0;0;0;0;0;0;0;0;0;0;0;0;0;0
ejrChd9MHCSNvsT0GAZt;2025-05-26;Eiskönigin;0;0;0;0;0;0;0;0;0;0;0;0;0;0;0;0
ejrChd9MHCSNvsT0GAZt;2025-05-26;Miss Pelace;0;0;0;0;0;0;0;0;0;0;0;0;0;0;0;0
ejrChd9MHCSNvsT0GAZt;2025-05-26;Rifur;0;0;0;0;0;0;0;0;0;0;0;0;0;0;0;0
ejrChd9MHCSNvsT0GAZt;2025-05-26;ruda bestia;0;0;0;0;0;0;0;0;0;0;0;0;0;0;0;0
Yr6rfrFFfthAL4X5qQme;2025-06-29;Frostterror;0;4;7;0;0;0;0;0;0;0;0;0;0;0;0;0
Yr6rfrFFfthAL4X5qQme;2025-06-29;Elsa;0;3;7;2;0;0;0;0;0;0;0;0;0;0;0;0
Yr6rfrFFfthAL4X5qQme;2025-06-29;Lindis;0;8;9;2;0;13;0;0;0;0;0;0;0;0;0;0
Yr6rfrFFfthAL4X5qQme;2025-06-29;DerVerstandnisvolle;0;0;0;0;0;0;0;0;0;0;0;0;0;0;0;0
Yr6rfrFFfthAL4X5qQme;2025-06-29;NikolajDNK;0;0;0;0;0;0;0;0;0;0;0;0;0;0;0;0
Yr6rfrFFfthAL4X5qQme;2025-06-29;Traiano;0;0;0;0;0;0;0;0;0;0;0;0;0;0;0;0
Yr6rfrFFfthAL4X5qQme;2025-06-29;koi;0;4;0;2;0;36;0;0;0;0;0;0;0;0;0;0
Yr6rfrFFfthAL4X5qQme;2025-06-29;El Mosca;0;0;0;0;0;0;0;0;0;0;0;0;0;0;0;0
Yr6rfrFFfthAL4X5qQme;2025-06-29;YurasiK;0;4;1;1;0;0;0;0;0;0;0;0;0;0;0;0
Yr6rfrFFfthAL4X5qQme;2025-06-29;Barsian;0;0;0;0;0;0;0;0;0;0;0;0;0;0;0;0
Yr6rfrFFfthAL4X5qQme;2025-06-29;Lindis;0;8;9;2;0;13;0;0;0;0;0;0;0;0;0;0
Yr6rfrFFfthAL4X5qQme;2025-06-29;KlaxxoN;0;0;0;0;0;0;0;0;0;0;0;0;0;0;0;0
Yr6rfrFFfthAL4X5qQme;2025-06-29;NikolajDNK;0;0;0;0;0;0;0;0;0;0;0;0;0;0;0;0
Yr6rfrFFfthAL4X5qQme;2025-06-29;Fendis;0;0;0;0;0;0;0;0;0;0;0;0;0;0;0;0
Yr6rfrFFfthAL4X5qQme;2025-06-29;Friedoline;0;8;1;0;0;1;0;0;0;0;0;0;0;0;0;0
Yr6rfrFFfthAL4X5qQme;2025-06-29;Danara;0;0;0;0;0;0;0;0;0;0;0;0;0;0;0;0
Yr6rfrFFfthAL4X5qQme;2025-06-29;Lanmoin der Kleine;0;4;0;0;0;0;0;0;0;0;0;0;0;0;0;0
Yr6rfrFFfthAL4X5qQme;2025-06-29;Alpha Logburg;0;0;0;0;0;0;0;0;0;0;0;0;0;0;0;0
Yr6rfrFFfthAL4X5qQme;2025-06-29;Forondod;0;0;0;0;0;0;0;0;0;0;0;0;0;0;0;0
Yr6rfrFFfthAL4X5qQme;2025-06-29;Mary Pili;0;0;0;0;0;0;0;0;0;0;0;0;0;0;0;0
Yr6rfrFFfthAL4X5qQme;2025-06-29;Fendis;0;0;0;0;0;0;0;0;0;0;0;0;0;0;0;0
Yr6rfrFFfthAL4X5qQme;2025-06-29;Romazan;0;0;0;0;0;0;0;0;0;0;0;0;0;0;0;0
Yr6rfrFFfthAL4X5qQme;2025-06-29;MELISA;0;0;0;0;0;0;0;0;0;0;0;0;0;0;0;0
Yr6rfrFFfthAL4X5qQme;2025-06-29;Rifur;0;3;0;2;0;0;0;0;0;0;0;0;0;0;0;0
Yr6rfrFFfthAL4X5qQme;2025-06-29;Vakums;0;0;0;0;0;0;0;0;0;0;0;0;0;0;0;0
Yr6rfrFFfthAL4X5qQme;2025-06-29;Elgi;0;0;0;0;0;0;0;0;0;0;0;0;0;0;0;0
Yr6rfrFFfthAL4X5qQme;2025-06-29;Moginn;0;4;0;1;0;0;0;0;0;0;0;0;0;0;0;0
Yr6rfrFFfthAL4X5qQme;2025-06-29;Fendis;0;0;0;0;0;0;0;0;0;0;0;0;0;0;0;0
Yr6rfrFFfthAL4X5qQme;2025-06-29;Lord Rahl;0;0;0;0;0;0;0;0;0;0;0;0;0;0;0;0
Yr6rfrFFfthAL4X5qQme;2025-06-29;Upasara Wulung;0;25;11;0;0;3;0;0;0;0;0;0;0;0;0;0
Yr6rfrFFfthAL4X5qQme;2025-06-29;Forondod;0;0;0;0;0;0;0;0;0;0;0;0;0;0;0;0
Yr6rfrFFfthAL4X5qQme;2025-06-29;Serdriilas;0;7;0;0;0;0;0;0;0;0;0;0;0;0;0;0
Yr6rfrFFfthAL4X5qQme;2025-06-29;Gardashura;0;0;0;0;0;0;0;0;0;0;0;0;0;0;0;0
Yr6rfrFFfthAL4X5qQme;2025-06-29;kingdom warrior 2;0;0;0;0;0;0;0;0;0;0;0;0;0;0;0;0
Yr6rfrFFfthAL4X5qQme;2025-06-29;Tehn;0;4;0;3;0;0;0;0;0;0;0;0;0;0;0;0
Yr6rfrFFfthAL4X5qQme;2025-06-29;Monkey De Luffy;0;0;0;0;0;0;0;0;0;0;0;0;0;0;0;0
Yr6rfrFFfthAL4X5qQme;2025-06-29;Alpha Logburg;0;0;0;0;0;0;0;0;0;0;0;0;0;0;0;0
Yr6rfrFFfthAL4X5qQme;2025-06-29;Hexe Kaukau;0;0;0;0;0;0;0;0;0;0;0;0;0;0;0;0
Yr6rfrFFfthAL4X5qQme;2025-06-29;Lanmoin der Kleine;0;4;0;0;0;0;0;0;0;0;0;0;0;0;0;0
Yr6rfrFFfthAL4X5qQme;2025-06-29;Serdriilas;0;7;0;0;0;0;0;0;0;0;0;0;0;0;0;0
Yr6rfrFFfthAL4X5qQme;2025-06-29;Elgi;0;0;0;0;0;0;0;0;0;0;0;0;0;0;0;0
Yr6rfrFFfthAL4X5qQme;2025-06-29;Kelerosir;0;5;0;0;0;0;0;0;0;0;0;0;0;0;0;0
Yr6rfrFFfthAL4X5qQme;2025-06-29;Gardashura;0;0;0;0;0;0;0;0;0;0;0;0;0;0;0;0
Yr6rfrFFfthAL4X5qQme;2025-06-29;Mikoikt;0;0;1;0;0;0;0;3;0;0;0;0;0;0;0;0
Yr6rfrFFfthAL4X5qQme;2025-06-29;Perros;0;27;10;10;0;0;0;0;0;0;0;0;0;0;0;0
Yr6rfrFFfthAL4X5qQme;2025-06-29;kingchris;1;3;0;0;0;0;0;0;0;0;0;0;0;0;0;0
Yr6rfrFFfthAL4X5qQme;2025-06-29;Cerberus;1;0;0;0;0;0;0;0;0;0;0;0;0;0;0;0
Yr6rfrFFfthAL4X5qQme;2025-06-29;TrAiAnO 2;0;1;0;12;0;0;0;0;0;0;0;0;0;0;0;0
Yr6rfrFFfthAL4X5qQme;2025-06-29;T-34;0;0;0;0;0;0;0;0;0;0;0;0;0;0;0;0
Yr6rfrFFfthAL4X5qQme;2025-06-29;Fray;0;3;2;1;0;5;0;0;0;0;0;0;0;0;0;0
Yr6rfrFFfthAL4X5qQme;2025-06-29;Ya kut;0;11;1;0;0;2;0;0;0;0;0;0;0;0;0;0
Yr6rfrFFfthAL4X5qQme;2025-06-29;Kamaw DOC;0;3;0;0;0;0;0;0;0;0;0;0;0;0;0;0
Yr6rfrFFfthAL4X5qQme;2025-06-29;Zuzilkree;0;4;0;1;0;0;0;0;0;0;0;0;0;0;0;0
Yr6rfrFFfthAL4X5qQme;2025-06-29;koi;0;4;0;2;0;36;0;0;0;0;0;0;0;0;0;0
Yr6rfrFFfthAL4X5qQme;2025-06-29;Hulsa;0;0;0;0;0;0;0;0;0;0;0;0;0;0;0;0
Yr6rfrFFfthAL4X5qQme;2025-06-29;El Mosca;0;0;0;0;0;0;0;0;0;0;0;0;0;0;0;0
Yr6rfrFFfthAL4X5qQme;2025-06-29;Tigra;0;0;0;0;0;0;0;0;0;0;0;0;0;0;0;0
Yr6rfrFFfthAL4X5qQme;2025-06-29;Moginn;0;4;0;1;0;0;0;0;0;0;0;0;0;0;0;0
Yr6rfrFFfthAL4X5qQme;2025-06-29;Eiskonigin;0;0;0;0;0;0;0;0;0;0;0;0;0;0;0;0
Yr6rfrFFfthAL4X5qQme;2025-06-29;Tehn;0;4;0;3;0;0;0;0;0;0;0;0;0;0;0;0
Yr6rfrFFfthAL4X5qQme;2025-06-29;Frostterror;0;4;7;0;0;0;0;0;0;0;0;0;0;0;0;0
Yr6rfrFFfthAL4X5qQme;2025-06-29;Adoran;0;0;0;0;0;0;0;0;0;0;0;0;0;0;0;0
Yr6rfrFFfthAL4X5qQme;2025-06-29;Kupriyanych;0;0;0;0;0;0;0;0;0;0;0;0;0;0;0;0
Yr6rfrFFfthAL4X5qQme;2025-06-29;Nightwulf;0;0;0;0;0;0;0;0;0;0;0;0;0;0;0;0
Yr6rfrFFfthAL4X5qQme;2025-06-29;Brodyaga;0;0;0;0;0;6;0;0;0;0;0;0;0;0;0;0
Yr6rfrFFfthAL4X5qQme;2025-06-29;Gocha;0;0;0;0;0;0;0;0;0;0;0;0;0;0;0;0
Yr6rfrFFfthAL4X5qQme;2025-06-29;Rainblade;0;0;0;0;0;0;0;0;0;0;0;0;0;0;0;0
Yr6rfrFFfthAL4X5qQme;2025-06-29;Dalinad;0;0;0;0;0;0;0;0;0;0;0;0;0;0;0;0
Yr6rfrFFfthAL4X5qQme;2025-06-29;Tehn;0;4;0;3;0;0;0;0;0;0;0;0;0;0;0;0
Yr6rfrFFfthAL4X5qQme;2025-06-29;Rifur;0;3;0;2;0;0;0;0;0;0;0;0;0;0;0;0
Yr6rfrFFfthAL4X5qQme;2025-06-29;Mary Pili;0;0;0;0;0;0;0;0;0;0;0;0;0;0;0;0
Yr6rfrFFfthAL4X5qQme;2025-06-29;Monkey De Luffy;0;0;0;0;0;0;0;0;0;0;0;0;0;0;0;0
Yr6rfrFFfthAL4X5qQme;2025-06-29;Railkayilas;0;5;1;1;0;0;0;0;0;0;0;0;0;0;0;0
Yr6rfrFFfthAL4X5qQme;2025-06-29;rami;0;1;0;0;0;0;0;0;0;0;0;0;0;0;0;0
Yr6rfrFFfthAL4X5qQme;2025-06-29;Lanmoin der Kleine;0;4;0;0;0;0;0;0;0;0;0;0;0;0;0;0
Yr6rfrFFfthAL4X5qQme;2025-06-29;Kupriyanych;0;0;0;0;0;0;0;0;0;0;0;0;0;0;0;0
Yr6rfrFFfthAL4X5qQme;2025-06-29;Heinrich der Lowe;0;2;0;1;0;0;0;0;0;0;0;0;0;0;0;0
Yr6rfrFFfthAL4X5qQme;2025-06-29;KlaxxoN;0;0;0;0;0;0;0;0;0;0;0;0;0;0;0;0
Yr6rfrFFfthAL4X5qQme;2025-06-29;Romazan;0;0;0;0;0;0;0;0;0;0;0;0;0;0;0;0
Yr6rfrFFfthAL4X5qQme;2025-06-29;Petrov val;0;0;0;0;0;0;0;0;0;0;0;0;0;0;0;0
Yr6rfrFFfthAL4X5qQme;2025-06-29;Ivanhoe;0;0;0;0;0;0;0;0;0;0;0;0;0;0;0;0
Yr6rfrFFfthAL4X5qQme;2025-06-29;Kobani;0;0;0;0;0;0;0;0;0;0;0;0;0;0;0;0
Yr6rfrFFfthAL4X5qQme;2025-06-29;Angelina 2;0;4;4;1;0;0;0;0;0;0;0;0;0;0;0;0
Yr6rfrFFfthAL4X5qQme;2025-06-29;Mary Pili;0;0;0;0;0;0;0;0;0;0;0;0;0;0;0;0
Yr6rfrFFfthAL4X5qQme;2025-06-29;Daijind;0;1;0;0;0;0;0;0;0;0;0;0;0;0;0;0
Yr6rfrFFfthAL4X5qQme;2025-06-29;TrAIANO 2;0;1;0;12;0;0;0;0;0;0;0;0;0;0;0;0
Yr6rfrFFfthAL4X5qQme;2025-06-29;Lindis;0;8;9;2;0;13;0;0;0;0;0;0;0;0;0;0
Yr6rfrFFfthAL4X5qQme;2025-06-29;Lord Rahl;0;0;0;0;0;0;0;0;0;0;0;0;0;0;0;0
Yr6rfrFFfthAL4X5qQme;2025-06-29;Gocha;0;0;0;0;0;0;0;0;0;0;0;0;0;0;0;0
Yr6rfrFFfthAL4X5qQme;2025-06-29;Cerberus;1;0;0;0;0;0;0;0;0;0;0;0;0;0;0;0
Yr6rfrFFfthAL4X5qQme;2025-06-29;Jannoz;0;3;19;3;0;1;0;0;0;0;0;0;0;0;0;0
Yr6rfrFFfthAL4X5qQme;2025-06-29;Miss Pelace;0;0;0;0;0;0;0;0;0;0;0;0;0;0;0;0
Yr6rfrFFfthAL4X5qQme;2025-06-29;Roland;0;0;1;1;0;2;0;6;0;0;0;0;0;0;0;0
Yr6rfrFFfthAL4X5qQme;2025-06-29;Buck Man;0;0;0;0;0;0;0;0;0;0;0;0;0;0;0;0
Yr6rfrFFfthAL4X5qQme;2025-06-29;Bluebird;0;0;30;0;0;0;0;0;0;0;0;0;0;0;0;0
Yr6rfrFFfthAL4X5qQme;2025-06-29;Kamaw DOC;0;3;0;0;0;0;0;0;0;0;0;0;0;0;0;0
Yr6rfrFFfthAL4X5qQme;2025-06-29;Shahanna;0;0;0;0;0;0;0;0;0;0;0;0;0;0;0;0
Yr6rfrFFfthAL4X5qQme;2025-06-29;Nightfang;0;0;2;1;0;3;0;0;0;0;0;0;0;0;0;0
Yr6rfrFFfthAL4X5qQme;2025-06-29;Kobani;0;0;0;0;0;0;0;0;0;0;0;0;0;0;0;0
Yr6rfrFFfthAL4X5qQme;2025-06-29;Bluebird;0;0;30;0;0;0;0;0;0;0;0;0;0;0;0;0
Yr6rfrFFfthAL4X5qQme;2025-06-29;White Los;0;0;0;0;0;0;0;0;0;0;0;0;0;0;0;0
Yr6rfrFFfthAL4X5qQme;2025-06-29;El Mosca;0;0;0;0;0;0;0;0;0;0;0;0;0;0;0;0
Yr6rfrFFfthAL4X5qQme;2025-06-29;Ya kut;0;11;1;0;0;2;0;0;0;0;0;0;0;0;0;0
Yr6rfrFFfthAL4X5qQme;2025-06-29;SBzBy II;0;3;2;2;0;0;0;0;0;0;0;0;0;0;0;0
Yr6rfrFFfthAL4X5qQme;2025-06-29;Gardashura;0;0;0;0;0;0;0;0;0;0;0;0;0;0;0;0
Yr6rfrFFfthAL4X5qQme;2025-06-29;Rainblade;0;0;0;0;0;0;0;0;0;0;0;0;0;0;0;0
Yr6rfrFFfthAL4X5qQme;2025-06-29;Vakums;0;0;0;0;0;0;0;0;0;0;0;0;0;0;0;0
Yr6rfrFFfthAL4X5qQme;2025-06-29;Rover;0;3;0;0;0;6;0;0;0;0;0;0;0;0;0;0
Yr6rfrFFfthAL4X5qQme;2025-06-29;WildMG;0;0;0;0;0;0;0;0;0;0;0;0;0;0;0;0
Yr6rfrFFfthAL4X5qQme;2025-06-29;Monkey De Luffy;0;0;0;0;0;0;0;0;0;0;0;0;0;0;0;0
Yr6rfrFFfthAL4X5qQme;2025-06-29;Danara;0;0;0;0;0;0;0;0;0;0;0;0;0;0;0;0
Yr6rfrFFfthAL4X5qQme;2025-06-29;kingdom warrior jn;0;0;0;0;0;0;0;0;0;0;0;0;0;0;0;0
Yr6rfrFFfthAL4X5qQme;2025-06-29;Serdriel;0;0;0;0;0;0;0;0;0;0;0;0;0;0;0;0
Yr6rfrFFfthAL4X5qQme;2025-06-29;Adoran;0;0;0;0;0;0;0;0;0;0;0;0;0;0;0;0
Yr6rfrFFfthAL4X5qQme;2025-06-29;MELISA;0;0;0;0;0;0;0;0;0;0;0;0;0;0;0;0
Yr6rfrFFfthAL4X5qQme;2025-06-29;Lanmoin der 3te;0;0;0;0;0;0;0;0;0;0;0;0;0;0;0;0
Yr6rfrFFfthAL4X5qQme;2025-06-29;LosBolLos;0;0;0;0;0;0;0;0;0;0;0;0;0;0;0;0
Yr6rfrFFfthAL4X5qQme;2025-06-29;Kantrius;0;4;2;10;0;3;0;0;0;0;0;0;0;0;0;0
Yr6rfrFFfthAL4X5qQme;2025-06-29;kingchris;1;3;0;0;0;0;0;0;0;0;0;0;0;0;0;0
Yr6rfrFFfthAL4X5qQme;2025-06-29;Jackal;0;0;0;0;0;0;0;0;0;0;0;0;0;0;0;0
Yr6rfrFFfthAL4X5qQme;2025-06-29;Rein;0;5;0;0;0;0;0;0;0;0;0;0;0;0;0;0
Yr6rfrFFfthAL4X5qQme;2025-06-29;Gocha;0;0;0;0;0;0;0;0;0;0;0;0;0;0;0;0
Yr6rfrFFfthAL4X5qQme;2025-06-29;Donald Duck;0;0;0;0;0;0;0;0;0;0;0;0;0;0;0;0
Yr6rfrFFfthAL4X5qQme;2025-06-29;Alpha Logburg;0;0;0;0;0;0;0;0;0;0;0;0;0;0;0;0
Yr6rfrFFfthAL4X5qQme;2025-06-29;OKBA 3;0;14;0;0;0;4;0;0;0;0;0;0;0;0;0;0
Yr6rfrFFfthAL4X5qQme;2025-06-29;MIKI;0;0;0;0;0;0;0;0;0;0;0;0;0;0;0;0
Yr6rfrFFfthAL4X5qQme;2025-06-29;Bluebird;0;0;30;0;0;0;0;0;0;0;0;0;0;0;0;0
Yr6rfrFFfthAL4X5qQme;2025-06-29;Donald Duck;0;0;0;0;0;0;0;0;0;0;0;0;0;0;0;0
Yr6rfrFFfthAL4X5qQme;2025-06-29;Eragon;0;33;3;0;0;22;0;0;0;0;0;0;0;0;0;0
Yr6rfrFFfthAL4X5qQme;2025-06-29;Miaso;0;0;0;0;0;0;0;0;0;0;0;0;0;0;0;0
Yr6rfrFFfthAL4X5qQme;2025-06-29;Traiano;0;0;0;0;0;0;0;0;0;0;0;0;0;0;0;0
Yr6rfrFFfthAL4X5qQme;2025-06-29;Railkayilas;0;5;1;1;0;0;0;0;0;0;0;0;0;0;0;0
fzJ1dTgLF5Cex9v7bgoF;2025-06-02;Romazan;0;0;0;0;0;0;0;0;0;0;0;0;0;0;0;0
fzJ1dTgLF5Cex9v7bgoF;2025-06-02;DerVerständnisvolle;0;0;0;0;0;0;0;0;0;0;0;0;0;0;0;0
fzJ1dTgLF5Cex9v7bgoF;2025-06-02;Gustav Gans;0;0;0;0;0;0;0;0;0;0;0;0;0;0;0;0
fzJ1dTgLF5Cex9v7bgoF;2025-06-02;kingchris;0;4;0;0;0;0;0;0;0;0;0;0;0;0;0;0
fzJ1dTgLF5Cex9v7bgoF;2025-06-02;Jackal;0;0;0;0;0;0;0;0;0;0;0;0;0;0;0;0
fzJ1dTgLF5Cex9v7bgoF;2025-06-02;MIkl;0;0;0;0;0;0;0;0;0;0;0;0;0;0;0;0
fzJ1dTgLF5Cex9v7bgoF;2025-06-02;Petrov val;0;1;0;1;0;0;0;0;0;0;0;0;0;0;0;0
fzJ1dTgLF5Cex9v7bgoF;2025-06-02;Seryoga;0;0;0;0;0;0;0;0;0;0;0;0;0;0;0;0
fzJ1dTgLF5Cex9v7bgoF;2025-06-02;Buck Man;0;13;4;0;0;10;0;0;0;0;0;0;0;0;0;0
fzJ1dTgLF5Cex9v7bgoF;2025-06-02;Tigra;0;3;0;0;0;0;0;0;0;0;0;0;0;0;0;0
fzJ1dTgLF5Cex9v7bgoF;2025-06-02;steboulet;0;0;0;0;0;0;0;0;0;0;0;0;0;0;0;0
fzJ1dTgLF5Cex9v7bgoF;2025-06-02;Daijind;0;1;0;1;0;0;0;0;0;0;0;0;0;0;0;0
fzJ1dTgLF5Cex9v7bgoF;2025-06-02;Rein;0;0;0;0;0;0;0;0;0;0;0;0;0;0;0;0
fzJ1dTgLF5Cex9v7bgoF;2025-06-02;Kupriyanych;0;2;0;0;0;0;0;0;0;0;0;0;0;0;0;0
fzJ1dTgLF5Cex9v7bgoF;2025-06-02;TrAIANO 2;0;0;0;0;0;0;0;0;0;0;0;0;0;0;0;0
fzJ1dTgLF5Cex9v7bgoF;2025-06-02;NikolajDNK;0;3;0;0;0;0;0;0;0;0;0;0;0;0;0;0
fzJ1dTgLF5Cex9v7bgoF;2025-06-02;roger;0;3;0;0;0;0;0;0;0;0;0;0;0;0;0;0
fzJ1dTgLF5Cex9v7bgoF;2025-06-02;Hulsa;0;0;0;0;0;0;0;0;0;0;0;0;0;0;0;0
fzJ1dTgLF5Cex9v7bgoF;2025-06-02;Rover;0;2;0;0;0;2;0;0;0;0;0;0;0;0;0;0
fzJ1dTgLF5Cex9v7bgoF;2025-06-02;Nightwulf;0;0;0;0;0;0;0;0;0;0;0;0;0;0;0;0
fzJ1dTgLF5Cex9v7bgoF;2025-06-02;Zuzilkree;0;23;2;0;0;0;0;0;0;0;0;0;0;0;0;0
fzJ1dTgLF5Cex9v7bgoF;2025-06-02;Drago;0;0;0;0;0;0;0;0;0;0;0;0;0;0;0;0
fzJ1dTgLF5Cex9v7bgoF;2025-06-02;Moginn;0;3;0;0;0;1;0;0;0;0;0;0;0;0;0;0
fzJ1dTgLF5Cex9v7bgoF;2025-06-02;T-34;0;0;0;0;0;0;0;0;0;0;0;0;0;0;0;0
fzJ1dTgLF5Cex9v7bgoF;2025-06-02;Mazura;0;0;0;0;0;0;0;0;0;0;0;0;0;0;0;0
fzJ1dTgLF5Cex9v7bgoF;2025-06-02;Lanmoin der Kleine;0;0;0;0;0;0;0;0;0;0;0;0;0;0;0;0
fzJ1dTgLF5Cex9v7bgoF;2025-06-02;Mikoikt;0;12;0;0;0;0;0;0;0;0;0;0;0;0;0;0
fzJ1dTgLF5Cex9v7bgoF;2025-06-02;Eragon;0;0;0;0;0;0;0;0;0;0;0;0;0;0;0;0
fzJ1dTgLF5Cex9v7bgoF;2025-06-02;Zepancadaria;0;3;0;0;0;0;0;0;0;0;0;0;0;0;0;0
fzJ1dTgLF5Cex9v7bgoF;2025-06-02;White Los;0;0;0;0;0;0;0;0;0;0;0;0;0;0;0;0
fzJ1dTgLF5Cex9v7bgoF;2025-06-02;Ya kut;0;4;0;1;0;2;0;0;0;0;0;0;0;0;0;0
fzJ1dTgLF5Cex9v7bgoF;2025-06-02;Nightfang;0;0;0;0;0;0;0;0;0;0;0;0;0;0;0;0
fzJ1dTgLF5Cex9v7bgoF;2025-06-02;Danara;0;23;5;4;0;0;0;0;0;0;0;0;0;0;0;0
fzJ1dTgLF5Cex9v7bgoF;2025-06-02;Fray;0;17;5;0;0;11;0;0;0;0;0;0;0;0;0;0
fzJ1dTgLF5Cex9v7bgoF;2025-06-02;Lanmoin der 3te;0;0;0;0;0;0;0;0;0;0;0;0;0;0;0;0
fzJ1dTgLF5Cex9v7bgoF;2025-06-02;koi;0;6;0;0;0;14;0;0;0;0;0;0;0;0;0;0
fzJ1dTgLF5Cex9v7bgoF;2025-06-02;Bluebird;0;0;28;0;0;0;0;0;0;0;0;0;0;0;0;0
fzJ1dTgLF5Cex9v7bgoF;2025-06-02;Upasara Wulung;0;0;0;0;0;0;0;0;0;0;0;0;0;0;0;0
fzJ1dTgLF5Cex9v7bgoF;2025-06-02;Fendis;0;0;0;0;0;0;0;0;0;0;0;0;0;0;0;0
fzJ1dTgLF5Cex9v7bgoF;2025-06-02;Kobani;0;0;0;0;0;0;0;0;0;0;0;0;0;0;0;0
fzJ1dTgLF5Cex9v7bgoF;2025-06-02;KlaxxoN;0;0;0;0;0;0;0;0;0;0;0;0;0;0;0;0
fzJ1dTgLF5Cex9v7bgoF;2025-06-02;Cerberus;0;0;0;0;0;0;0;0;0;0;0;0;0;0;0;0
fzJ1dTgLF5Cex9v7bgoF;2025-06-02;MELISA;0;5;0;0;0;0;0;0;0;0;0;0;0;0;0;0
fzJ1dTgLF5Cex9v7bgoF;2025-06-02;Miss Pelace;0;0;0;0;0;0;0;0;0;0;0;0;0;0;0;0
fzJ1dTgLF5Cex9v7bgoF;2025-06-02;Jannoz;0;0;0;0;0;0;0;0;0;0;0;0;0;0;0;0
fzJ1dTgLF5Cex9v7bgoF;2025-06-02;Shahanna;0;9;0;3;0;0;0;0;0;0;0;0;0;0;0;0
fzJ1dTgLF5Cex9v7bgoF;2025-06-02;SBzBy ll;1;1;2;0;0;0;0;0;0;0;0;0;0;0;0;0
fzJ1dTgLF5Cex9v7bgoF;2025-06-02;YurasiK;0;15;5;5;0;0;0;0;0;0;0;0;0;0;0;0
fzJ1dTgLF5Cex9v7bgoF;2025-06-02;Vakums;0;3;0;1;0;0;0;0;0;0;0;0;0;0;0;0
fzJ1dTgLF5Cex9v7bgoF;2025-06-02;Gardashura;0;2;0;2;0;0;0;0;0;0;0;0;0;0;0;0
fzJ1dTgLF5Cex9v7bgoF;2025-06-02;Donald Duck;0;0;0;0;0;0;0;0;0;0;0;0;0;0;0;0
fzJ1dTgLF5Cex9v7bgoF;2025-06-02;Eiskönigin;0;0;0;0;0;0;0;0;0;0;0;0;0;0;0;0
fzJ1dTgLF5Cex9v7bgoF;2025-06-02;BlueBird;0;0;28;0;0;0;0;0;0;0;0;0;0;0;0;0
fzJ1dTgLF5Cex9v7bgoF;2025-06-02;Lassus;0;0;0;0;0;0;0;0;0;0;0;0;0;0;0;0
fzJ1dTgLF5Cex9v7bgoF;2025-06-02;Adoran;0;3;0;0;0;0;0;0;0;0;0;0;0;0;0;0
fzJ1dTgLF5Cex9v7bgoF;2025-06-02;Frostterror;0;2;0;0;0;0;0;0;0;0;0;0;0;0;0;0
fzJ1dTgLF5Cex9v7bgoF;2025-06-02;Friedoline;0;0;0;0;0;0;0;0;0;0;0;0;0;0;0;0
fzJ1dTgLF5Cex9v7bgoF;2025-06-02;Ivanhoe;0;0;0;0;0;0;0;0;0;0;0;0;0;0;0;0
fzJ1dTgLF5Cex9v7bgoF;2025-06-02;PizzaOnkel IV;0;0;0;0;0;0;0;0;0;0;0;0;0;0;0;0
fzJ1dTgLF5Cex9v7bgoF;2025-06-02;Tehn;0;0;0;0;0;0;0;0;0;0;0;0;0;0;0;0
fzJ1dTgLF5Cex9v7bgoF;2025-06-02;Elsa;0;0;0;1;0;0;0;0;0;0;0;0;0;0;0;0
fzJ1dTgLF5Cex9v7bgoF;2025-06-02;WildMG;0;0;0;0;0;0;0;0;0;0;0;0;0;0;0;0
fzJ1dTgLF5Cex9v7bgoF;2025-06-02;Lindis;0;0;0;0;0;0;0;0;0;0;0;0;0;0;0;0
fzJ1dTgLF5Cex9v7bgoF;2025-06-02;Egli;0;0;0;0;0;0;0;0;0;0;0;0;0;0;0;0
fzJ1dTgLF5Cex9v7bgoF;2025-06-02;Rifur;0;3;1;0;0;0;0;0;0;0;0;0;0;0;0;0
fzJ1dTgLF5Cex9v7bgoF;2025-06-02;Miaso;0;0;0;0;0;0;0;0;0;0;0;0;0;0;0;0
fzJ1dTgLF5Cex9v7bgoF;2025-06-02;Heinrich der Löwe;0;0;0;0;0;10;0;0;0;0;0;0;0;0;0;0
fzJ1dTgLF5Cex9v7bgoF;2025-06-02;Perros;0;10;0;0;0;10;0;0;0;0;0;0;0;0;0;0
fzJ1dTgLF5Cex9v7bgoF;2025-06-02;Brodyaga;0;0;0;0;0;0;0;0;0;0;0;0;0;0;0;0
fzJ1dTgLF5Cex9v7bgoF;2025-06-02;kuromi;0;0;0;0;0;0;0;0;0;0;0;0;0;0;0;0
fzJ1dTgLF5Cex9v7bgoF;2025-06-02;steboulet 2;0;0;0;0;0;0;0;0;0;0;0;0;0;0;0;0
fzJ1dTgLF5Cex9v7bgoF;2025-06-02;Barsian;0;0;0;0;0;0;0;0;0;0;0;0;0;0;0;0
fzJ1dTgLF5Cex9v7bgoF;2025-06-02;Lord Rahl;0;3;1;1;0;0;0;0;0;0;0;0;0;0;0;0
fzJ1dTgLF5Cex9v7bgoF;2025-06-02;Hexe Kaukau;0;9;2;4;0;0;0;0;0;0;0;0;0;0;0;0
fzJ1dTgLF5Cex9v7bgoF;2025-06-02;Traiano;0;0;0;0;0;0;0;0;0;0;0;0;0;0;0;0
fzJ1dTgLF5Cex9v7bgoF;2025-06-02;Gocha;0;0;0;0;0;0;0;0;0;0;0;0;0;0;0;0
fzJ1dTgLF5Cex9v7bgoF;2025-06-02;Serdriilas;0;4;2;5;0;0;0;0;0;0;0;0;0;0;0;0
fzJ1dTgLF5Cex9v7bgoF;2025-06-02;Karel;0;3;0;2;0;0;0;0;0;0;0;0;0;0;0;0
fzJ1dTgLF5Cex9v7bgoF;2025-06-02;El Mosca;1;0;0;0;0;0;0;0;0;0;0;0;0;0;0;0
fzJ1dTgLF5Cex9v7bgoF;2025-06-02;Forondod;0;0;1;0;0;0;0;0;0;0;0;0;0;0;0;0
fzJ1dTgLF5Cex9v7bgoF;2025-06-08;Vakums;0;0;0;0;0;0;0;0;0;0;0;0;0;0;0;0
fzJ1dTgLF5Cex9v7bgoF;2025-06-08;Frostterror;0;0;0;0;0;0;0;0;0;0;0;0;0;0;0;0
fzJ1dTgLF5Cex9v7bgoF;2025-06-08;Shahanna;0;0;0;0;0;0;0;0;0;0;0;0;0;0;0;0
fzJ1dTgLF5Cex9v7bgoF;2025-06-08;YurasiK;0;0;0;0;0;0;0;0;0;0;0;0;0;0;0;0
fzJ1dTgLF5Cex9v7bgoF;2025-06-08;Gocha;0;0;0;0;0;0;0;0;0;0;0;0;0;0;0;0
fzJ1dTgLF5Cex9v7bgoF;2025-06-08;Lanmoin der 3te;0;0;0;0;0;0;0;0;0;0;0;0;0;0;0;0
fzJ1dTgLF5Cex9v7bgoF;2025-06-08;Gustav Gans;0;0;0;0;0;0;0;0;0;0;0;0;0;0;0;0
fzJ1dTgLF5Cex9v7bgoF;2025-06-08;Bluebird;0;0;0;0;0;0;0;0;0;0;0;0;0;0;0;0
fzJ1dTgLF5Cex9v7bgoF;2025-06-08;MIkl;0;0;0;0;0;0;0;0;0;0;0;0;0;0;0;0
fzJ1dTgLF5Cex9v7bgoF;2025-06-08;Fray;0;0;0;0;0;0;0;0;0;0;0;0;0;0;0;0
fzJ1dTgLF5Cex9v7bgoF;2025-06-08;Zepancadaria;0;0;0;0;0;0;0;0;0;0;0;0;0;0;0;0
fzJ1dTgLF5Cex9v7bgoF;2025-06-08;Adoran;0;0;0;0;0;0;0;0;0;0;0;0;0;0;0;0
fzJ1dTgLF5Cex9v7bgoF;2025-06-08;Rover;0;0;0;0;0;0;0;0;0;0;0;0;0;0;0;0
fzJ1dTgLF5Cex9v7bgoF;2025-06-08;SIR Bussi zu Bayern;0;4;0;0;0;0;0;0;0;0;0;0;0;0;0;0
fzJ1dTgLF5Cex9v7bgoF;2025-06-08;Ivanhoe;0;0;0;0;0;0;0;0;0;0;0;0;0;0;0;0
fzJ1dTgLF5Cex9v7bgoF;2025-06-08;Danara;0;0;0;0;0;0;0;0;0;0;0;0;0;0;0;0
fzJ1dTgLF5Cex9v7bgoF;2025-06-08;Jannoz;0;0;0;0;0;0;0;0;0;0;0;0;0;0;0;0
fzJ1dTgLF5Cex9v7bgoF;2025-06-08;Jackal;0;0;0;0;0;0;0;0;0;0;0;0;0;0;0;0
fzJ1dTgLF5Cex9v7bgoF;2025-06-08;Rifur;0;0;0;0;0;0;0;0;0;0;0;0;0;0;0;0
fzJ1dTgLF5Cex9v7bgoF;2025-06-08;PizzaOnkel IV;0;0;0;0;0;0;0;0;0;0;0;0;0;0;0;0
fzJ1dTgLF5Cex9v7bgoF;2025-06-08;Hulsa;0;0;0;0;0;0;0;0;0;0;0;0;0;0;0;0
fzJ1dTgLF5Cex9v7bgoF;2025-06-08;Lord Rahl;0;0;0;0;0;0;0;0;0;0;0;0;0;0;0;0
fzJ1dTgLF5Cex9v7bgoF;2025-06-08;Eiskönigin;0;0;0;0;0;0;0;0;0;0;0;0;0;0;0;0
fzJ1dTgLF5Cex9v7bgoF;2025-06-08;Fendis;0;0;0;0;0;0;0;0;0;0;0;0;0;0;0;0
fzJ1dTgLF5Cex9v7bgoF;2025-06-08;Donald Duck;0;0;0;0;0;0;0;0;0;0;0;0;0;0;0;0
fzJ1dTgLF5Cex9v7bgoF;2025-06-08;Ya kut;0;0;0;0;0;0;0;0;0;0;0;0;0;0;0;0
fzJ1dTgLF5Cex9v7bgoF;2025-06-08;Gardashura;0;0;0;0;0;0;0;0;0;0;0;0;0;0;0;0
fzJ1dTgLF5Cex9v7bgoF;2025-06-08;roger;0;0;0;0;0;0;0;0;0;0;0;0;0;0;0;0
fzJ1dTgLF5Cex9v7bgoF;2025-06-08;Seryoga;0;0;0;0;0;0;0;0;0;0;0;0;0;0;0;0
fzJ1dTgLF5Cex9v7bgoF;2025-06-08;Eragon;0;0;0;0;0;0;0;0;0;0;0;0;0;0;0;0
fzJ1dTgLF5Cex9v7bgoF;2025-06-08;Rein;0;0;0;0;0;0;0;0;0;0;0;0;0;0;0;0
fzJ1dTgLF5Cex9v7bgoF;2025-06-08;Nightwulf;0;0;0;0;0;0;0;0;0;0;0;0;0;0;0;0
fzJ1dTgLF5Cex9v7bgoF;2025-06-08;Miss Pelace;0;0;0;0;0;0;0;0;0;0;0;0;0;0;0;0
fzJ1dTgLF5Cex9v7bgoF;2025-06-08;White Los;0;0;0;0;0;0;0;0;0;0;0;0;0;0;0;0
fzJ1dTgLF5Cex9v7bgoF;2025-06-08;Karel;0;0;0;0;0;0;0;0;0;0;0;0;0;0;0;0
fzJ1dTgLF5Cex9v7bgoF;2025-06-08;KlaxxoN;0;0;0;0;0;0;0;0;0;0;0;0;0;0;0;0
fzJ1dTgLF5Cex9v7bgoF;2025-06-08;koi;0;0;0;0;0;0;0;0;0;0;0;0;0;0;0;0
fzJ1dTgLF5Cex9v7bgoF;2025-06-08;Romazan;0;0;0;0;0;0;0;0;0;0;0;0;0;0;0;0
fzJ1dTgLF5Cex9v7bgoF;2025-06-08;steboulet 2;0;0;0;0;0;0;0;0;0;0;0;0;0;0;0;0
fzJ1dTgLF5Cex9v7bgoF;2025-06-08;Mikoikt;0;0;0;0;0;0;0;0;0;0;0;0;0;0;0;0
fzJ1dTgLF5Cex9v7bgoF;2025-06-08;El Mosca;0;0;0;0;0;0;0;0;0;0;0;0;0;0;0;0
fzJ1dTgLF5Cex9v7bgoF;2025-06-08;Barsian;0;0;0;0;0;0;0;0;0;0;0;0;0;0;0;0
fzJ1dTgLF5Cex9v7bgoF;2025-06-08;BlueBird;0;0;0;0;0;0;0;0;0;0;0;0;0;0;0;0
fzJ1dTgLF5Cex9v7bgoF;2025-06-08;Buck Man;0;0;0;0;0;0;0;0;0;0;0;0;0;0;0;0
fzJ1dTgLF5Cex9v7bgoF;2025-06-08;steboulet;0;0;0;0;0;0;0;0;0;0;0;0;0;0;0;0
fzJ1dTgLF5Cex9v7bgoF;2025-06-08;Tehn;0;0;0;0;0;0;0;0;0;0;0;0;0;0;0;0
fzJ1dTgLF5Cex9v7bgoF;2025-06-08;Upasara Wulung;0;0;0;0;0;0;0;0;0;0;0;0;0;0;0;0
fzJ1dTgLF5Cex9v7bgoF;2025-06-08;Mary Pili;0;0;0;0;0;0;0;0;0;0;0;0;0;0;0;0
fzJ1dTgLF5Cex9v7bgoF;2025-06-08;Tigra;0;0;0;0;0;0;0;0;0;0;0;0;0;0;0;0
fzJ1dTgLF5Cex9v7bgoF;2025-06-08;Lanmoin der Kleine;0;0;0;0;0;0;0;0;0;0;0;0;0;0;0;0
fzJ1dTgLF5Cex9v7bgoF;2025-06-08;WildMG;0;0;0;0;0;0;0;0;0;0;0;0;0;0;0;0
fzJ1dTgLF5Cex9v7bgoF;2025-06-08;Miaso;0;0;0;0;0;0;0;0;0;0;0;0;0;0;0;0
fzJ1dTgLF5Cex9v7bgoF;2025-06-08;MELISA;0;0;0;0;0;0;0;0;0;0;0;0;0;0;0;0
fzJ1dTgLF5Cex9v7bgoF;2025-06-08;SBzBy ll;0;0;0;2;0;0;0;3;0;0;0;0;0;0;0;0
fzJ1dTgLF5Cex9v7bgoF;2025-06-08;Friedoline;0;0;0;0;0;0;0;0;0;0;0;0;0;0;0;0
fzJ1dTgLF5Cex9v7bgoF;2025-06-08;Elsa;0;0;0;0;0;0;0;0;0;0;0;0;0;0;0;0
fzJ1dTgLF5Cex9v7bgoF;2025-06-08;Drago;0;0;0;0;0;0;0;0;0;0;0;0;0;0;0;0
fzJ1dTgLF5Cex9v7bgoF;2025-06-08;Kupriyanych;0;0;0;0;0;0;0;0;0;0;0;0;0;0;0;0
fzJ1dTgLF5Cex9v7bgoF;2025-06-08;Lindis;0;0;0;0;0;0;0;0;0;0;0;0;0;0;0;0
fzJ1dTgLF5Cex9v7bgoF;2025-06-08;Cerberus;0;0;0;0;0;0;0;0;0;0;0;0;0;0;0;0
fzJ1dTgLF5Cex9v7bgoF;2025-06-08;Manhor;0;11;0;0;0;0;0;0;0;0;0;0;0;0;0;0
fzJ1dTgLF5Cex9v7bgoF;2025-06-08;Mazura;0;0;0;0;0;0;0;0;0;0;0;0;0;0;0;0
fzJ1dTgLF5Cex9v7bgoF;2025-06-08;Nimduen;0;2;0;0;0;0;0;0;0;0;0;0;0;0;0;0
fzJ1dTgLF5Cex9v7bgoF;2025-06-08;Zuzilkree;0;0;0;0;0;0;0;0;0;0;0;0;0;0;0;0
fzJ1dTgLF5Cex9v7bgoF;2025-06-08;Moginn;0;0;0;0;0;0;0;0;0;0;0;0;0;0;0;0
fzJ1dTgLF5Cex9v7bgoF;2025-06-08;Traiano;0;0;0;0;0;0;0;0;0;0;0;0;0;0;0;0
fzJ1dTgLF5Cex9v7bgoF;2025-06-08;TrAIANO 2;0;0;0;0;0;0;0;0;0;0;0;0;0;0;0;0
fzJ1dTgLF5Cex9v7bgoF;2025-06-08;Brodyaga;0;0;0;0;0;0;0;0;0;0;0;0;0;0;0;0
fzJ1dTgLF5Cex9v7bgoF;2025-06-08;T-34;0;0;0;0;0;0;0;0;0;0;0;0;0;0;0;0
fzJ1dTgLF5Cex9v7bgoF;2025-06-08;Egli;0;0;0;0;0;0;0;0;0;0;0;0;0;0;0;0
fzJ1dTgLF5Cex9v7bgoF;2025-06-08;Perros;0;0;0;0;0;0;0;0;0;0;0;0;0;0;0;0
fzJ1dTgLF5Cex9v7bgoF;2025-06-08;NikolajDNK;0;0;0;0;0;0;0;0;0;0;0;0;0;0;0;0
fzJ1dTgLF5Cex9v7bgoF;2025-06-08;DerVerständnisvolle;0;0;0;0;0;0;0;0;0;0;0;0;0;0;0;0
fzJ1dTgLF5Cex9v7bgoF;2025-06-08;Nightfang;0;0;0;0;0;0;0;0;0;0;0;0;0;0;0;0
fzJ1dTgLF5Cex9v7bgoF;2025-06-08;Kobani;0;0;0;0;0;0;0;0;0;0;0;0;0;0;0;0
fzJ1dTgLF5Cex9v7bgoF;2025-06-08;Lassus;0;0;0;0;0;0;0;0;0;0;0;0;0;0;0;0
fzJ1dTgLF5Cex9v7bgoF;2025-06-08;kingchris;0;0;0;0;0;0;0;0;0;0;0;0;0;0;0;0
fzJ1dTgLF5Cex9v7bgoF;2025-06-08;kuromi;0;0;0;0;0;0;0;0;0;0;0;0;0;0;0;0
fzJ1dTgLF5Cex9v7bgoF;2025-06-08;Serdriilas;0;0;0;0;0;0;0;0;0;0;0;0;0;0;0;0
fzJ1dTgLF5Cex9v7bgoF;2025-06-08;Heinrich der Löwe;0;0;0;0;0;0;0;0;0;0;0;0;0;0;0;0
fzJ1dTgLF5Cex9v7bgoF;2025-06-08;Forondod;0;0;0;0;0;0;0;0;0;0;0;0;0;0;0;0
fzJ1dTgLF5Cex9v7bgoF;2025-06-08;Daijind;0;0;0;0;0;0;0;0;0;0;0;0;0;0;0;0
fzJ1dTgLF5Cex9v7bgoF;2025-06-08;Hexe Kaukau;0;0;0;0;0;0;0;0;0;0;0;0;0;0;0;0
fzJ1dTgLF5Cex9v7bgoF;2025-06-08;Petrov val;0;0;0;0;0;0;0;0;0;0;0;0;0;0;0;0
ypVnj9leLPqaua9AXiOm;2025-06-14;Rifur;0;6;0;0;0;0;0;0;0;0;0;0;0;0;0;0
ypVnj9leLPqaua9AXiOm;2025-06-14;Rainblade;0;7;0;0;0;0;0;0;0;0;0;0;0;0;0;0
ypVnj9leLPqaua9AXiOm;2025-06-14;Miaso;0;0;0;0;0;0;0;0;0;0;0;0;0;0;0;0
ypVnj9leLPqaua9AXiOm;2025-06-14;Ivanhoe;0;0;0;0;0;0;0;0;0;0;0;0;0;0;0;0
ypVnj9leLPqaua9AXiOm;2025-06-14;TrAlAnO 2;0;0;0;0;0;0;0;0;0;0;0;0;0;0;0;0
ypVnj9leLPqaua9AXiOm;2025-06-14;Roland;0;23;5;5;0;9;0;3;0;0;0;0;0;0;0;0
ypVnj9leLPqaua9AXiOm;2025-06-14;Barsian;0;0;0;0;0;0;0;0;0;0;0;0;0;0;0;0
ypVnj9leLPqaua9AXiOm;2025-06-14;Romazan;0;3;0;2;0;0;0;0;0;0;0;0;0;0;0;0
ypVnj9leLPqaua9AXiOm;2025-06-14;Friedoline;0;0;0;0;0;0;0;0;0;0;0;0;0;0;0;0
ypVnj9leLPqaua9AXiOm;2025-06-14;koi;1;32;0;3;0;38;0;0;0;0;0;0;0;0;0;0
ypVnj9leLPqaua9AXiOm;2025-06-14;PizzaOnkel IV;0;0;0;0;0;0;0;0;0;0;0;0;0;0;0;0
ypVnj9leLPqaua9AXiOm;2025-06-14;Elsa;0;15;1;1;0;0;0;0;0;0;0;0;0;0;0;0
ypVnj9leLPqaua9AXiOm;2025-06-14;Heinrich der Löwe;0;12;2;9;0;0;0;0;0;0;0;0;0;0;0;0
ypVnj9leLPqaua9AXiOm;2025-06-14;KlaxxoN;0;3;0;2;0;0;0;0;0;0;0;0;0;0;0;0
ypVnj9leLPqaua9AXiOm;2025-06-14;Adoran;0;3;0;0;0;0;0;0;0;0;0;0;0;0;0;0
ypVnj9leLPqaua9AXiOm;2025-06-14;T-34;0;0;0;0;0;0;0;0;0;0;0;0;0;0;0;0
ypVnj9leLPqaua9AXiOm;2025-06-14;Mary Pili;0;0;0;0;0;0;0;0;0;0;0;0;0;0;0;0
ypVnj9leLPqaua9AXiOm;2025-06-14;Donald Duck;0;0;0;0;0;0;0;0;0;0;0;0;0;0;0;0
ypVnj9leLPqaua9AXiOm;2025-06-14;Kupriyanych;0;1;0;1;0;0;0;0;0;0;0;0;0;0;0;0
ypVnj9leLPqaua9AXiOm;2025-06-14;Gustav Gans;0;0;0;0;0;0;0;0;0;0;0;0;0;0;0;0
ypVnj9leLPqaua9AXiOm;2025-06-14;Perros;0;0;0;0;0;0;0;0;0;0;0;0;0;0;0;0
ypVnj9leLPqaua9AXiOm;2025-06-14;MELISA;0;0;0;0;0;0;0;0;0;0;0;0;0;0;0;0
ypVnj9leLPqaua9AXiOm;2025-06-14;Shahanna;0;0;0;0;0;0;0;0;0;0;0;0;0;0;0;0
ypVnj9leLPqaua9AXiOm;2025-06-14;White Los;0;0;0;0;0;0;0;0;0;0;0;0;0;0;0;0
ypVnj9leLPqaua9AXiOm;2025-06-14;kingchris;1;3;0;0;0;0;0;0;0;0;0;0;0;0;0;0
ypVnj9leLPqaua9AXiOm;2025-06-14;Gardashura;0;2;0;0;0;0;0;0;0;0;0;0;0;0;0;0
ypVnj9leLPqaua9AXiOm;2025-06-14;WildMG;0;0;0;0;0;0;0;0;0;0;0;0;0;0;0;0
ypVnj9leLPqaua9AXiOm;2025-06-14;Lassus;0;4;0;1;0;1;0;0;0;0;0;0;0;0;0;0
ypVnj9leLPqaua9AXiOm;2025-06-14;Fray;0;8;0;1;0;1;0;0;0;0;0;0;0;0;0;0
ypVnj9leLPqaua9AXiOm;2025-06-14;Rover;0;5;1;0;0;9;0;0;0;0;0;0;0;0;0;0
ypVnj9leLPqaua9AXiOm;2025-06-14;Jannoz;0;2;0;0;0;0;0;0;0;0;0;0;0;0;0;0
ypVnj9leLPqaua9AXiOm;2025-06-14;Lanmoin der kleine;0;0;0;0;0;0;0;0;0;0;0;0;0;0;0;0
ypVnj9leLPqaua9AXiOm;2025-06-14;LosBoLos;0;0;0;0;0;0;0;0;0;0;0;0;0;0;0;0
ypVnj9leLPqaua9AXiOm;2025-06-14;Miki;0;0;0;0;0;0;0;0;0;0;0;0;0;0;0;0
ypVnj9leLPqaua9AXiOm;2025-06-14;PizzaOnkel II;0;0;0;0;0;0;0;0;0;0;0;0;0;0;0;0
ypVnj9leLPqaua9AXiOm;2025-06-14;Serdriilas;0;4;1;3;0;0;0;0;0;0;0;0;0;0;0;0
ypVnj9leLPqaua9AXiOm;2025-06-14;Lanmoin der 3te;0;0;0;0;0;0;0;0;0;0;0;0;0;0;0;0
ypVnj9leLPqaua9AXiOm;2025-06-14;Miss Pelace;0;8;5;13;0;5;0;9;0;0;0;0;0;0;0;0
ypVnj9leLPqaua9AXiOm;2025-06-14;Upasara Wulung;0;0;0;0;0;0;0;0;0;0;0;0;0;0;0;0
ypVnj9leLPqaua9AXiOm;2025-06-14;BlueBird;0;0;0;0;0;0;0;0;0;0;0;0;0;0;0;0
ypVnj9leLPqaua9AXiOm;2025-06-14;SBzBy Il;0;21;2;1;0;0;0;7;0;0;0;0;0;0;0;0
ypVnj9leLPqaua9AXiOm;2025-06-14;Petrov val;0;7;1;3;0;0;0;0;0;0;0;0;0;0;0;0
ypVnj9leLPqaua9AXiOm;2025-06-14;Lord Rahl;0;0;0;0;0;0;0;0;0;0;0;0;0;0;0;0
ypVnj9leLPqaua9AXiOm;2025-06-14;Hexe KauKau;0;0;0;0;0;0;0;0;0;0;0;0;0;0;0;0
ypVnj9leLPqaua9AXiOm;2025-06-14;Harko;0;0;0;0;0;0;0;0;0;0;0;0;0;0;0;0
ypVnj9leLPqaua9AXiOm;2025-06-14;Rein;0;0;0;0;0;4;0;0;0;0;0;0;0;0;0;0
ypVnj9leLPqaua9AXiOm;2025-06-14;Lindis;0;7;0;0;0;0;0;0;0;0;0;0;0;0;0;0
ypVnj9leLPqaua9AXiOm;2025-06-14;Railkayilas;0;0;0;0;0;0;0;0;0;0;0;0;0;0;0;0
ypVnj9leLPqaua9AXiOm;2025-06-14;Zuzilkree;0;0;0;1;0;0;0;0;0;0;0;0;0;0;0;0
ypVnj9leLPqaua9AXiOm;2025-06-14;YurasiK;0;0;0;0;0;0;0;0;0;0;0;0;0;0;0;0
ypVnj9leLPqaua9AXiOm;2025-06-14;Germanol;0;9;0;1;0;0;0;0;0;0;0;0;0;0;0;0
ypVnj9leLPqaua9AXiOm;2025-06-14;Daijind;0;0;0;0;0;0;0;0;0;0;0;0;0;0;0;0
ypVnj9leLPqaua9AXiOm;2025-06-14;Elgi;0;0;0;0;0;0;0;0;0;0;0;0;0;0;0;0
ypVnj9leLPqaua9AXiOm;2025-06-14;El Mosca;0;0;0;0;0;0;0;0;0;0;0;0;0;0;0;0
ypVnj9leLPqaua9AXiOm;2025-06-14;Eragon;0;3;0;0;0;1;0;0;0;0;0;0;0;0;0;0
ypVnj9leLPqaua9AXiOm;2025-06-14;Jackal;0;3;0;0;0;0;0;0;0;0;0;0;0;0;0;0
ypVnj9leLPqaua9AXiOm;2025-06-14;shining pearl;0;9;0;0;0;0;0;0;0;0;0;0;0;0;0;0
ypVnj9leLPqaua9AXiOm;2025-06-14;Tigra;0;3;0;0;0;1;0;0;0;0;0;0;0;0;0;0
ypVnj9leLPqaua9AXiOm;2025-06-14;Monkey De Luffy;0;0;0;0;0;0;0;0;0;0;0;0;0;0;0;0
ypVnj9leLPqaua9AXiOm;2025-06-14;Vakums;0;3;3;0;0;0;0;0;0;0;0;0;0;0;0;0
ypVnj9leLPqaua9AXiOm;2025-06-14;Brodyaga;0;2;0;0;0;0;0;0;0;0;0;0;0;0;0;0
ypVnj9leLPqaua9AXiOm;2025-06-14;DerVerstindnisvolle;0;0;0;0;0;0;0;0;0;0;0;0;0;0;0;0
ypVnj9leLPqaua9AXiOm;2025-06-14;Fendis;0;18;0;0;0;0;0;0;0;0;0;0;0;0;0;0
ypVnj9leLPqaua9AXiOm;2025-06-14;Frostterror;0;13;0;0;0;0;0;0;0;0;0;0;0;0;0;0
ypVnj9leLPqaua9AXiOm;2025-06-14;Hulsa;0;4;0;0;0;0;0;0;0;0;0;0;0;0;0;0
ypVnj9leLPqaua9AXiOm;2025-06-14;Kantrius;0;8;0;3;0;0;0;0;0;0;0;0;0;0;0;0
ypVnj9leLPqaua9AXiOm;2025-06-14;Traiano;0;0;0;0;0;0;0;0;0;0;0;0;0;0;0;0
ypVnj9leLPqaua9AXiOm;2025-06-14;Cerberus;0;0;0;0;0;0;0;0;0;0;0;0;0;0;0;0
ypVnj9leLPqaua9AXiOm;2025-06-14;Eiskönigin;0;0;0;0;0;0;0;0;0;0;0;0;0;0;0;0
ypVnj9leLPqaua9AXiOm;2025-06-14;Mikoikt;0;6;0;0;0;0;0;0;0;0;0;0;0;0;0;0
ypVnj9leLPqaua9AXiOm;2025-06-14;Tehn;0;0;0;0;0;0;0;0;0;0;0;0;0;0;0;0
ypVnj9leLPqaua9AXiOm;2025-06-14;Z6pancadaria;0;0;0;0;0;0;0;0;0;0;0;0;0;0;0;0
ypVnj9leLPqaua9AXiOm;2025-06-14;Bluebird;0;0;0;0;0;0;0;0;0;0;0;0;0;0;0;0
ypVnj9leLPqaua9AXiOm;2025-06-14;Buck Man;0;13;2;1;0;7;0;0;0;0;0;0;0;0;0;0
ypVnj9leLPqaua9AXiOm;2025-06-14;kuromi;0;2;0;5;0;0;0;0;0;0;0;0;0;0;0;0
ypVnj9leLPqaua9AXiOm;2025-06-14;Angelina 2;0;44;7;2;0;0;0;0;0;0;0;0;0;0;0;0
ypVnj9leLPqaua9AXiOm;2025-06-14;Kobani;0;9;1;0;0;0;0;0;0;0;0;0;0;0;0;0
ypVnj9leLPqaua9AXiOm;2025-06-14;Nightfang;0;7;0;0;0;0;0;9;0;0;0;0;0;0;0;0
ypVnj9leLPqaua9AXiOm;2025-06-14;Forondod;0;0;0;0;0;0;0;0;0;0;0;0;0;0;0;0
ypVnj9leLPqaua9AXiOm;2025-06-14;NikolajDNK;0;0;0;0;0;0;0;0;0;0;0;0;0;0;0;0
2bil8e6wxViZJPJuynDH;2025-06-30;Railkayilas;0;2;0;1;0;1;0;0;0;0;0;0;0;0;0;0
2bil8e6wxViZJPJuynDH;2025-06-30;Bluebird;0;1;0;0;0;1;0;0;0;0;4;0;0;0;0;0
2bil8e6wxViZJPJuynDH;2025-06-30;Nightfang;0;0;0;0;0;0;0;0;0;0;0;0;0;0;0;0
2bil8e6wxViZJPJuynDH;2025-06-30;Vakums;0;3;0;0;0;0;0;0;0;0;0;0;0;0;0;0
2bil8e6wxViZJPJuynDH;2025-06-30;LosBolLos;0;2;0;0;0;0;0;0;0;0;0;0;0;0;0;0
2bil8e6wxViZJPJuynDH;2025-06-30;MIKI;0;0;0;0;0;0;0;0;0;0;0;0;0;0;0;0
2bil8e6wxViZJPJuynDH;2025-06-30;kingchris;0;3;0;0;0;0;0;0;0;1;0;0;0;0;0;0
2bil8e6wxViZJPJuynDH;2025-06-30;Serdriel;0;0;8;0;0;0;0;0;0;0;0;0;0;0;0;0
2bil8e6wxViZJPJuynDH;2025-06-30;Upasara Wulung;0;0;0;0;0;0;0;0;0;0;0;0;0;0;0;0
2bil8e6wxViZJPJuynDH;2025-06-30;Ivanhoe;0;0;0;0;0;0;0;0;0;0;0;0;0;0;0;0
2bil8e6wxViZJPJuynDH;2025-06-30;Eragon;0;0;0;0;0;1;0;0;0;0;2;0;0;0;0;0
2bil8e6wxViZJPJuynDH;2025-06-30;Lord Rahl;0;1;0;1;0;0;0;0;0;0;0;0;0;0;0;0
2bil8e6wxViZJPJuynDH;2025-06-30;Tigra;0;0;0;0;0;14;0;0;0;0;0;0;0;0;0;0
2bil8e6wxViZJPJuynDH;2025-06-30;Rifur;0;0;0;0;0;0;0;0;0;0;0;0;0;0;0;0
2bil8e6wxViZJPJuynDH;2025-06-30;kingdom warrior 2;0;2;0;0;0;0;0;0;0;0;0;0;0;0;0;0
2bil8e6wxViZJPJuynDH;2025-06-30;Elgi;1;3;0;0;0;0;0;0;0;0;0;0;0;0;0;0
2bil8e6wxViZJPJuynDH;2025-06-30;kingdom warrior jn;0;2;0;1;0;0;0;0;0;0;0;0;0;0;0;0
2bil8e6wxViZJPJuynDH;2025-06-30;Kelerosir;0;0;0;0;0;0;0;0;0;0;0;0;0;0;0;0
2bil8e6wxViZJPJuynDH;2025-06-30;Nightwulf;0;0;0;0;0;0;0;0;0;0;0;0;0;0;0;0
2bil8e6wxViZJPJuynDH;2025-06-30;SBzBy li;0;3;0;0;0;0;0;0;0;0;0;0;0;0;0;0
2bil8e6wxViZJPJuynDH;2025-06-30;Frostterror;0;1;0;0;0;0;0;0;0;0;0;0;0;0;0;0
2bil8e6wxViZJPJuynDH;2025-06-30;Lanmoin der 3te;0;0;0;0;0;0;0;0;0;0;0;0;0;0;0;0
2bil8e6wxViZJPJuynDH;2025-06-30;Dalinad;0;0;0;0;0;0;0;0;0;0;0;0;0;0;0;0
2bil8e6wxViZJPJuynDH;2025-06-30;Kamaw DOC;0;0;0;0;0;0;0;0;0;0;0;0;0;0;0;0
2bil8e6wxViZJPJuynDH;2025-06-30;Serdriilas;0;5;0;2;0;0;0;0;0;0;0;0;0;0;0;0
2bil8e6wxViZJPJuynDH;2025-06-30;DerVerstandnisvolle;0;0;0;0;0;0;0;0;0;0;0;0;0;0;0;0
2bil8e6wxViZJPJuynDH;2025-06-30;koi;0;4;0;0;0;31;0;0;0;0;0;0;0;0;0;0
2bil8e6wxViZJPJuynDH;2025-06-30;White Los;0;0;0;3;0;0;0;0;0;0;3;0;0;0;0;0
2bil8e6wxViZJPJuynDH;2025-06-30;Moginn;0;12;0;0;0;14;0;0;0;0;0;0;0;0;0;0
2bil8e6wxViZJPJuynDH;2025-06-30;Adoran;0;3;0;0;0;0;0;0;0;0;0;0;0;0;0;0
2bil8e6wxViZJPJuynDH;2025-06-30;Monkey De Luffy;0;1;0;0;0;0;0;0;0;0;0;0;0;0;0;0
2bil8e6wxViZJPJuynDH;2025-06-30;YurasiK;0;12;1;1;0;0;0;0;0;0;0;0;0;0;0;0
2bil8e6wxViZJPJuynDH;2025-06-30;Hexe Kaukau;0;0;0;0;0;0;0;0;0;0;0;0;0;0;0;0
2bil8e6wxViZJPJuynDH;2025-06-30;Zuzilkree;0;18;2;1;0;1;0;0;0;0;0;0;0;0;0;0
2bil8e6wxViZJPJuynDH;2025-06-30;Rainblade;0;0;0;0;0;0;0;0;0;0;0;0;0;0;0;0
2bil8e6wxViZJPJuynDH;2025-06-30;Fray;0;2;3;1;0;1;0;0;0;0;0;0;0;0;0;0
2bil8e6wxViZJPJuynDH;2025-06-30;Daijind;0;3;0;0;0;0;0;0;0;0;0;0;0;0;0;0
2bil8e6wxViZJPJuynDH;2025-06-30;Elsa;0;0;0;0;0;0;0;0;0;0;0;0;0;0;0;0
2bil8e6wxViZJPJuynDH;2025-06-30;Jackal;0;3;0;0;0;0;0;0;0;0;0;0;0;0;0;0
2bil8e6wxViZJPJuynDH;2025-06-30;TrAIANO 2;0;1;0;0;0;0;0;0;0;0;0;0;0;0;0;0
2bil8e6wxViZJPJuynDH;2025-06-30;El Mosca;0;0;0;0;0;0;0;0;0;0;0;0;0;0;0;0
2bil8e6wxViZJPJuynDH;2025-06-30;Angelina 2;0;0;0;2;0;0;0;0;0;0;0;0;0;0;0;0
2bil8e6wxViZJPJuynDH;2025-06-30;Tehn;0;8;0;1;0;0;0;0;0;0;0;0;0;0;0;0
2bil8e6wxViZJPJuynDH;2025-06-30;Brodyaga;0;0;0;0;0;0;0;0;0;0;0;0;0;0;0;0
2bil8e6wxViZJPJuynDH;2025-06-30;Perros;0;0;0;0;0;0;0;0;0;0;0;0;0;0;0;0
2bil8e6wxViZJPJuynDH;2025-06-30;Kantrius;0;0;0;0;0;0;0;0;0;0;0;0;0;0;0;0
2bil8e6wxViZJPJuynDH;2025-06-30;Mikoikt;0;0;0;0;0;0;0;0;0;0;0;0;0;0;0;0
2bil8e6wxViZJPJuynDH;2025-06-30;BlueBird;0;1;0;0;0;1;0;0;0;0;4;0;0;0;0;0
2bil8e6wxViZJPJuynDH;2025-06-30;Ya kut;0;3;0;0;0;1;0;0;0;0;0;0;0;0;0;0
2bil8e6wxViZJPJuynDH;2025-06-30;Cerberus;0;0;0;0;0;0;0;0;0;0;0;0;0;0;0;0
2bil8e6wxViZJPJuynDH;2025-06-30;Kupriyanych;0;3;0;3;0;0;0;0;0;0;0;0;0;0;0;0
2bil8e6wxViZJPJuynDH;2025-06-30;Roland;0;1;2;2;0;5;0;0;0;0;0;0;0;0;0;0
2bil8e6wxViZJPJuynDH;2025-06-30;Jannoz;0;3;0;0;0;0;0;0;0;0;0;0;0;0;0;0
2bil8e6wxViZJPJuynDH;2025-06-30;Alpha Logburg;0;0;0;0;0;2;0;0;0;0;0;0;0;0;0;0
2bil8e6wxViZJPJuynDH;2025-06-30;Petrov val;0;0;0;0;0;0;0;0;0;0;0;0;0;0;0;0
2bil8e6wxViZJPJuynDH;2025-06-30;Gardashura;0;0;0;0;0;0;0;0;0;0;0;0;0;0;0;0
2bil8e6wxViZJPJuynDH;2025-06-30;Fendis;0;0;0;0;0;0;0;0;0;0;0;0;0;0;0;0
2bil8e6wxViZJPJuynDH;2025-06-30;Danara;0;0;0;0;0;0;0;0;0;0;0;0;0;0;0;0
2bil8e6wxViZJPJuynDH;2025-06-30;Rover;0;5;1;1;0;10;0;0;0;0;0;0;0;0;0;0
2bil8e6wxViZJPJuynDH;2025-06-30;Forondod;0;0;1;1;0;0;0;0;0;0;0;0;0;0;0;0
2bil8e6wxViZJPJuynDH;2025-06-30;rami;0;5;0;0;0;0;0;0;0;0;0;0;0;0;0;0
2bil8e6wxViZJPJuynDH;2025-06-30;Hulsa;0;0;0;0;0;0;0;0;0;0;0;0;0;0;0;0
2bil8e6wxViZJPJuynDH;2025-06-30;Mary Pili;0;0;0;0;0;0;0;0;0;0;0;0;0;0;0;0
2bil8e6wxViZJPJuynDH;2025-06-30;Gocha;0;5;0;1;0;2;0;0;0;0;1;0;0;0;0;0
2bil8e6wxViZJPJuynDH;2025-06-30;Heinrich der Lowe;0;0;0;0;0;0;0;0;0;0;0;0;0;0;0;0
2bil8e6wxViZJPJuynDH;2025-06-30;NikolajDNK;0;3;0;0;0;0;0;0;0;0;0;0;0;0;0;0
2bil8e6wxViZJPJuynDH;2025-06-30;Lanmoin der Kleine;0;0;0;0;0;0;0;0;0;0;0;0;0;0;0;0
2bil8e6wxViZJPJuynDH;2025-06-30;MELISA;0;0;0;0;0;0;0;0;0;0;0;0;0;0;0;0
2bil8e6wxViZJPJuynDH;2025-06-30;Miaso;0;0;0;0;0;0;0;0;0;0;0;0;0;0;0;0
2bil8e6wxViZJPJuynDH;2025-06-30;Traiano;0;3;0;0;0;0;0;0;0;0;0;0;0;0;0;0
2bil8e6wxViZJPJuynDH;2025-06-30;Eiskonigin;0;0;0;0;0;0;0;0;0;0;0;0;0;0;0;0
2bil8e6wxViZJPJuynDH;2025-06-30;T-34;0;0;0;0;0;0;0;0;0;0;0;0;0;0;0;0
2bil8e6wxViZJPJuynDH;2025-06-30;Buck Man;0;0;0;0;0;0;0;0;0;0;0;0;0;0;0;0
2bil8e6wxViZJPJuynDH;2025-06-30;Shahanna;0;0;0;0;0;0;0;0;0;0;0;0;0;0;0;0
2bil8e6wxViZJPJuynDH;2025-06-30;Lindis;0;3;0;0;0;0;0;0;0;0;0;0;0;0;0;0
2bil8e6wxViZJPJuynDH;2025-06-30;WildMG;0;0;0;0;0;0;0;0;0;0;0;0;0;0;0;0
2bil8e6wxViZJPJuynDH;2025-06-30;Romazan;0;8;1;2;0;5;0;0;0;0;0;0;0;0;0;0
2bil8e6wxViZJPJuynDH;2025-06-30;Miss Pelace;0;0;0;0;0;0;0;0;0;0;0;0;0;0;0;0
2bil8e6wxViZJPJuynDH;2025-06-30;Barsian;0;0;0;0;0;0;0;0;0;0;0;0;0;0;0;0
2bil8e6wxViZJPJuynDH;2025-06-30;Friedoline;0;0;0;0;0;0;0;0;0;0;0;0;0;0;0;0
2bil8e6wxViZJPJuynDH;2025-06-30;KlaxxoN;0;1;1;0;0;0;0;0;0;0;0;0;0;0;0;0
2bil8e6wxViZJPJuynDH;2025-06-30;Donald Duck;0;0;0;0;0;0;0;0;0;0;0;0;0;0;0;0
2bil8e6wxViZJPJuynDH;2025-06-30;Rein;0;0;0;0;0;0;0;0;0;0;0;0;0;0;0;0
2bil8e6wxViZJPJuynDH;2025-07-02;Nightwulf;0;0;0;0;0;0;0;0;0;0;0;0;0;0;0;0
2bil8e6wxViZJPJuynDH;2025-07-02;Lanmoin der 3te;0;0;0;0;0;0;0;0;0;0;0;0;0;0;0;0
2bil8e6wxViZJPJuynDH;2025-07-02;MIKI;0;0;0;0;0;0;0;0;0;0;0;0;0;0;0;0
2bil8e6wxViZJPJuynDH;2025-07-02;KlaxxoN;0;0;0;0;0;0;0;0;0;0;0;0;0;0;0;0
2bil8e6wxViZJPJuynDH;2025-07-02;Perros;0;0;0;0;0;0;0;0;0;0;0;0;0;0;0;0
2bil8e6wxViZJPJuynDH;2025-07-02;Elgi;0;0;0;0;0;0;0;0;0;0;0;0;0;0;0;0
2bil8e6wxViZJPJuynDH;2025-07-02;Kantrius;0;15;0;0;0;0;0;0;0;0;0;0;0;0;0;0
2bil8e6wxViZJPJuynDH;2025-07-02;Upasara Wulung;0;0;0;0;0;0;0;0;0;0;0;0;0;0;0;0
2bil8e6wxViZJPJuynDH;2025-07-02;Romazan;0;6;2;3;0;10;0;0;0;0;0;0;0;0;0;0
2bil8e6wxViZJPJuynDH;2025-07-02;Elsa;0;0;0;0;0;0;0;0;0;0;0;0;0;0;0;0
2bil8e6wxViZJPJuynDH;2025-07-02;El Mosca;0;0;0;0;0;0;0;0;0;0;0;0;0;0;0;0
2bil8e6wxViZJPJuynDH;2025-07-02;Fray;0;4;0;3;0;0;0;0;0;0;0;0;0;0;0;0
2bil8e6wxViZJPJuynDH;2025-07-02;Buck Man;0;15;1;3;0;12;0;0;0;0;0;0;0;0;0;0
2bil8e6wxViZJPJuynDH;2025-07-02;Jackal;0;0;0;0;0;0;0;0;0;0;0;0;0;0;0;0
2bil8e6wxViZJPJuynDH;2025-07-02;TrAIANO 2;0;0;0;0;0;0;0;0;0;0;0;0;0;0;0;0
2bil8e6wxViZJPJuynDH;2025-07-02;Danara;0;3;0;0;0;13;0;0;0;0;0;0;0;0;0;0
2bil8e6wxViZJPJuynDH;2025-07-02;kingchris;1;3;0;0;0;0;0;0;0;0;0;0;0;0;0;0
2bil8e6wxViZJPJuynDH;2025-07-02;Angelina 2;0;5;2;0;0;0;0;0;0;0;0;0;0;0;0;0
2bil8e6wxViZJPJuynDH;2025-07-02;Jannoz;0;4;12;1;0;3;0;0;0;0;0;0;0;0;0;0
2bil8e6wxViZJPJuynDH;2025-07-02;Donald Duck;0;0;0;0;0;0;0;0;0;0;0;0;0;0;0;0
2bil8e6wxViZJPJuynDH;2025-07-02;LosBolLos;0;1;0;0;0;0;0;0;0;0;0;0;0;0;0;0
2bil8e6wxViZJPJuynDH;2025-07-02;Kupriyanych;0;0;0;0;0;0;0;0;0;0;0;0;0;0;0;0
2bil8e6wxViZJPJuynDH;2025-07-02;Cerberus;0;2;1;0;0;0;0;0;0;0;0;0;0;0;0;0
2bil8e6wxViZJPJuynDH;2025-07-02;Mary Pili;0;0;0;0;0;0;0;0;0;0;0;0;0;0;0;0
2bil8e6wxViZJPJuynDH;2025-07-02;Eiskonigin;0;0;0;0;0;0;0;0;0;0;0;0;0;0;0;0
2bil8e6wxViZJPJuynDH;2025-07-02;Mikoikt;0;7;4;0;0;0;0;0;0;0;0;0;0;0;0;0
2bil8e6wxViZJPJuynDH;2025-07-02;Eragon;0;13;0;0;0;6;0;0;0;0;0;0;0;0;0;0
2bil8e6wxViZJPJuynDH;2025-07-02;Petrov val;0;4;0;1;0;0;0;0;0;0;0;0;0;0;0;0
2bil8e6wxViZJPJuynDH;2025-07-02;Tigra;0;13;0;0;0;33;0;0;0;0;0;0;0;0;0;0
2bil8e6wxViZJPJuynDH;2025-07-02;Lord Rahl;0;0;0;0;0;0;0;0;0;0;0;0;0;0;0;0
2bil8e6wxViZJPJuynDH;2025-07-02;Alpha Logburg;0;0;0;0;0;0;0;0;0;0;0;0;0;0;0;0
2bil8e6wxViZJPJuynDH;2025-07-02;Barsian;0;0;0;0;0;0;0;0;0;0;0;0;0;0;0;0
2bil8e6wxViZJPJuynDH;2025-07-02;YurasiK;0;14;3;0;0;0;0;0;0;0;0;0;0;0;0;0
2bil8e6wxViZJPJuynDH;2025-07-02;Heinrich der Lowe;0;2;0;0;0;0;0;0;0;0;0;0;0;0;0;0
2bil8e6wxViZJPJuynDH;2025-07-02;Lanmoin der Kleine;0;0;0;0;0;0;0;0;0;0;0;0;0;0;0;0
2bil8e6wxViZJPJuynDH;2025-07-02;Lindis;0;6;3;0;0;0;0;0;0;0;0;0;0;0;0;0
2bil8e6wxViZJPJuynDH;2025-07-02;Daijind;0;3;1;0;0;0;0;0;0;0;0;0;0;0;0;0
2bil8e6wxViZJPJuynDH;2025-07-02;Nightfang;0;4;3;3;0;4;0;0;0;0;0;0;0;0;0;0
2bil8e6wxViZJPJuynDH;2025-07-02;Ivanhoe;0;0;0;1;0;0;0;0;0;0;0;0;0;0;0;0
2bil8e6wxViZJPJuynDH;2025-07-02;T-34;0;95;0;0;0;0;0;0;0;0;0;0;0;0;0;0
2bil8e6wxViZJPJuynDH;2025-07-02;Dalinad;0;0;0;0;0;0;0;0;0;0;0;0;0;0;0;0
2bil8e6wxViZJPJuynDH;2025-07-02;Monkey De Luffy;0;0;0;0;0;0;0;0;0;0;0;0;0;0;0;0
2bil8e6wxViZJPJuynDH;2025-07-02;SBzBy li;0;4;0;2;0;1;0;0;0;0;0;0;0;0;0;0
2bil8e6wxViZJPJuynDH;2025-07-02;DerVerstandnisvolle;0;0;0;0;0;0;0;0;0;0;0;0;0;0;0;0
2bil8e6wxViZJPJuynDH;2025-07-02;Rainblade;0;15;0;1;0;0;0;0;0;0;0;0;0;0;0;0
2bil8e6wxViZJPJuynDH;2025-07-02;Bluebird;0;0;0;0;0;0;0;0;0;0;0;0;0;0;0;0
2bil8e6wxViZJPJuynDH;2025-07-02;Gardashura;0;0;0;0;0;0;0;0;0;0;0;0;0;0;0;0
2bil8e6wxViZJPJuynDH;2025-07-02;Hulsa;0;4;0;0;0;0;0;0;0;0;0;0;0;0;0;0
2bil8e6wxViZJPJuynDH;2025-07-02;Hexe Kaukau;0;8;0;1;0;0;0;0;0;0;0;0;0;0;0;0
2bil8e6wxViZJPJuynDH;2025-07-02;BlueBird;0;0;0;0;0;0;0;0;0;0;0;0;0;0;0;0
2bil8e6wxViZJPJuynDH;2025-07-02;Serdriilas;0;7;0;1;0;0;0;0;0;0;0;0;0;0;0;0
2bil8e6wxViZJPJuynDH;2025-07-02;Miss Pelace;0;3;0;0;0;0;0;0;0;0;0;0;0;0;0;0
2bil8e6wxViZJPJuynDH;2025-07-02;koi;0;13;1;0;0;63;0;0;0;0;0;0;0;0;0;0
2bil8e6wxViZJPJuynDH;2025-07-02;Adoran;0;1;0;0;0;0;0;0;0;0;0;0;0;0;0;0
2bil8e6wxViZJPJuynDH;2025-07-02;Kelerosir;0;9;3;0;0;2;0;0;0;0;0;0;0;0;0;0
2bil8e6wxViZJPJuynDH;2025-07-02;Friedoline;0;0;0;0;0;0;0;0;0;0;0;0;0;0;0;0
2bil8e6wxViZJPJuynDH;2025-07-02;NikolajDNK;0;0;0;0;0;0;0;0;0;0;0;0;0;0;0;0
2bil8e6wxViZJPJuynDH;2025-07-02;Moginn;0;0;0;0;0;0;0;0;0;0;0;0;0;0;0;0
2bil8e6wxViZJPJuynDH;2025-07-02;Gocha;0;3;0;0;0;0;0;0;0;0;0;0;0;0;0;0
2bil8e6wxViZJPJuynDH;2025-07-02;MELISA;0;0;0;0;0;0;0;0;0;0;0;0;0;0;0;0
2bil8e6wxViZJPJuynDH;2025-07-02;Railkayilas;0;0;1;0;0;0;0;0;0;0;0;0;0;0;0;0
2bil8e6wxViZJPJuynDH;2025-07-02;Rover;0;6;1;1;0;14;0;0;0;0;0;0;0;0;0;0
2bil8e6wxViZJPJuynDH;2025-07-02;Ya kut;0;5;6;2;0;3;0;0;0;0;0;0;0;0;0;0
2bil8e6wxViZJPJuynDH;2025-07-02;kingdom warrior jn;0;0;0;0;0;0;0;0;0;0;0;0;0;0;0;0
2bil8e6wxViZJPJuynDH;2025-07-02;White Los;0;0;0;0;0;0;0;0;0;0;0;0;0;0;0;0
2bil8e6wxViZJPJuynDH;2025-07-02;Serdriel;0;0;0;0;0;0;0;0;0;0;0;0;0;0;0;0
2bil8e6wxViZJPJuynDH;2025-07-02;Fendis;0;4;0;0;0;0;0;0;0;0;0;0;0;0;0;0
2bil8e6wxViZJPJuynDH;2025-07-02;Roland;0;4;0;0;0;0;0;0;0;0;0;0;0;0;0;0
2bil8e6wxViZJPJuynDH;2025-07-02;Vakums;0;3;1;0;0;9;0;0;0;0;0;0;0;0;0;0
2bil8e6wxViZJPJuynDH;2025-07-02;Shahanna;0;4;1;1;0;0;0;0;0;0;0;0;0;0;0;0
2bil8e6wxViZJPJuynDH;2025-07-02;Zuzilkree;0;12;14;3;0;0;0;0;0;0;0;0;0;0;0;0
2bil8e6wxViZJPJuynDH;2025-07-02;kingdom warrior 2;0;0;0;0;0;0;0;0;0;0;0;0;0;0;0;0
2bil8e6wxViZJPJuynDH;2025-07-02;Miaso;0;0;0;0;0;0;0;0;0;0;0;0;0;0;0;0
2bil8e6wxViZJPJuynDH;2025-07-02;Traiano;0;0;0;0;0;0;0;0;0;0;0;0;0;0;0;0
2bil8e6wxViZJPJuynDH;2025-07-02;Brodyaga;0;5;0;0;0;0;0;0;0;0;0;0;0;0;0;0
2bil8e6wxViZJPJuynDH;2025-07-02;Tehn;0;9;0;1;0;0;0;0;0;0;0;0;0;0;0;0
2bil8e6wxViZJPJuynDH;2025-07-02;rami;0;4;1;0;0;0;0;0;0;0;0;0;0;0;0;0
2bil8e6wxViZJPJuynDH;2025-07-02;Frostterror;1;7;0;0;0;0;0;0;0;0;0;0;0;0;0;0
2bil8e6wxViZJPJuynDH;2025-07-02;Rein;0;0;0;0;0;0;0;0;0;0;0;0;0;0;0;0
2bil8e6wxViZJPJuynDH;2025-07-02;Kamaw DOC;0;3;0;0;0;0;0;0;0;0;0;0;0;0;0;0
2bil8e6wxViZJPJuynDH;2025-07-02;Rifur;0;6;2;1;0;0;0;0;0;0;0;0;0;0;0;0
2bil8e6wxViZJPJuynDH;2025-07-02;Forondod;0;1;2;2;0;0;0;0;0;0;0;0;0;0;0;0
2bil8e6wxViZJPJuynDH;2025-07-02;WildMG;0;0;0;0;0;0;0;0;0;0;0;0;0;0;0;0
Shqd0HHzkY2wJUKqVDbe;2025-06-01;09MUSLERA09;0;0;0;0;0;0;0;0;0;0;0;0;0;0;0;0
Shqd0HHzkY2wJUKqVDbe;2025-06-01;MELISA;0;0;0;0;0;0;0;0;0;0;0;0;0;0;0;0
Shqd0HHzkY2wJUKqVDbe;2025-06-01;BlueBird;0;0;0;0;0;0;0;0;0;0;0;0;0;0;0;0
Shqd0HHzkY2wJUKqVDbe;2025-06-01;T-34;0;0;0;0;0;0;0;0;0;0;0;0;0;0;0;0
Shqd0HHzkY2wJUKqVDbe;2025-06-01;Petrov val;0;1;0;0;0;0;0;0;0;0;0;0;0;0;0;0
Shqd0HHzkY2wJUKqVDbe;2025-06-01;Heinrich der Löwe;0;0;0;0;0;0;0;0;0;0;0;0;0;0;0;0
Shqd0HHzkY2wJUKqVDbe;2025-06-01;Moginn;0;0;0;0;0;0;0;0;0;0;0;0;0;0;0;0
Shqd0HHzkY2wJUKqVDbe;2025-06-01;Rover;0;0;0;0;0;2;0;0;0;0;0;0;0;0;0;0
Shqd0HHzkY2wJUKqVDbe;2025-06-01;White Los;0;0;0;0;0;0;0;0;0;0;0;0;0;0;0;0
Shqd0HHzkY2wJUKqVDbe;2025-06-01;Brodyaga;0;0;0;0;0;0;0;0;0;0;0;0;0;0;0;0
Shqd0HHzkY2wJUKqVDbe;2025-06-01;Kobani;0;0;0;0;0;0;0;0;0;0;0;0;0;0;0;0
Shqd0HHzkY2wJUKqVDbe;2025-06-01;Ya kut;0;0;0;0;0;0;0;0;0;0;0;0;0;0;0;0
Shqd0HHzkY2wJUKqVDbe;2025-06-01;Buck Man;0;0;0;0;0;0;0;0;0;0;0;0;0;0;0;0
Shqd0HHzkY2wJUKqVDbe;2025-06-01;Frostterror;0;5;1;0;0;0;0;0;0;0;0;0;0;0;0;0
Shqd0HHzkY2wJUKqVDbe;2025-06-01;roger;0;0;0;0;0;0;0;0;0;0;0;0;0;0;0;0
Shqd0HHzkY2wJUKqVDbe;2025-06-01;Eiskönigin;0;0;0;0;0;0;0;0;0;0;0;0;0;0;0;0
Shqd0HHzkY2wJUKqVDbe;2025-06-01;Jackal;0;10;0;0;0;0;0;0;0;0;0;0;0;0;0;0
Shqd0HHzkY2wJUKqVDbe;2025-06-01;Lanmoin der 3te;0;0;0;0;0;0;0;0;0;0;0;0;0;0;0;0
Shqd0HHzkY2wJUKqVDbe;2025-06-01;Nightfang;0;0;0;0;0;0;0;0;0;0;0;0;0;0;0;0
Shqd0HHzkY2wJUKqVDbe;2025-06-01;WildMG;0;3;2;0;0;0;0;0;0;0;0;0;0;0;0;0
Shqd0HHzkY2wJUKqVDbe;2025-06-01;Romazan;0;0;0;0;0;0;0;0;0;0;0;0;0;0;0;0
Shqd0HHzkY2wJUKqVDbe;2025-06-01;PizzaOnkel IV;0;0;0;0;0;0;0;0;0;0;0;0;0;0;0;0
Shqd0HHzkY2wJUKqVDbe;2025-06-01;Lord Rahl;0;0;0;0;0;0;0;0;0;0;0;0;0;0;0;0
Shqd0HHzkY2wJUKqVDbe;2025-06-01;Rifur;0;0;0;0;0;0;0;0;0;0;0;0;0;0;0;0
Shqd0HHzkY2wJUKqVDbe;2025-06-01;Cerberus;0;2;0;0;0;0;0;0;0;0;0;0;0;0;0;0
Shqd0HHzkY2wJUKqVDbe;2025-06-01;Seryoga;0;0;0;0;0;0;0;0;0;0;0;0;0;0;0;0
Shqd0HHzkY2wJUKqVDbe;2025-06-01;Ivanhoe;0;0;0;0;0;0;0;0;0;0;0;0;0;0;0;0
Shqd0HHzkY2wJUKqVDbe;2025-06-01;TrAiAnO 2;0;0;0;0;0;0;0;0;0;0;0;0;0;0;0;0
Shqd0HHzkY2wJUKqVDbe;2025-06-01;MIkl;0;0;0;0;0;0;0;0;0;0;0;0;0;0;0;0
Shqd0HHzkY2wJUKqVDbe;2025-06-01;Perros;0;0;0;0;0;0;0;0;0;0;0;0;0;0;0;0
Shqd0HHzkY2wJUKqVDbe;2025-06-01;Upasara Wulung;0;0;0;0;0;0;0;0;0;0;0;0;0;0;0;0
Shqd0HHzkY2wJUKqVDbe;2025-06-01;Mikoikt;0;0;0;0;0;0;0;0;0;0;0;0;0;0;0;0
Shqd0HHzkY2wJUKqVDbe;2025-06-01;Hulsa;0;0;0;0;0;0;0;0;0;0;0;0;0;0;0;0
Shqd0HHzkY2wJUKqVDbe;2025-06-01;kingchris;0;0;0;0;0;0;0;0;0;0;0;0;0;0;0;0
Shqd0HHzkY2wJUKqVDbe;2025-06-01;Barsian;0;0;0;0;0;0;0;0;0;0;0;0;0;0;0;0
Shqd0HHzkY2wJUKqVDbe;2025-06-01;koi;0;3;0;0;0;1;0;0;0;0;0;0;0;0;0;0
Shqd0HHzkY2wJUKqVDbe;2025-06-01;DerVerständnisvolle;0;0;0;0;0;0;0;0;0;0;0;0;0;0;0;0
Shqd0HHzkY2wJUKqVDbe;2025-06-01;Zuzilkree;0;13;0;0;0;1;0;0;0;0;0;0;0;0;0;0
Shqd0HHzkY2wJUKqVDbe;2025-06-01;SBzBy II;0;3;0;0;0;0;0;0;0;0;0;0;0;0;0;0
Shqd0HHzkY2wJUKqVDbe;2025-06-01;Lindis;0;1;0;1;0;0;0;0;0;0;0;0;0;0;0;0
Shqd0HHzkY2wJUKqVDbe;2025-06-01;Lassus;0;0;0;0;0;0;0;0;0;0;0;0;0;0;0;0
Shqd0HHzkY2wJUKqVDbe;2025-06-01;Friedoline;0;0;0;0;0;0;0;0;0;0;0;0;0;0;0;0
Shqd0HHzkY2wJUKqVDbe;2025-06-01;Gocha;0;0;0;0;0;0;0;0;0;0;0;0;0;0;0;0
Shqd0HHzkY2wJUKqVDbe;2025-06-01;Traiano;0;0;0;0;0;0;0;0;0;0;0;0;0;0;0;0
Shqd0HHzkY2wJUKqVDbe;2025-06-01;Gustav Gans;0;0;0;0;0;0;0;0;0;0;0;0;0;0;0;0
Shqd0HHzkY2wJUKqVDbe;2025-06-01;Serdriilas;0;0;0;0;0;0;0;0;0;0;0;0;0;0;0;0
Shqd0HHzkY2wJUKqVDbe;2025-06-01;Kupriyanych;0;0;0;0;0;0;0;0;0;0;0;0;0;0;0;0
Shqd0HHzkY2wJUKqVDbe;2025-06-01;Forondod;0;3;0;1;0;0;0;0;0;0;0;0;0;0;0;0
Shqd0HHzkY2wJUKqVDbe;2025-06-01;Rein;0;0;0;0;0;0;0;0;0;0;0;0;0;0;0;0
Shqd0HHzkY2wJUKqVDbe;2025-06-01;Daijind;0;0;0;0;0;0;0;0;0;0;0;0;0;0;0;0
Shqd0HHzkY2wJUKqVDbe;2025-06-01;Miaso;0;0;0;0;0;0;0;0;0;0;0;0;0;0;0;0
Shqd0HHzkY2wJUKqVDbe;2025-06-01;morgaine;0;0;0;0;0;0;0;0;0;0;0;0;0;0;0;0
Shqd0HHzkY2wJUKqVDbe;2025-06-01;YurasiK;0;0;0;0;0;9;0;0;0;0;0;0;0;0;0;0
Shqd0HHzkY2wJUKqVDbe;2025-06-01;steboulet 2;0;0;0;0;0;0;0;0;0;0;0;0;0;0;0;0
Shqd0HHzkY2wJUKqVDbe;2025-06-01;Danara;0;0;0;0;0;0;0;0;0;0;0;0;0;0;0;0
Shqd0HHzkY2wJUKqVDbe;2025-06-01;kuromi;0;0;0;0;0;0;0;0;0;0;0;0;0;0;0;0
Shqd0HHzkY2wJUKqVDbe;2025-06-01;NokolajDNK;0;0;0;0;0;0;0;0;0;0;0;0;0;0;0;0
Shqd0HHzkY2wJUKqVDbe;2025-06-01;Hexe Kaukau;0;0;0;0;0;0;0;0;0;0;0;0;0;0;0;0
Shqd0HHzkY2wJUKqVDbe;2025-06-01;Lanmoin der Kleine;0;0;0;0;0;0;0;0;0;0;0;0;0;0;0;0
Shqd0HHzkY2wJUKqVDbe;2025-06-01;Shahanna;0;0;0;0;0;0;0;0;0;0;0;0;0;0;0;0
Shqd0HHzkY2wJUKqVDbe;2025-06-01;Karel;0;0;0;0;0;0;0;0;0;0;0;0;0;0;0;0
Shqd0HHzkY2wJUKqVDbe;2025-06-01;Elgi;0;0;0;0;0;0;0;0;0;0;0;0;0;0;0;0
Shqd0HHzkY2wJUKqVDbe;2025-06-01;Zepancadaria;0;0;0;0;0;0;0;0;0;0;0;0;0;0;0;0
Shqd0HHzkY2wJUKqVDbe;2025-06-01;Fendis;0;0;0;0;0;0;0;0;0;0;0;0;0;0;0;0
Shqd0HHzkY2wJUKqVDbe;2025-06-01;El Mosca;0;0;0;0;0;0;0;0;0;0;0;0;0;0;0;0
Shqd0HHzkY2wJUKqVDbe;2025-06-01;Mazura;0;0;0;0;0;0;0;0;0;0;0;0;0;0;0;0
Shqd0HHzkY2wJUKqVDbe;2025-06-01;Mary Pili;0;0;0;0;0;0;0;0;0;0;0;0;0;0;0;0
Shqd0HHzkY2wJUKqVDbe;2025-06-01;Miss Pelace;0;4;0;3;0;0;0;0;0;0;0;0;0;0;0;0
Shqd0HHzkY2wJUKqVDbe;2025-06-01;Nightwulf;0;0;0;0;0;0;0;0;0;0;0;0;0;0;0;0
Shqd0HHzkY2wJUKqVDbe;2025-06-01;Tigra;0;0;0;0;0;0;0;0;0;0;0;0;0;0;0;0
Shqd0HHzkY2wJUKqVDbe;2025-06-01;Tehn;0;0;0;0;0;0;0;0;0;0;0;0;0;0;0;0
Shqd0HHzkY2wJUKqVDbe;2025-06-01;Bluebird;0;0;0;0;0;0;0;0;0;0;0;0;0;0;0;0
Shqd0HHzkY2wJUKqVDbe;2025-06-01;Vakums;0;0;0;0;0;0;0;0;0;0;0;0;0;0;0;0
Shqd0HHzkY2wJUKqVDbe;2025-06-01;Gardashura;0;0;0;0;0;0;0;0;0;0;0;0;0;0;0;0
Shqd0HHzkY2wJUKqVDbe;2025-06-01;Drago;0;0;0;0;0;0;0;0;0;0;0;0;0;0;0;0
Shqd0HHzkY2wJUKqVDbe;2025-06-01;Elsa;0;0;0;1;0;0;0;0;0;0;0;0;0;0;0;0
Shqd0HHzkY2wJUKqVDbe;2025-06-01;KlaxxoN;0;0;0;0;0;0;0;0;0;0;0;0;0;0;0;0
Shqd0HHzkY2wJUKqVDbe;2025-06-01;Eragon;0;3;0;0;0;0;0;0;0;0;0;0;0;0;0;0
Shqd0HHzkY2wJUKqVDbe;2025-06-01;jannoz;0;0;0;0;0;0;0;0;0;0;0;0;0;0;0;0
Shqd0HHzkY2wJUKqVDbe;2025-06-01;steboulet;0;4;0;4;0;0;0;0;0;0;0;0;0;0;0;0
Shqd0HHzkY2wJUKqVDbe;2025-06-01;Adoran;0;0;0;0;0;0;0;0;0;0;0;0;0;0;0;0
Shqd0HHzkY2wJUKqVDbe;2025-06-01;Fray;0;3;0;0;0;0;0;0;0;0;0;0;0;0;0;0
ejrChd9MHCSNvsT0GAZt;2025-05-22;Jackal;0;29;0;0;0;0;0;0;0;0;0;0;0;0;0;0
ejrChd9MHCSNvsT0GAZt;2025-05-22;Rein;0;0;0;0;0;6;0;0;0;0;0;0;0;0;0;0
ejrChd9MHCSNvsT0GAZt;2025-05-22;T-34;0;0;0;0;0;0;0;0;0;0;0;0;0;0;0;0
ejrChd9MHCSNvsT0GAZt;2025-05-22;steboulet 2;0;0;0;0;0;0;0;0;0;0;0;0;0;0;0;0
ejrChd9MHCSNvsT0GAZt;2025-05-22;Kupriyanych;0;2;0;0;0;0;0;0;0;0;0;0;0;0;0;0
ejrChd9MHCSNvsT0GAZt;2025-05-22;NikolajDNK;0;0;0;0;0;0;0;0;0;0;0;0;0;0;0;0
ejrChd9MHCSNvsT0GAZt;2025-05-22;Lanmoin der 3te;0;0;0;1;0;2;0;0;0;0;0;0;0;0;0;0
ejrChd9MHCSNvsT0GAZt;2025-05-22;Karel;0;14;23;26;0;17;0;0;0;0;0;0;0;0;0;0
ejrChd9MHCSNvsT0GAZt;2025-05-22;MIkl;0;0;0;0;0;0;0;0;0;0;0;0;0;0;0;0
ejrChd9MHCSNvsT0GAZt;2025-05-22;Seryoga;0;0;0;0;0;0;0;0;0;0;0;0;0;0;0;0
ejrChd9MHCSNvsT0GAZt;2025-05-22;morgaine;0;0;0;0;0;0;0;0;0;0;0;0;0;0;0;0
ejrChd9MHCSNvsT0GAZt;2025-05-22;Petrov val;0;5;0;1;0;2;0;0;0;0;0;0;0;0;0;0
ejrChd9MHCSNvsT0GAZt;2025-05-22;YurasiK;0;14;1;0;0;0;0;0;0;0;0;0;0;0;0;0
ejrChd9MHCSNvsT0GAZt;2025-05-22;Tehn;0;3;0;0;0;0;0;0;0;0;0;0;0;0;0;0
ejrChd9MHCSNvsT0GAZt;2025-05-22;Bluebird;0;0;0;0;0;0;0;0;0;0;0;0;0;0;0;0
ejrChd9MHCSNvsT0GAZt;2025-05-22;MELISA;0;5;3;0;0;0;0;0;0;0;0;0;0;0;0;0
ejrChd9MHCSNvsT0GAZt;2025-05-22;Fendis;0;11;2;3;0;0;0;0;0;0;0;0;0;0;0;0
ejrChd9MHCSNvsT0GAZt;2025-05-22;Miss Pelace;0;12;1;3;0;8;0;6;0;0;0;0;0;0;0;0
ejrChd9MHCSNvsT0GAZt;2025-05-22;Elsa;0;0;0;0;0;0;0;0;0;0;0;0;0;0;0;0
ejrChd9MHCSNvsT0GAZt;2025-05-22;Friedoline;1;5;0;1;0;0;0;0;1;0;0;0;0;0;0;0
ejrChd9MHCSNvsT0GAZt;2025-05-22;Mazura;0;3;0;0;0;0;0;0;0;0;0;0;0;0;0;0
ejrChd9MHCSNvsT0GAZt;2025-05-22;koi;0;7;0;0;0;14;0;0;0;0;0;0;0;0;0;0
ejrChd9MHCSNvsT0GAZt;2025-05-22;Lindis;0;6;2;2;0;2;0;0;0;0;0;0;0;0;0;0
ejrChd9MHCSNvsT0GAZt;2025-05-22;Barsian;0;0;0;0;0;0;0;0;0;0;0;0;0;0;0;0
ejrChd9MHCSNvsT0GAZt;2025-05-22;Frostterror;0;5;0;0;0;3;0;0;0;0;0;0;0;0;0;0
ejrChd9MHCSNvsT0GAZt;2025-05-22;WildMG;0;1;0;0;0;0;0;0;0;0;0;0;0;0;0;0
ejrChd9MHCSNvsT0GAZt;2025-05-22;Moginn;0;1;0;0;0;0;0;0;0;0;0;0;0;0;0;0
ejrChd9MHCSNvsT0GAZt;2025-05-22;Cerberus;0;2;0;1;0;0;0;0;0;0;0;0;0;0;0;0
ejrChd9MHCSNvsT0GAZt;2025-05-22;Perros;0;0;0;0;0;0;0;0;0;0;0;0;0;0;0;0
ejrChd9MHCSNvsT0GAZt;2025-05-22;Lanmoin der Kleine;0;0;0;0;0;0;0;0;0;0;0;0;0;0;0;0
ejrChd9MHCSNvsT0GAZt;2025-05-22;A R I S E;0;0;0;0;0;0;0;0;0;0;0;0;0;0;0;0
ejrChd9MHCSNvsT0GAZt;2025-05-22;Hulsa;0;7;0;0;0;4;0;0;0;0;0;0;0;0;0;0
ejrChd9MHCSNvsT0GAZt;2025-05-22;Ya kut;0;3;2;2;0;0;0;0;0;0;0;0;0;0;0;0
ejrChd9MHCSNvsT0GAZt;2025-05-22;steboulet;0;6;0;0;0;0;0;0;0;0;0;0;0;0;0;0
ejrChd9MHCSNvsT0GAZt;2025-05-22;Tigra;0;10;3;0;0;19;0;0;0;0;0;0;0;0;0;0
ejrChd9MHCSNvsT0GAZt;2025-05-22;Upasara Wulung;0;0;0;0;0;0;0;0;0;0;0;0;0;0;0;0
ejrChd9MHCSNvsT0GAZt;2025-05-22;Miaso;0;0;0;0;0;0;0;0;0;0;0;0;0;0;0;0
ejrChd9MHCSNvsT0GAZt;2025-05-22;ruda bestia;0;0;0;0;0;0;0;0;0;0;0;0;0;0;0;0
ejrChd9MHCSNvsT0GAZt;2025-05-22;BlueBird;0;0;0;0;0;0;0;0;0;0;0;0;0;0;0;0
ejrChd9MHCSNvsT0GAZt;2025-05-22;Eiskönigin;0;0;0;0;0;0;0;0;0;0;0;0;0;0;0;0
ejrChd9MHCSNvsT0GAZt;2025-05-22;Graf de lya Fer;0;0;0;0;0;0;0;0;0;0;0;0;0;0;0;0
ejrChd9MHCSNvsT0GAZt;2025-05-22;09MUSLERA09;0;2;0;0;0;0;0;0;0;0;0;0;0;0;0;0
ejrChd9MHCSNvsT0GAZt;2025-05-22;El Mosca;0;0;0;0;0;0;0;0;0;0;0;0;0;0;0;0
ejrChd9MHCSNvsT0GAZt;2025-05-22;Romazan;0;5;4;0;0;2;0;0;0;0;0;0;0;0;0;0
ejrChd9MHCSNvsT0GAZt;2025-05-22;Rover;0;10;2;1;0;12;0;0;0;0;0;0;0;0;0;0
ejrChd9MHCSNvsT0GAZt;2025-05-22;PizzaOnkel IV;0;0;0;0;0;0;0;0;0;0;0;0;0;0;0;0
ejrChd9MHCSNvsT0GAZt;2025-05-22;Gardashura;0;2;2;1;0;1;0;0;0;0;0;0;0;0;0;0
ejrChd9MHCSNvsT0GAZt;2025-05-22;Gustav Gans;0;0;0;0;0;0;0;0;0;0;0;0;0;0;0;0
ejrChd9MHCSNvsT0GAZt;2025-05-22;TrAiAnO 2;0;0;0;0;0;0;0;0;0;0;0;0;0;0;0;0
ejrChd9MHCSNvsT0GAZt;2025-05-22;Forondod;0;3;0;0;0;1;0;0;0;0;0;0;0;0;0;0
ejrChd9MHCSNvsT0GAZt;2025-05-22;Smotryaschij;0;0;0;0;0;0;0;0;0;0;0;0;0;0;0;0
ejrChd9MHCSNvsT0GAZt;2025-05-22;White Los;0;1;0;0;0;0;0;0;0;0;0;0;0;0;0;0
ejrChd9MHCSNvsT0GAZt;2025-05-22;Angelina 2;0;0;0;0;0;0;0;0;4;0;0;0;0;0;0;0
ejrChd9MHCSNvsT0GAZt;2025-05-22;DontReviveMe;0;0;0;0;0;0;0;0;0;0;0;0;0;0;0;0
ejrChd9MHCSNvsT0GAZt;2025-05-22;Zuzilkree;0;34;2;3;0;0;0;0;0;0;0;0;0;0;0;0
ejrChd9MHCSNvsT0GAZt;2025-05-22;FlockyRocky;0;0;0;0;0;0;0;0;0;0;0;0;0;0;0;0
ejrChd9MHCSNvsT0GAZt;2025-05-22;Nightfang;0;3;6;1;0;0;0;0;0;0;0;0;0;0;0;0
ejrChd9MHCSNvsT0GAZt;2025-05-22;Jannoz;0;0;2;0;0;0;0;0;0;0;0;0;0;0;0;0
ejrChd9MHCSNvsT0GAZt;2025-05-22;Mary Pili;1;0;0;0;0;13;0;0;0;0;0;0;0;0;0;0
ejrChd9MHCSNvsT0GAZt;2025-05-22;Buck Man;0;4;3;1;0;8;0;0;0;0;0;0;0;0;0;0
ejrChd9MHCSNvsT0GAZt;2025-05-22;Triano;0;0;0;0;0;0;0;0;0;0;0;0;0;0;0;0
ejrChd9MHCSNvsT0GAZt;2025-05-22;Rifur;0;0;0;0;0;0;0;0;0;0;0;0;0;0;0;0
ejrChd9MHCSNvsT0GAZt;2025-05-22;DerVerständnisvolle;0;0;0;0;0;0;0;0;0;0;0;0;0;0;0;0
ejrChd9MHCSNvsT0GAZt;2025-05-22;Drago;0;0;0;0;0;0;0;1;0;0;0;0;0;0;0;0
ejrChd9MHCSNvsT0GAZt;2025-05-22;Elgi;0;4;0;0;0;0;0;0;3;0;0;0;0;0;0;0
ejrChd9MHCSNvsT0GAZt;2025-05-22;Ivanhoe;0;0;0;0;0;0;0;0;0;0;0;0;0;0;0;0
ejrChd9MHCSNvsT0GAZt;2025-05-22;Danara;0;2;0;0;0;10;0;0;0;0;0;0;0;0;0;0
ejrChd9MHCSNvsT0GAZt;2025-05-22;Lord Rahl;0;0;0;0;0;0;0;0;0;0;0;0;0;0;0;0
ejrChd9MHCSNvsT0GAZt;2025-05-22;KlaxxoN;0;2;2;1;0;0;0;0;0;0;0;0;0;0;0;0
ejrChd9MHCSNvsT0GAZt;2025-05-22;Lassus;0;3;0;0;0;0;0;0;0;0;0;0;0;0;0;0
ejrChd9MHCSNvsT0GAZt;2025-05-22;kingchris;0;3;1;0;0;0;0;0;0;0;0;0;0;0;0;0
ejrChd9MHCSNvsT0GAZt;2025-05-22;Zepancadaria;0;3;2;0;0;0;0;0;0;0;0;0;0;0;0;0
ejrChd9MHCSNvsT0GAZt;2025-05-22;Shahanna;0;8;2;3;0;2;0;0;0;0;0;0;0;0;0;0
ejrChd9MHCSNvsT0GAZt;2025-05-22;Kobani;0;7;0;3;0;1;0;0;0;0;0;0;0;0;0;0
ejrChd9MHCSNvsT0GAZt;2025-05-22;Daijind;0;3;0;0;0;0;0;0;0;0;0;0;0;0;0;0
ejrChd9MHCSNvsT0GAZt;2025-05-22;Serdriilas;0;20;1;1;0;1;0;0;11;0;0;0;0;0;0;0
ejrChd9MHCSNvsT0GAZt;2025-05-22;Mikoikt;0;19;0;5;0;3;0;6;0;0;0;0;0;0;0;0
ejrChd9MHCSNvsT0GAZt;2025-05-22;SBzBy II;0;4;1;0;0;0;0;0;0;0;0;0;0;0;0;0
ejrChd9MHCSNvsT0GAZt;2025-05-22;Vakums;0;0;0;0;0;0;0;0;0;0;0;0;0;0;0;0
ejrChd9MHCSNvsT0GAZt;2025-05-22;Adoran;0;3;0;0;0;0;0;0;0;0;0;0;0;0;0;0
ejrChd9MHCSNvsT0GAZt;2025-05-22;Eragon;0;5;1;0;0;2;0;0;1;0;0;0;0;0;0;0
ejrChd9MHCSNvsT0GAZt;2025-05-22;Kantrius;0;20;5;0;0;3;0;0;0;0;0;0;0;0;0;0
ejrChd9MHCSNvsT0GAZt;2025-05-22;Heinrich der Löwe;0;0;0;0;0;0;0;0;0;0;0;0;0;0;0;0
ejrChd9MHCSNvsT0GAZt;2025-05-22;Wichtel Fichtel;0;0;0;0;0;0;0;0;0;0;0;0;0;0;0;0
fzJ1dTgLF5Cex9v7bgoF;2025-06-09;koi;0;1;0;1;0;4;0;0;0;0;0;0;0;0;0;0
fzJ1dTgLF5Cex9v7bgoF;2025-06-09;Ya kut;0;0;0;0;0;0;0;0;0;0;0;0;0;0;0;0
fzJ1dTgLF5Cex9v7bgoF;2025-06-09;PizzaOnkel IV;0;0;0;0;0;0;0;0;0;0;0;0;0;0;0;0
fzJ1dTgLF5Cex9v7bgoF;2025-06-09;Eragon;0;5;0;1;0;0;0;0;0;0;0;0;0;0;0;0
fzJ1dTgLF5Cex9v7bgoF;2025-06-09;Perros;0;0;0;0;0;0;0;0;0;0;0;0;0;0;0;0
fzJ1dTgLF5Cex9v7bgoF;2025-06-09;Danara;0;0;0;0;0;0;0;0;0;0;0;0;0;0;0;0
fzJ1dTgLF5Cex9v7bgoF;2025-06-09;Buck Man;0;3;1;0;0;0;0;0;0;0;0;0;0;0;0;0
fzJ1dTgLF5Cex9v7bgoF;2025-06-09;Heinrich der Löwe;0;0;0;0;0;0;0;0;0;0;0;0;0;0;0;0
fzJ1dTgLF5Cex9v7bgoF;2025-06-09;Serdriilas;0;0;0;0;0;0;0;0;0;0;0;0;0;0;0;0
fzJ1dTgLF5Cex9v7bgoF;2025-06-09;Adoran;0;1;0;0;0;0;0;0;0;0;0;0;0;0;0;0
fzJ1dTgLF5Cex9v7bgoF;2025-06-09;Moginn;0;0;0;0;0;0;0;0;0;0;0;0;0;0;0;0
fzJ1dTgLF5Cex9v7bgoF;2025-06-09;Brodyaga;0;0;0;0;0;0;0;0;0;0;0;0;0;0;0;0
fzJ1dTgLF5Cex9v7bgoF;2025-06-09;WildMG;0;0;0;0;0;0;0;0;0;0;0;0;0;0;0;0
fzJ1dTgLF5Cex9v7bgoF;2025-06-09;Mikoikt;0;0;0;0;0;0;0;0;0;0;0;0;0;0;0;0
fzJ1dTgLF5Cex9v7bgoF;2025-06-09;El Mosca;0;0;0;0;0;0;0;0;0;0;0;0;0;0;0;0
fzJ1dTgLF5Cex9v7bgoF;2025-06-09;Jackal;0;1;0;0;0;0;0;0;0;0;0;0;0;0;0;0
fzJ1dTgLF5Cex9v7bgoF;2025-06-09;Mazura;0;0;0;0;0;0;0;0;0;0;0;0;0;0;0;0
fzJ1dTgLF5Cex9v7bgoF;2025-06-09;Kantrius;0;10;0;0;0;0;0;0;0;0;0;0;0;0;0;0
fzJ1dTgLF5Cex9v7bgoF;2025-06-09;Mary Pili;0;0;0;0;0;0;0;0;0;0;0;0;0;0;0;0
fzJ1dTgLF5Cex9v7bgoF;2025-06-09;Fray;0;2;0;0;0;0;0;0;0;0;0;0;0;0;0;0
fzJ1dTgLF5Cex9v7bgoF;2025-06-09;Karel;0;0;0;0;0;0;0;0;0;0;0;0;0;0;0;0
fzJ1dTgLF5Cex9v7bgoF;2025-06-09;Drago;0;0;0;0;0;0;0;0;0;0;0;0;0;0;0;0
fzJ1dTgLF5Cex9v7bgoF;2025-06-09;Elsa;0;0;0;0;0;0;0;0;0;0;0;0;0;0;0;0
fzJ1dTgLF5Cex9v7bgoF;2025-06-09;Lassus;0;0;0;0;0;0;0;0;0;0;0;0;0;0;0;0
fzJ1dTgLF5Cex9v7bgoF;2025-06-09;Frostterror;0;0;0;0;0;0;0;0;0;0;0;0;0;0;0;0
fzJ1dTgLF5Cex9v7bgoF;2025-06-09;Petrov val;0;0;0;0;0;0;0;0;0;0;0;0;0;0;0;0
fzJ1dTgLF5Cex9v7bgoF;2025-06-09;Nightwulf;0;0;0;0;0;0;0;0;0;0;0;0;0;0;0;0
fzJ1dTgLF5Cex9v7bgoF;2025-06-09;Donald Duck;0;0;0;0;0;0;0;0;0;0;0;0;0;0;0;0
fzJ1dTgLF5Cex9v7bgoF;2025-06-09;Gardashura;0;0;0;0;0;0;0;0;0;0;0;0;0;0;0;0
fzJ1dTgLF5Cex9v7bgoF;2025-06-09;Manhor;0;0;0;0;0;0;0;0;0;0;0;0;0;0;0;0
fzJ1dTgLF5Cex9v7bgoF;2025-06-09;Nightfang;0;1;0;0;0;2;0;0;0;0;0;0;0;0;0;0
fzJ1dTgLF5Cex9v7bgoF;2025-06-09;Shahanna;0;0;0;0;0;0;0;0;0;0;0;0;0;0;0;0
fzJ1dTgLF5Cex9v7bgoF;2025-06-09;DerVerständnisvolle;0;0;0;0;0;0;0;0;0;0;0;0;0;0;0;0
fzJ1dTgLF5Cex9v7bgoF;2025-06-09;Rifur;0;0;0;0;0;0;0;0;0;0;0;0;0;0;0;0
fzJ1dTgLF5Cex9v7bgoF;2025-06-09;Tehn;0;0;0;0;0;0;0;0;0;0;0;0;0;0;0;0
fzJ1dTgLF5Cex9v7bgoF;2025-06-09;Lanmoin der 3te;0;0;0;0;0;0;0;0;0;0;0;0;0;0;0;0
fzJ1dTgLF5Cex9v7bgoF;2025-06-09;Vakums;0;1;0;0;0;0;0;0;0;0;0;0;0;0;0;0
fzJ1dTgLF5Cex9v7bgoF;2025-06-09;Forondod;0;0;1;0;0;0;0;0;0;0;0;0;0;0;0;0
fzJ1dTgLF5Cex9v7bgoF;2025-06-09;roger;1;2;0;0;0;0;0;0;0;0;0;0;0;0;0;0
fzJ1dTgLF5Cex9v7bgoF;2025-06-09;Barsian;0;0;1;0;0;0;0;0;0;0;0;0;0;0;0;0
fzJ1dTgLF5Cex9v7bgoF;2025-06-09;steboulet 2;0;0;0;0;0;0;0;0;0;0;0;0;0;0;0;0
fzJ1dTgLF5Cex9v7bgoF;2025-06-09;KlaxxoN;0;0;0;0;0;1;0;0;0;0;0;0;0;0;0;0
fzJ1dTgLF5Cex9v7bgoF;2025-06-09;kingchris;0;0;0;0;0;0;0;0;0;0;0;0;0;0;0;0
fzJ1dTgLF5Cex9v7bgoF;2025-06-09;Lanmoin der Kleine;0;0;0;0;0;0;0;0;0;0;0;0;0;0;0;0
fzJ1dTgLF5Cex9v7bgoF;2025-06-09;Fendis;0;0;0;0;0;0;0;0;0;0;0;0;0;0;0;0
fzJ1dTgLF5Cex9v7bgoF;2025-06-09;Zepancadaria;0;0;0;0;0;0;0;0;0;0;0;0;0;0;0;0
fzJ1dTgLF5Cex9v7bgoF;2025-06-09;Seryoga;0;0;0;0;0;0;0;0;0;0;0;0;0;0;0;0
fzJ1dTgLF5Cex9v7bgoF;2025-06-09;Egli;0;0;0;0;0;0;0;0;0;0;0;0;0;0;0;0
fzJ1dTgLF5Cex9v7bgoF;2025-06-09;Ivanhoe;0;0;0;0;0;0;0;0;0;0;0;0;0;0;0;0
fzJ1dTgLF5Cex9v7bgoF;2025-06-09;SBzBy ll;0;0;0;0;0;0;0;0;0;0;0;0;0;0;0;0
fzJ1dTgLF5Cex9v7bgoF;2025-06-09;Upasara Wulung;0;0;0;0;0;0;0;0;0;0;0;0;0;0;0;0
fzJ1dTgLF5Cex9v7bgoF;2025-06-09;MELISA;0;0;0;0;0;0;0;0;0;0;0;0;0;0;0;0
fzJ1dTgLF5Cex9v7bgoF;2025-06-09;Tigra;0;1;0;0;0;0;0;0;0;0;0;0;0;0;0;0
fzJ1dTgLF5Cex9v7bgoF;2025-06-09;Hexe Kaukau;0;0;0;0;0;0;0;0;0;0;0;0;0;0;0;0
fzJ1dTgLF5Cex9v7bgoF;2025-06-09;MIkl;0;0;0;0;0;0;0;0;0;0;0;0;0;0;0;0
fzJ1dTgLF5Cex9v7bgoF;2025-06-09;kuromi;0;0;0;0;0;0;0;0;0;0;0;0;0;0;0;0
fzJ1dTgLF5Cex9v7bgoF;2025-06-09;Daijind;0;0;1;0;0;0;0;0;0;0;0;0;0;0;0;0
fzJ1dTgLF5Cex9v7bgoF;2025-06-09;Eiskönigin;0;0;0;0;0;0;0;0;0;0;0;0;0;0;0;0
fzJ1dTgLF5Cex9v7bgoF;2025-06-09;Nimduen;0;0;0;0;0;0;0;0;0;0;0;0;0;0;0;0
fzJ1dTgLF5Cex9v7bgoF;2025-06-09;Miaso;0;0;0;0;0;0;0;0;0;0;0;0;0;0;0;0
fzJ1dTgLF5Cex9v7bgoF;2025-06-09;Kobani;0;0;0;0;0;0;0;0;0;0;0;0;0;0;0;0
fzJ1dTgLF5Cex9v7bgoF;2025-06-09;TrAIANO 2;0;0;0;0;0;0;0;0;0;0;0;0;0;0;0;0
fzJ1dTgLF5Cex9v7bgoF;2025-06-09;Traiano;0;0;0;0;0;0;0;0;0;0;0;0;0;0;0;0
fzJ1dTgLF5Cex9v7bgoF;2025-06-09;YurasiK;0;0;0;0;0;0;0;0;0;0;0;0;0;0;0;0
fzJ1dTgLF5Cex9v7bgoF;2025-06-09;Jannoz;0;0;0;0;0;0;0;0;0;0;0;0;0;0;0;0
fzJ1dTgLF5Cex9v7bgoF;2025-06-09;Miss Pelace;0;1;0;0;0;0;0;0;0;0;0;0;0;0;0;0
fzJ1dTgLF5Cex9v7bgoF;2025-06-09;Zuzilkree;0;1;0;0;0;0;0;0;0;0;0;0;0;0;0;0
fzJ1dTgLF5Cex9v7bgoF;2025-06-09;SIR Bussi zu Bayern;0;0;0;0;0;0;0;0;0;0;0;0;0;0;0;0
fzJ1dTgLF5Cex9v7bgoF;2025-06-09;Kupriyanych;0;0;0;0;0;0;0;0;0;0;0;0;0;0;0;0
fzJ1dTgLF5Cex9v7bgoF;2025-06-09;NikolajDNK;0;0;0;0;0;0;0;0;0;0;0;0;0;0;0;0
fzJ1dTgLF5Cex9v7bgoF;2025-06-09;White Los;0;0;0;0;0;0;0;0;0;0;0;0;0;0;0;0
fzJ1dTgLF5Cex9v7bgoF;2025-06-09;Gocha;0;0;0;0;0;0;0;0;0;0;0;0;0;0;0;0
fzJ1dTgLF5Cex9v7bgoF;2025-06-09;Romazan;0;0;0;0;0;0;0;0;0;0;0;0;0;0;0;0
fzJ1dTgLF5Cex9v7bgoF;2025-06-09;Friedoline;0;0;0;0;0;0;0;0;0;0;0;0;0;0;0;0
fzJ1dTgLF5Cex9v7bgoF;2025-06-09;Gustav Gans;0;0;0;0;0;0;0;0;0;0;0;0;0;0;0;0
fzJ1dTgLF5Cex9v7bgoF;2025-06-09;Hulsa;0;50;0;0;0;0;0;0;0;0;0;0;0;0;0;0
fzJ1dTgLF5Cex9v7bgoF;2025-06-09;BlueBird;0;0;0;0;0;0;0;0;0;0;0;0;0;0;0;0
fzJ1dTgLF5Cex9v7bgoF;2025-06-09;steboulet;0;0;0;0;0;0;0;0;0;0;0;0;0;0;0;0
fzJ1dTgLF5Cex9v7bgoF;2025-06-09;Rover;0;1;0;0;0;1;0;0;0;0;0;0;0;0;0;0
fzJ1dTgLF5Cex9v7bgoF;2025-06-09;Bluebird;0;0;0;0;0;0;0;0;0;0;0;0;0;0;0;0
fzJ1dTgLF5Cex9v7bgoF;2025-06-09;Rein;0;0;0;0;0;0;0;0;0;0;0;0;0;0;0;0
fzJ1dTgLF5Cex9v7bgoF;2025-06-09;Lindis;0;104;1;0;0;0;0;0;0;0;0;0;0;0;0;0
fzJ1dTgLF5Cex9v7bgoF;2025-06-09;Cerberus;0;0;0;0;0;0;0;0;0;0;0;0;0;0;0;0
fzJ1dTgLF5Cex9v7bgoF;2025-06-09;Lord Rahl;0;0;0;0;0;0;0;0;0;0;0;0;0;0;0;0
fzJ1dTgLF5Cex9v7bgoF;2025-06-09;T-34;0;0;0;0;0;0;0;0;0;0;0;0;0;0;0;0
ejrChd9MHCSNvsT0GAZt;2025-05-23;Rein;0;0;10;10;0;15;0;0;0;0;0;0;0;0;0;0
ejrChd9MHCSNvsT0GAZt;2025-05-23;Ya kut;0;0;0;0;0;0;0;0;0;0;0;0;0;0;0;0
ejrChd9MHCSNvsT0GAZt;2025-05-23;steboulet;0;0;0;0;0;0;0;0;0;0;0;0;0;0;0;0
ejrChd9MHCSNvsT0GAZt;2025-05-23;morgaine;2;1;0;0;0;0;0;0;1;0;0;0;0;0;0;0
ejrChd9MHCSNvsT0GAZt;2025-05-23;Eiskönigin;0;0;0;0;0;0;0;0;0;0;0;0;0;0;0;0
ejrChd9MHCSNvsT0GAZt;2025-05-23;Mazura;0;0;0;0;0;0;0;0;0;0;0;0;0;0;0;0
ejrChd9MHCSNvsT0GAZt;2025-05-23;Karel;0;11;22;22;0;3;0;0;0;0;0;0;0;0;0;0
ejrChd9MHCSNvsT0GAZt;2025-05-23;White Los;0;0;0;0;0;0;0;0;0;0;0;0;0;0;0;0
ejrChd9MHCSNvsT0GAZt;2025-05-23;Drago;0;0;0;0;0;0;0;0;0;0;0;0;0;0;0;0
ejrChd9MHCSNvsT0GAZt;2025-05-23;Lindis;0;7;1;0;0;5;0;0;0;0;0;0;0;0;0;0
ejrChd9MHCSNvsT0GAZt;2025-05-23;Friedoline;0;2;0;1;0;0;0;0;1;0;0;0;0;0;0;0
ejrChd9MHCSNvsT0GAZt;2025-05-23;Vakums;0;3;0;0;0;0;0;0;0;0;0;0;0;0;0;0
ejrChd9MHCSNvsT0GAZt;2025-05-23;Zuzilkree;0;4;0;0;0;0;0;0;0;0;0;0;0;0;0;0
ejrChd9MHCSNvsT0GAZt;2025-05-23;Hulsa;0;8;0;0;0;5;0;0;0;0;0;0;0;0;0;0
ejrChd9MHCSNvsT0GAZt;2025-05-23;Perros;0;20;11;0;0;7;0;0;0;0;0;0;0;0;0;0
ejrChd9MHCSNvsT0GAZt;2025-05-23;Cerberus;1;2;0;0;0;0;0;0;0;0;0;0;0;0;0;0
ejrChd9MHCSNvsT0GAZt;2025-05-23;KlaxxoN;0;0;1;0;0;0;0;0;0;0;0;0;0;0;0;0
ejrChd9MHCSNvsT0GAZt;2025-05-23;Elgi;0;0;0;0;0;0;0;0;0;0;0;0;0;0;0;0
ejrChd9MHCSNvsT0GAZt;2025-05-23;Fendis;0;8;0;0;0;0;0;0;0;0;0;0;0;0;0;0
ejrChd9MHCSNvsT0GAZt;2025-05-23;Forondod;0;0;0;0;0;0;0;0;0;0;0;0;0;0;0;0
ejrChd9MHCSNvsT0GAZt;2025-05-23;09MUSLERA09;0;0;0;0;0;0;0;0;0;0;0;0;0;0;0;0
ejrChd9MHCSNvsT0GAZt;2025-05-23;Triano;0;4;0;0;0;0;0;0;0;0;0;0;0;0;0;0
ejrChd9MHCSNvsT0GAZt;2025-05-23;BlueBird;0;0;0;0;0;0;0;0;2;0;0;0;0;0;0;0
ejrChd9MHCSNvsT0GAZt;2025-05-23;TrAiAnO 2;0;0;0;0;0;0;0;0;0;0;0;0;0;0;0;0
ejrChd9MHCSNvsT0GAZt;2025-05-23;Tehn;0;3;0;0;0;0;0;0;0;0;0;0;0;0;0;0
ejrChd9MHCSNvsT0GAZt;2025-05-23;YurasiK;0;5;1;0;0;0;0;0;0;0;0;0;0;0;0;0
ejrChd9MHCSNvsT0GAZt;2025-05-23;A R I S E;0;0;0;0;0;0;0;0;0;0;0;0;0;0;0;0
ejrChd9MHCSNvsT0GAZt;2025-05-23;Ivanhoe;0;2;1;1;0;0;0;0;0;0;0;0;0;0;0;0
ejrChd9MHCSNvsT0GAZt;2025-05-23;Kantrius;0;0;0;0;0;0;0;0;0;0;0;0;0;0;0;0
ejrChd9MHCSNvsT0GAZt;2025-05-23;Petrov val;0;3;0;0;0;0;0;0;0;0;0;0;0;0;0;0
ejrChd9MHCSNvsT0GAZt;2025-05-23;NikolajDNK;0;0;0;0;0;0;0;0;0;0;0;0;0;0;0;0
ejrChd9MHCSNvsT0GAZt;2025-05-23;Zepancadaria;0;0;0;0;0;0;0;0;0;0;0;0;0;0;0;0
ejrChd9MHCSNvsT0GAZt;2025-05-23;Eragon;0;9;0;0;0;0;0;0;0;0;0;0;0;0;0;0
ejrChd9MHCSNvsT0GAZt;2025-05-23;Angelina 2;2;3;0;2;0;0;0;0;1;0;0;0;0;0;0;0
ejrChd9MHCSNvsT0GAZt;2025-05-23;Graf de lya Fer;0;0;0;0;0;0;0;0;0;0;0;0;0;0;0;0
ejrChd9MHCSNvsT0GAZt;2025-05-23;Mary Pili;0;0;0;0;0;2;0;0;0;0;0;0;0;0;0;0
ejrChd9MHCSNvsT0GAZt;2025-05-23;Miss Pelace;0;0;0;0;0;0;0;10;0;0;0;0;0;0;0;0
ejrChd9MHCSNvsT0GAZt;2025-05-23;Miaso;0;0;0;0;0;0;0;0;0;0;0;0;0;0;0;0
ejrChd9MHCSNvsT0GAZt;2025-05-23;Mikoikt;0;0;0;0;0;0;0;0;0;0;0;0;0;0;0;0
ejrChd9MHCSNvsT0GAZt;2025-05-23;Gustav Gans;0;0;0;0;0;0;0;0;0;0;0;0;0;0;0;0
ejrChd9MHCSNvsT0GAZt;2025-05-23;Kobani;0;1;1;0;0;0;0;0;0;0;0;0;0;0;0;0
ejrChd9MHCSNvsT0GAZt;2025-05-23;ruda bestia;0;0;0;0;0;0;0;0;0;0;0;0;0;0;0;0
ejrChd9MHCSNvsT0GAZt;2025-05-23;Serdriilas;0;14;0;4;0;0;0;3;4;0;0;0;0;0;0;0
ejrChd9MHCSNvsT0GAZt;2025-05-23;Shahanna;0;0;0;0;0;0;0;0;0;0;0;0;0;0;0;0
ejrChd9MHCSNvsT0GAZt;2025-05-23;Jackal;0;2;0;0;0;0;0;0;0;0;0;0;0;0;0;0
ejrChd9MHCSNvsT0GAZt;2025-05-23;PizzaOnkel IV;0;0;0;0;0;0;0;0;0;0;0;0;0;0;0;0
ejrChd9MHCSNvsT0GAZt;2025-05-23;steboulet 2;0;0;0;0;0;0;0;0;0;0;0;0;0;0;0;0
ejrChd9MHCSNvsT0GAZt;2025-05-23;MELISA;1;10;0;0;0;0;0;0;0;0;0;0;0;0;0;0
ejrChd9MHCSNvsT0GAZt;2025-05-23;Rifur;0;3;1;0;0;0;0;0;0;0;0;0;0;0;0;0
ejrChd9MHCSNvsT0GAZt;2025-05-23;MIkl;0;0;0;0;0;0;0;0;0;0;0;0;0;0;0;0
ejrChd9MHCSNvsT0GAZt;2025-05-23;Jannoz;0;3;0;0;0;0;0;0;0;0;0;0;0;0;0;0
ejrChd9MHCSNvsT0GAZt;2025-05-23;Bluebird;0;0;0;0;0;0;0;0;2;0;0;0;0;0;0;0
ejrChd9MHCSNvsT0GAZt;2025-05-23;Danara;0;0;0;0;0;0;0;0;1;0;0;0;0;0;0;0
ejrChd9MHCSNvsT0GAZt;2025-05-23;Adoran;0;3;4;1;0;0;0;0;0;0;0;0;0;0;0;0
ejrChd9MHCSNvsT0GAZt;2025-05-23;koi;1;22;1;3;0;17;0;0;1;0;0;0;0;0;0;0
ejrChd9MHCSNvsT0GAZt;2025-05-23;DerVerständnisvolle;0;0;0;0;0;0;0;0;0;0;0;0;0;0;0;0
ejrChd9MHCSNvsT0GAZt;2025-05-23;Tigra;0;17;5;1;0;6;0;0;0;0;0;0;0;0;0;0
ejrChd9MHCSNvsT0GAZt;2025-05-23;Frostterror;0;5;0;0;0;0;0;0;0;0;0;0;0;0;0;0
ejrChd9MHCSNvsT0GAZt;2025-05-23;Lord Rahl;0;0;0;0;0;0;0;0;0;0;0;0;0;0;0;0
ejrChd9MHCSNvsT0GAZt;2025-05-23;Nightfang;0;3;1;2;0;0;0;0;0;0;0;0;0;0;0;0
ejrChd9MHCSNvsT0GAZt;2025-05-23;Upasara Wulung;0;0;0;0;0;0;0;0;0;0;0;0;0;0;0;0
ejrChd9MHCSNvsT0GAZt;2025-05-23;El Mosca;0;0;0;1;0;0;0;0;0;0;0;0;0;0;0;0
ejrChd9MHCSNvsT0GAZt;2025-05-23;Lassus;0;1;0;0;0;0;0;0;0;0;0;0;0;0;0;0
ejrChd9MHCSNvsT0GAZt;2025-05-23;Rover;0;5;2;2;0;6;0;0;0;0;0;0;0;0;0;0
ejrChd9MHCSNvsT0GAZt;2025-05-23;Lanmoin der 3te;0;0;5;0;0;0;0;0;0;0;0;0;0;0;0;0
ejrChd9MHCSNvsT0GAZt;2025-05-23;Romazan;0;6;7;2;0;15;0;0;0;0;0;0;0;0;0;0
ejrChd9MHCSNvsT0GAZt;2025-05-23;Lanmoin der Kleine;0;0;0;0;0;0;0;0;0;0;0;0;0;0;0;0
ejrChd9MHCSNvsT0GAZt;2025-05-23;Wichtel Fichtel;0;0;0;0;0;0;0;0;0;0;0;0;0;0;0;0
ejrChd9MHCSNvsT0GAZt;2025-05-23;Smotryaschij;0;0;0;0;0;0;0;0;0;0;0;0;0;0;0;0
ejrChd9MHCSNvsT0GAZt;2025-05-23;Moginn;0;5;1;0;0;0;0;0;0;0;0;0;0;0;0;0
ejrChd9MHCSNvsT0GAZt;2025-05-23;Buck Man;0;9;0;3;0;18;0;0;3;0;0;0;0;0;0;0
ejrChd9MHCSNvsT0GAZt;2025-05-23;Seryoga;0;0;0;0;0;0;0;0;0;0;0;0;0;0;0;0
ejrChd9MHCSNvsT0GAZt;2025-05-23;DontReviveMe;0;0;0;0;0;0;0;0;0;0;0;0;0;0;0;0
ejrChd9MHCSNvsT0GAZt;2025-05-23;Daijind;0;0;0;0;0;0;0;0;0;0;0;0;0;0;0;0
ejrChd9MHCSNvsT0GAZt;2025-05-23;Heinrich der Löwe;3;42;10;5;0;0;0;0;0;0;0;0;0;0;0;0
ejrChd9MHCSNvsT0GAZt;2025-05-23;Gardashura;1;6;0;3;0;0;0;0;0;0;0;0;0;0;0;0
ejrChd9MHCSNvsT0GAZt;2025-05-23;WildMG;0;1;1;1;0;0;0;0;0;0;0;0;0;0;0;0
ejrChd9MHCSNvsT0GAZt;2025-05-23;FlockyRocky;0;0;0;0;0;0;0;0;0;0;0;0;0;0;0;0
ejrChd9MHCSNvsT0GAZt;2025-05-23;Elsa;0;0;0;0;0;0;0;0;0;0;0;0;0;0;0;0
ejrChd9MHCSNvsT0GAZt;2025-05-23;T-34;0;3;0;0;0;0;0;0;1;0;0;0;0;0;0;0
ejrChd9MHCSNvsT0GAZt;2025-05-23;SBzBy II;0;4;3;0;0;0;0;6;1;0;0;0;0;0;0;0
ejrChd9MHCSNvsT0GAZt;2025-05-23;kingchris;0;8;0;1;0;0;0;0;0;0;0;0;0;0;0;0
ejrChd9MHCSNvsT0GAZt;2025-05-23;Barsian;0;0;0;0;0;0;0;0;0;0;0;0;0;0;0;0
ejrChd9MHCSNvsT0GAZt;2025-05-23;Kupriyanych;0;5;0;0;0;0;0;0;0;0;0;0;0;0;0;0
ejrChd9MHCSNvsT0GAZt;2025-05-21;Frostterror;1;19;3;2;0;7;0;0;0;0;0;0;0;0;0;0
ejrChd9MHCSNvsT0GAZt;2025-05-21;Rover;0;9;3;3;0;9;0;0;0;0;0;0;0;0;0;0
ejrChd9MHCSNvsT0GAZt;2025-05-21;Kobani;0;0;0;0;0;0;0;0;0;0;0;0;0;0;0;0
ejrChd9MHCSNvsT0GAZt;2025-05-21;FlockyRocky;0;0;0;0;0;0;0;1;0;0;0;0;0;0;0;0
ejrChd9MHCSNvsT0GAZt;2025-05-21;Tigra;0;10;2;0;0;4;0;0;0;0;0;0;0;0;0;0
ejrChd9MHCSNvsT0GAZt;2025-05-21;BlueBird;0;0;0;0;0;0;0;0;0;0;0;0;0;0;0;0
ejrChd9MHCSNvsT0GAZt;2025-05-21;Elgi;0;0;0;0;0;0;0;0;0;0;0;0;0;0;0;0
ejrChd9MHCSNvsT0GAZt;2025-05-21;Vakums;0;7;2;1;0;0;0;6;0;0;0;0;0;0;0;0
ejrChd9MHCSNvsT0GAZt;2025-05-21;Gustav Gans;0;0;0;4;0;0;0;0;0;0;0;0;0;0;0;0
ejrChd9MHCSNvsT0GAZt;2025-05-21;DontReviveMe;0;0;0;0;0;0;0;0;0;0;0;0;0;0;0;0
ejrChd9MHCSNvsT0GAZt;2025-05-21;Bluebird;0;0;0;0;0;0;0;0;0;0;0;0;0;0;0;0
ejrChd9MHCSNvsT0GAZt;2025-05-21;Jackal;1;3;0;0;0;2;0;0;0;0;0;0;0;0;0;0
ejrChd9MHCSNvsT0GAZt;2025-05-21;Ivanhoe;0;3;0;0;0;0;0;0;0;0;0;0;0;0;0;0
ejrChd9MHCSNvsT0GAZt;2025-05-21;Gardashura;0;0;0;0;0;0;0;0;0;0;0;0;0;1;0;0
ejrChd9MHCSNvsT0GAZt;2025-05-21;White Los;0;0;0;0;0;0;0;0;0;0;0;0;0;0;0;0
ejrChd9MHCSNvsT0GAZt;2025-05-21;Forondod;0;3;1;1;0;0;0;0;0;0;0;0;0;1;0;0
ejrChd9MHCSNvsT0GAZt;2025-05-21;Mikoikt;0;3;2;0;0;0;0;0;0;0;0;0;0;0;0;0
ejrChd9MHCSNvsT0GAZt;2025-05-21;Wichtel Fichtel;0;0;0;0;0;0;0;0;0;0;0;0;0;0;0;0
ejrChd9MHCSNvsT0GAZt;2025-05-21;Rifur;1;3;0;0;0;0;0;0;0;0;0;0;0;0;0;0
ejrChd9MHCSNvsT0GAZt;2025-05-21;MIkl;0;0;0;0;0;0;0;0;0;0;0;0;0;0;0;0
ejrChd9MHCSNvsT0GAZt;2025-05-21;Karel;0;3;0;19;0;41;0;0;0;0;0;0;0;0;0;0
ejrChd9MHCSNvsT0GAZt;2025-05-21;ruda bestia;0;0;0;0;0;0;0;0;0;0;0;0;0;0;0;0
ejrChd9MHCSNvsT0GAZt;2025-05-21;El Mosca;0;0;0;0;0;0;0;0;0;0;0;0;0;0;0;0
ejrChd9MHCSNvsT0GAZt;2025-05-21;Shahanna;0;7;4;4;0;2;0;0;0;0;0;0;0;0;0;0
ejrChd9MHCSNvsT0GAZt;2025-05-21;Lanmoin der Kleine;0;0;0;0;0;0;0;0;0;0;0;0;0;0;0;0
ejrChd9MHCSNvsT0GAZt;2025-05-21;Romazan;0;6;0;0;0;0;0;0;0;0;0;0;0;0;0;0
ejrChd9MHCSNvsT0GAZt;2025-05-21;NikolajDNK;0;0;0;0;0;0;0;0;0;0;0;0;0;0;0;0
ejrChd9MHCSNvsT0GAZt;2025-05-21;Moginn;0;18;1;2;0;0;0;0;0;0;0;0;0;0;0;0
ejrChd9MHCSNvsT0GAZt;2025-05-21;Smotryaschij;0;0;0;0;0;0;0;0;0;0;0;0;0;0;0;0
ejrChd9MHCSNvsT0GAZt;2025-05-21;Jannoz;0;5;0;0;0;0;0;0;0;0;0;0;0;0;0;0
ejrChd9MHCSNvsT0GAZt;2025-05-21;KlaxxoN;0;5;1;1;0;0;0;0;0;0;0;0;0;1;0;0
ejrChd9MHCSNvsT0GAZt;2025-05-21;Elsa;0;0;0;0;0;0;0;0;0;0;0;0;0;0;0;0
ejrChd9MHCSNvsT0GAZt;2025-05-21;Eragon;0;17;30;2;0;0;0;0;0;0;0;0;0;0;0;0
ejrChd9MHCSNvsT0GAZt;2025-05-21;Mary Pili;0;0;0;0;0;11;0;0;0;0;0;0;0;0;0;0
ejrChd9MHCSNvsT0GAZt;2025-05-21;DerVerständnisvolle;0;0;0;0;0;0;0;0;0;0;0;0;0;0;0;0
ejrChd9MHCSNvsT0GAZt;2025-05-21;Upasara Wulung;0;0;0;0;0;0;0;0;0;0;0;0;0;4;0;0
ejrChd9MHCSNvsT0GAZt;2025-05-21;Lanmoin der 3te;0;3;0;0;0;1;0;0;0;0;0;0;0;0;0;0
ejrChd9MHCSNvsT0GAZt;2025-05-21;Serdriilas;0;23;2;3;0;0;0;0;0;0;0;0;0;0;0;0
ejrChd9MHCSNvsT0GAZt;2025-05-21;Daijind;0;3;0;0;0;0;0;0;0;0;0;0;0;0;0;0
ejrChd9MHCSNvsT0GAZt;2025-05-21;Graf de lya Fer;0;0;0;0;0;0;0;0;0;0;0;0;0;0;0;0
ejrChd9MHCSNvsT0GAZt;2025-05-21;Tehn;0;0;0;0;0;0;0;0;0;0;0;0;0;0;0;0
ejrChd9MHCSNvsT0GAZt;2025-05-21;kingchris;0;3;0;0;0;0;0;0;0;0;0;0;0;0;0;0
ejrChd9MHCSNvsT0GAZt;2025-05-21;Petrov val;0;21;0;0;0;0;0;0;0;0;0;0;0;11;0;0
ejrChd9MHCSNvsT0GAZt;2025-05-21;Eiskönigin;0;0;0;0;0;0;0;0;0;0;0;0;0;0;0;0
ejrChd9MHCSNvsT0GAZt;2025-05-21;Seryoga;0;0;0;0;0;0;0;0;0;0;0;0;0;0;0;0
ejrChd9MHCSNvsT0GAZt;2025-05-21;koi;0;3;0;0;0;5;0;0;0;0;0;0;0;0;0;0
ejrChd9MHCSNvsT0GAZt;2025-05-21;Miss Pelace;0;0;0;0;0;0;0;0;0;0;0;0;0;0;0;0
ejrChd9MHCSNvsT0GAZt;2025-05-21;Lord Rahl;0;0;0;0;0;0;0;0;0;0;0;0;0;0;0;0
ejrChd9MHCSNvsT0GAZt;2025-05-21;Danara;0;7;2;2;0;6;1;0;0;2;0;0;0;0;0;0
ejrChd9MHCSNvsT0GAZt;2025-05-21;Hulsa;0;6;0;0;0;1;0;0;0;0;0;0;0;0;0;0
ejrChd9MHCSNvsT0GAZt;2025-05-21;Barsian;0;0;0;0;0;0;0;0;0;0;0;0;0;0;0;0
ejrChd9MHCSNvsT0GAZt;2025-05-21;WildMG;0;6;5;1;0;0;0;0;0;0;0;0;0;0;0;0
ejrChd9MHCSNvsT0GAZt;2025-05-21;A R I S E;0;0;0;0;0;0;0;0;0;0;0;0;0;0;0;0
ejrChd9MHCSNvsT0GAZt;2025-05-21;Adoran;0;1;2;0;0;0;0;0;0;0;0;0;0;0;0;0
ejrChd9MHCSNvsT0GAZt;2025-05-21;Friedoline;0;7;0;2;0;0;0;0;0;0;0;0;0;0;0;0
ejrChd9MHCSNvsT0GAZt;2025-05-21;Ya kut;0;21;0;0;0;0;0;0;0;0;0;0;0;0;0;0
ejrChd9MHCSNvsT0GAZt;2025-05-21;YurasiK;0;5;2;0;0;0;0;0;0;0;0;0;0;0;0;0
ejrChd9MHCSNvsT0GAZt;2025-05-21;Mazura;4;2;0;0;0;0;0;0;0;0;0;0;0;0;0;0
ejrChd9MHCSNvsT0GAZt;2025-05-21;SBzBy II;0;7;0;2;0;0;0;0;0;0;0;0;0;0;0;0
ejrChd9MHCSNvsT0GAZt;2025-05-21;Zuzilkree;0;8;0;0;0;0;0;0;0;0;0;0;0;0;0;0
ejrChd9MHCSNvsT0GAZt;2025-05-21;Buck Man;0;13;1;1;0;13;0;0;0;0;0;0;0;0;0;0
ejrChd9MHCSNvsT0GAZt;2025-05-21;PizzaOnkel IV;0;0;0;0;0;0;0;0;0;0;0;0;0;0;0;0
ejrChd9MHCSNvsT0GAZt;2025-05-21;MELISA;0;20;2;4;0;0;0;0;0;0;0;0;0;2;0;0
ejrChd9MHCSNvsT0GAZt;2025-05-21;Nightfang;0;8;4;0;0;4;0;0;0;0;0;0;0;0;0;0
ejrChd9MHCSNvsT0GAZt;2025-05-21;Lindis;0;3;1;1;0;4;0;0;0;0;0;0;0;0;0;0
ejrChd9MHCSNvsT0GAZt;2025-05-21;Cerberus;0;7;1;3;0;0;0;0;0;0;0;0;0;0;0;0
ejrChd9MHCSNvsT0GAZt;2025-05-21;Zepancadaria;0;7;0;1;0;2;0;0;0;0;0;0;0;0;0;0
ejrChd9MHCSNvsT0GAZt;2025-05-21;Perros;0;20;0;0;0;4;0;0;0;0;0;0;0;0;0;0
ejrChd9MHCSNvsT0GAZt;2025-05-21;Lassus;0;3;0;1;0;11;0;0;0;0;0;0;0;0;0;0
ejrChd9MHCSNvsT0GAZt;2025-05-21;Miaso;0;0;0;0;0;0;0;0;0;0;0;0;0;0;0;0
ejrChd9MHCSNvsT0GAZt;2025-05-21;09MUSLERA09;0;0;0;0;0;0;0;0;0;0;0;0;0;0;0;0
ejrChd9MHCSNvsT0GAZt;2025-05-21;T-34;0;2;0;3;0;0;0;0;0;0;0;0;0;0;0;0
ejrChd9MHCSNvsT0GAZt;2025-05-21;Drago;0;0;0;0;0;0;0;0;0;0;0;0;0;0;0;0
ejrChd9MHCSNvsT0GAZt;2025-05-21;morgaine;0;19;4;2;0;7;0;0;0;0;0;0;0;0;0;0
ejrChd9MHCSNvsT0GAZt;2025-05-21;steboulet 2;0;0;0;0;0;0;0;0;0;0;0;0;0;0;0;0
ejrChd9MHCSNvsT0GAZt;2025-05-21;Heinrich der Löwe;0;9;4;6;0;0;0;0;0;0;0;0;0;0;0;0
ejrChd9MHCSNvsT0GAZt;2025-05-21;Rein;0;0;0;0;0;17;0;0;0;0;0;0;0;1;0;0
ejrChd9MHCSNvsT0GAZt;2025-05-21;TrAiAnO 2;0;0;0;0;0;0;0;0;0;0;0;0;0;0;0;0
ejrChd9MHCSNvsT0GAZt;2025-05-21;Fendis;0;13;0;0;0;0;0;0;0;0;0;0;0;0;0;0
ejrChd9MHCSNvsT0GAZt;2025-05-21;Kantrius;0;20;6;2;0;4;0;0;0;0;0;0;0;0;0;0
ejrChd9MHCSNvsT0GAZt;2025-05-21;Triano;0;0;0;0;0;0;0;0;0;0;0;0;0;0;0;0
ejrChd9MHCSNvsT0GAZt;2025-05-21;Angelina 2;0;76;0;2;0;0;0;0;0;0;0;0;0;0;0;0
ejrChd9MHCSNvsT0GAZt;2025-05-21;steboulet;0;0;0;0;0;0;0;0;0;0;0;0;0;0;0;0
ejrChd9MHCSNvsT0GAZt;2025-05-21;Kupriyanych;1;5;0;0;0;0;0;0;0;0;0;0;0;0;0;0
2bil8e6wxViZJPJuynDH;2025-07-01;Frostterror;1;4;0;0;0;0;0;0;0;0;0;0;0;0;0;0
2bil8e6wxViZJPJuynDH;2025-07-01;YurasiK;0;10;3;0;0;0;0;0;0;0;0;0;0;0;0;0
2bil8e6wxViZJPJuynDH;2025-07-01;Railkayilas;0;0;1;0;0;0;0;0;0;0;0;0;0;0;0;0
2bil8e6wxViZJPJuynDH;2025-07-01;KlaxxoN;0;0;0;0;0;0;0;0;0;0;0;0;0;0;0;0
2bil8e6wxViZJPJuynDH;2025-07-01;Petrov val;0;4;0;1;0;0;0;0;0;0;0;0;0;0;0;0
2bil8e6wxViZJPJuynDH;2025-07-01;Rover;0;4;0;1;0;5;0;0;0;0;0;0;0;0;0;0
2bil8e6wxViZJPJuynDH;2025-07-01;Upasara Wulung;0;0;0;0;0;0;0;0;0;0;0;0;0;0;0;0
2bil8e6wxViZJPJuynDH;2025-07-01;Friedoline;0;0;0;0;0;0;0;0;0;0;0;0;0;0;0;0
2bil8e6wxViZJPJuynDH;2025-07-01;Miaso;0;0;0;0;0;0;0;0;0;0;0;0;0;0;0;0
2bil8e6wxViZJPJuynDH;2025-07-01;Hulsa;0;4;0;0;0;0;0;0;0;0;0;0;0;0;0;0
2bil8e6wxViZJPJuynDH;2025-07-01;Monkey De Luffy;0;0;0;0;0;0;0;0;0;0;0;0;0;0;0;0
2bil8e6wxViZJPJuynDH;2025-07-01;Eragon;0;13;0;0;0;6;0;0;0;0;0;0;0;0;0;0
2bil8e6wxViZJPJuynDH;2025-07-01;Alpha Logburg;0;0;0;0;0;0;0;0;0;0;0;0;0;0;0;0
2bil8e6wxViZJPJuynDH;2025-07-01;BlueBird;0;0;0;0;0;0;0;0;0;0;0;0;0;0;0;0
2bil8e6wxViZJPJuynDH;2025-07-01;Adoran;0;1;0;0;0;0;0;0;0;0;0;0;0;0;0;0
2bil8e6wxViZJPJuynDH;2025-07-01;Gocha;0;0;0;0;0;0;0;0;0;0;0;0;0;0;0;0
2bil8e6wxViZJPJuynDH;2025-07-01;koi;0;8;0;0;0;19;0;0;0;0;0;0;0;0;0;0
2bil8e6wxViZJPJuynDH;2025-07-01;Angelina 2;0;0;0;0;0;0;0;0;0;0;0;0;0;0;0;0
2bil8e6wxViZJPJuynDH;2025-07-01;Kamaw DOC;0;3;0;0;0;0;0;0;0;0;0;0;0;0;0;0
2bil8e6wxViZJPJuynDH;2025-07-01;Cerberus;0;2;1;0;0;0;0;0;0;0;0;0;0;0;0;0
2bil8e6wxViZJPJuynDH;2025-07-01;Rainblade;0;15;0;1;0;0;0;0;0;0;0;0;0;0;0;0
2bil8e6wxViZJPJuynDH;2025-07-01;Shahanna;0;4;1;1;0;0;0;0;0;0;0;0;0;0;0;0
2bil8e6wxViZJPJuynDH;2025-07-01;Jannoz;0;0;10;0;0;2;0;0;0;0;0;0;0;0;0;0
2bil8e6wxViZJPJuynDH;2025-07-01;Heinrich der Lowe;0;0;0;0;0;0;0;0;0;0;0;0;0;0;0;0
2bil8e6wxViZJPJuynDH;2025-07-01;Buck Man;0;10;0;3;0;6;0;0;0;0;0;0;0;0;0;0
2bil8e6wxViZJPJuynDH;2025-07-01;Gardashura;0;0;0;0;0;0;0;0;0;0;0;0;0;0;0;0
2bil8e6wxViZJPJuynDH;2025-07-01;Vakums;0;3;1;0;0;9;0;0;0;0;0;0;0;0;0;0
2bil8e6wxViZJPJuynDH;2025-07-01;DerVerstandnisvolle;0;0;0;0;0;0;0;0;0;0;0;0;0;0;0;0
2bil8e6wxViZJPJuynDH;2025-07-01;Danara;0;0;0;0;0;5;0;0;0;0;0;0;0;0;0;0
2bil8e6wxViZJPJuynDH;2025-07-01;Forondod;0;1;2;2;0;0;0;0;0;0;0;0;0;0;0;0
2bil8e6wxViZJPJuynDH;2025-07-01;rami;0;4;1;0;0;0;0;0;0;0;0;0;0;0;0;0
2bil8e6wxViZJPJuynDH;2025-07-01;Barsian;0;0;0;0;0;0;0;0;0;0;0;0;0;0;0;0
2bil8e6wxViZJPJuynDH;2025-07-01;Miss Pelace;0;3;0;0;0;0;0;0;0;0;0;0;0;0;0;0
2bil8e6wxViZJPJuynDH;2025-07-01;Serdriel;0;0;0;0;0;0;0;0;0;0;0;0;0;0;0;0
2bil8e6wxViZJPJuynDH;2025-07-01;kingdom warrior 2;0;0;0;0;0;0;0;0;0;0;0;0;0;0;0;0
2bil8e6wxViZJPJuynDH;2025-07-01;Dalinad;0;0;0;0;0;0;0;0;0;0;0;0;0;0;0;0
2bil8e6wxViZJPJuynDH;2025-07-01;Moginn;0;0;0;0;0;0;0;0;0;0;0;0;0;0;0;0
2bil8e6wxViZJPJuynDH;2025-07-01;Romazan;0;2;0;0;0;0;0;0;0;0;0;0;0;0;0;0
2bil8e6wxViZJPJuynDH;2025-07-01;Serdriilas;0;5;0;1;0;0;0;0;0;0;0;0;0;0;0;0
2bil8e6wxViZJPJuynDH;2025-07-01;MELISA;0;0;0;0;0;0;0;0;0;0;0;0;0;0;0;0
2bil8e6wxViZJPJuynDH;2025-07-01;Rifur;0;3;2;1;0;0;0;0;0;0;0;0;0;0;0;0
2bil8e6wxViZJPJuynDH;2025-07-01;MIKI;0;0;0;0;0;0;0;0;0;0;0;0;0;0;0;0
2bil8e6wxViZJPJuynDH;2025-07-01;Elgi;0;0;0;0;0;0;0;0;0;0;0;0;0;0;0;0
2bil8e6wxViZJPJuynDH;2025-07-01;El Mosca;0;0;0;0;0;0;0;0;0;0;0;0;0;0;0;0
2bil8e6wxViZJPJuynDH;2025-07-01;LosBolLos;0;1;0;0;0;0;0;0;0;0;0;0;0;0;0;0
2bil8e6wxViZJPJuynDH;2025-07-01;Lindis;0;5;2;0;0;0;0;0;0;0;0;0;0;0;0;0
2bil8e6wxViZJPJuynDH;2025-07-01;kingdom warrior jn;0;0;0;0;0;0;0;0;0;0;0;0;0;0;0;0
2bil8e6wxViZJPJuynDH;2025-07-01;Elsa;0;0;0;0;0;0;0;0;0;0;0;0;0;0;0;0
2bil8e6wxViZJPJuynDH;2025-07-01;Perros;0;0;0;0;0;0;0;0;0;0;0;0;0;0;0;0
2bil8e6wxViZJPJuynDH;2025-07-01;Jackal;0;0;0;0;0;0;0;0;0;0;0;0;0;0;0;0
2bil8e6wxViZJPJuynDH;2025-07-01;Traiano;0;0;0;0;0;0;0;0;0;0;0;0;0;0;0;0
2bil8e6wxViZJPJuynDH;2025-07-01;SBzBy li;0;3;0;0;0;0;0;0;0;0;0;0;0;0;0;0
2bil8e6wxViZJPJuynDH;2025-07-01;TrAIANO 2;0;0;0;0;0;0;0;0;0;0;0;0;0;0;0;0
2bil8e6wxViZJPJuynDH;2025-07-01;Rein;0;0;0;0;0;0;0;0;0;0;0;0;0;0;0;0
2bil8e6wxViZJPJuynDH;2025-07-01;Fendis;0;0;0;0;0;0;0;0;0;0;0;0;0;0;0;0
2bil8e6wxViZJPJuynDH;2025-07-01;Brodyaga;0;5;0;0;0;0;0;0;0;0;0;0;0;0;0;0
2bil8e6wxViZJPJuynDH;2025-07-01;WildMG;0;0;0;0;0;0;0;0;0;0;0;0;0;0;0;0
2bil8e6wxViZJPJuynDH;2025-07-01;Nightfang;0;4;3;3;0;4;0;0;0;0;0;0;0;0;0;0
2bil8e6wxViZJPJuynDH;2025-07-01;Mary Pili;0;0;0;0;0;0;0;0;0;0;0;0;0;0;0;0
2bil8e6wxViZJPJuynDH;2025-07-01;Tehn;0;0;0;0;0;0;0;0;0;0;0;0;0;0;0;0
2bil8e6wxViZJPJuynDH;2025-07-01;Kelerosir;0;5;0;0;0;1;0;0;0;0;0;0;0;0;0;0
2bil8e6wxViZJPJuynDH;2025-07-01;Tigra;0;3;0;0;0;12;0;0;0;0;0;0;0;0;0;0
2bil8e6wxViZJPJuynDH;2025-07-01;Lord Rahl;0;0;0;0;0;0;0;0;0;0;0;0;0;0;0;0
2bil8e6wxViZJPJuynDH;2025-07-01;Donald Duck;0;0;0;0;0;0;0;0;0;0;0;0;0;0;0;0
2bil8e6wxViZJPJuynDH;2025-07-01;Roland;0;4;0;0;0;0;0;0;0;0;0;0;0;0;0;0
2bil8e6wxViZJPJuynDH;2025-07-01;Zuzilkree;0;8;14;2;0;0;0;0;0;0;0;0;0;0;0;0
2bil8e6wxViZJPJuynDH;2025-07-01;Ya kut;0;3;4;2;0;3;0;0;0;0;0;0;0;0;0;0
2bil8e6wxViZJPJuynDH;2025-07-01;Daijind;0;0;0;0;0;0;0;0;0;0;0;0;0;0;0;0
2bil8e6wxViZJPJuynDH;2025-07-01;Lanmoin der Kleine;0;0;0;0;0;0;0;0;0;0;0;0;0;0;0;0
2bil8e6wxViZJPJuynDH;2025-07-01;Eiskonigin;0;0;0;0;0;0;0;0;0;0;0;0;0;0;0;0
2bil8e6wxViZJPJuynDH;2025-07-01;Nightwulf;0;0;0;0;0;0;0;0;0;0;0;0;0;0;0;0
2bil8e6wxViZJPJuynDH;2025-07-01;Bluebird;0;0;0;0;0;0;0;0;0;0;0;0;0;0;0;0
2bil8e6wxViZJPJuynDH;2025-07-01;Fray;0;3;0;2;0;0;0;0;0;0;0;0;0;0;0;0
2bil8e6wxViZJPJuynDH;2025-07-01;White Los;0;0;0;0;0;0;0;0;0;0;0;0;0;0;0;0
2bil8e6wxViZJPJuynDH;2025-07-01;T-34;0;0;0;0;0;0;0;0;0;0;0;0;0;0;0;0
2bil8e6wxViZJPJuynDH;2025-07-01;Mikoikt;0;2;1;0;0;0;0;0;0;0;0;0;0;0;0;0
2bil8e6wxViZJPJuynDH;2025-07-01;kingchris;0;0;0;0;0;0;0;0;0;0;0;0;0;0;0;0
2bil8e6wxViZJPJuynDH;2025-07-01;Kupriyanych;0;0;0;0;0;0;0;0;0;0;0;0;0;0;0;0
2bil8e6wxViZJPJuynDH;2025-07-01;Ivanhoe;0;0;0;1;0;0;0;0;0;0;0;0;0;0;0;0
2bil8e6wxViZJPJuynDH;2025-07-01;Lanmoin der 3te;0;0;0;0;0;0;0;0;0;0;0;0;0;0;0;0
2bil8e6wxViZJPJuynDH;2025-07-01;Kantrius;0;15;0;0;0;0;0;0;0;0;0;0;0;0;0;0
2bil8e6wxViZJPJuynDH;2025-07-01;NikolajDNK;0;0;0;0;0;0;0;0;0;0;0;0;0;0;0;0
2bil8e6wxViZJPJuynDH;2025-07-01;Hexe Kaukau;0;8;0;1;0;0;0;0;0;0;0;0;0;0;0;0
fzJ1dTgLF5Cex9v7bgoF;2025-06-06;Karel;0;0;0;0;0;0;0;0;0;0;0;0;0;0;0;0
fzJ1dTgLF5Cex9v7bgoF;2025-06-06;Tigra;0;11;2;0;0;0;0;0;0;0;0;0;0;0;0;0
fzJ1dTgLF5Cex9v7bgoF;2025-06-06;Heinrich der Löwe;0;3;0;1;0;0;0;0;0;0;0;0;0;0;0;0
fzJ1dTgLF5Cex9v7bgoF;2025-06-06;Danara;0;2;0;0;0;0;0;0;0;0;0;0;0;0;0;0
fzJ1dTgLF5Cex9v7bgoF;2025-06-06;Moginn;0;4;0;0;0;0;0;0;0;0;0;0;0;0;0;0
fzJ1dTgLF5Cex9v7bgoF;2025-06-06;TrAIANO 2;0;2;0;0;0;0;0;0;0;0;0;0;0;0;0;0
fzJ1dTgLF5Cex9v7bgoF;2025-06-06;DerVerständnisvolle;0;0;0;0;0;0;0;0;0;0;0;0;0;0;0;0
fzJ1dTgLF5Cex9v7bgoF;2025-06-06;Adoran;0;1;2;2;0;7;0;0;0;0;0;0;0;0;0;0
fzJ1dTgLF5Cex9v7bgoF;2025-06-06;Friedoline;0;4;0;0;0;0;0;0;0;0;0;0;0;0;0;0
fzJ1dTgLF5Cex9v7bgoF;2025-06-06;Nightwulf;0;0;0;0;0;0;0;0;0;0;0;0;0;0;0;0
fzJ1dTgLF5Cex9v7bgoF;2025-06-06;Jackal;0;0;0;0;0;0;0;0;0;0;0;0;0;0;0;0
fzJ1dTgLF5Cex9v7bgoF;2025-06-06;Daijind;0;3;1;1;0;0;0;0;0;0;0;0;0;0;0;0
fzJ1dTgLF5Cex9v7bgoF;2025-06-06;PizzaOnkel IV;0;3;0;0;0;0;0;0;0;0;0;0;0;0;0;0
fzJ1dTgLF5Cex9v7bgoF;2025-06-06;NikolajDNK;0;4;0;0;0;0;0;0;0;0;0;0;0;0;0;0
fzJ1dTgLF5Cex9v7bgoF;2025-06-06;Forondod;0;0;0;0;0;0;0;0;0;0;0;0;0;0;0;0
fzJ1dTgLF5Cex9v7bgoF;2025-06-06;Eiskönigin;0;0;0;0;0;0;0;0;0;0;0;0;0;0;0;0
fzJ1dTgLF5Cex9v7bgoF;2025-06-06;roger;0;5;0;0;0;0;0;0;0;0;0;0;0;0;0;0
fzJ1dTgLF5Cex9v7bgoF;2025-06-06;White Los;0;0;0;0;0;0;0;0;0;0;0;0;0;0;0;0
fzJ1dTgLF5Cex9v7bgoF;2025-06-06;SBzBy ll;0;3;2;0;0;2;0;6;0;0;0;0;0;0;0;0
fzJ1dTgLF5Cex9v7bgoF;2025-06-06;Gardashura;0;5;2;0;0;1;0;0;0;0;0;0;0;0;0;0
fzJ1dTgLF5Cex9v7bgoF;2025-06-06;KlaxxoN;0;0;0;0;0;0;0;0;0;0;0;0;0;0;0;0
fzJ1dTgLF5Cex9v7bgoF;2025-06-06;kingchris;0;0;0;0;0;0;0;0;0;0;0;0;0;0;0;0
fzJ1dTgLF5Cex9v7bgoF;2025-06-06;Eragon;0;3;0;0;0;14;0;0;0;0;0;0;0;0;0;0
fzJ1dTgLF5Cex9v7bgoF;2025-06-06;Lindis;0;2;1;0;0;18;0;0;0;0;0;0;0;0;0;0
fzJ1dTgLF5Cex9v7bgoF;2025-06-06;Donald Duck;0;0;0;0;0;0;0;0;0;0;0;0;0;0;0;0
fzJ1dTgLF5Cex9v7bgoF;2025-06-06;BlueBird;0;0;0;0;0;0;0;0;0;0;0;0;0;0;0;0
fzJ1dTgLF5Cex9v7bgoF;2025-06-06;Zuzilkree;0;20;1;2;0;0;0;0;0;0;0;0;0;0;0;0
fzJ1dTgLF5Cex9v7bgoF;2025-06-06;Lanmoin der 3te;0;0;15;0;0;0;0;0;0;0;0;0;0;0;0;0
fzJ1dTgLF5Cex9v7bgoF;2025-06-06;Upasara Wulung;0;3;0;0;0;0;0;0;0;0;0;0;0;0;0;0
fzJ1dTgLF5Cex9v7bgoF;2025-06-06;WildMG;0;0;0;0;0;0;0;0;0;0;0;0;0;0;0;0
fzJ1dTgLF5Cex9v7bgoF;2025-06-06;Lord Rahl;0;0;0;1;0;2;2;0;0;0;0;0;0;0;0;0
fzJ1dTgLF5Cex9v7bgoF;2025-06-06;steboulet;0;6;0;0;0;0;0;0;0;0;0;0;0;0;0;0
fzJ1dTgLF5Cex9v7bgoF;2025-06-06;Rifur;0;6;1;0;0;0;0;0;0;0;0;0;0;0;0;0
fzJ1dTgLF5Cex9v7bgoF;2025-06-06;Kupriyanych;0;3;0;0;0;4;0;0;0;0;0;0;0;0;0;0
fzJ1dTgLF5Cex9v7bgoF;2025-06-06;Fray;0;16;1;0;0;0;0;0;0;0;0;0;0;0;0;0
fzJ1dTgLF5Cex9v7bgoF;2025-06-06;Gocha;0;3;0;0;0;0;0;0;0;0;0;0;0;0;0;0
fzJ1dTgLF5Cex9v7bgoF;2025-06-06;Fendis;0;0;0;0;0;0;0;0;0;0;0;0;0;0;0;0
fzJ1dTgLF5Cex9v7bgoF;2025-06-06;Perros;0;1;0;0;0;0;0;0;0;0;0;0;0;0;0;0
fzJ1dTgLF5Cex9v7bgoF;2025-06-06;Drago;0;0;0;0;0;0;0;0;0;0;0;0;0;0;0;0
fzJ1dTgLF5Cex9v7bgoF;2025-06-06;koi;0;5;0;0;0;13;0;0;0;0;0;0;0;0;0;0
fzJ1dTgLF5Cex9v7bgoF;2025-06-06;Nightfang;0;0;0;0;0;0;0;0;0;0;0;0;0;0;0;0
fzJ1dTgLF5Cex9v7bgoF;2025-06-06;Ya kut;0;5;2;2;0;0;0;0;0;0;0;0;0;0;0;0
fzJ1dTgLF5Cex9v7bgoF;2025-06-06;Frostterror;0;8;0;0;0;0;0;0;0;0;0;0;0;0;0;0
fzJ1dTgLF5Cex9v7bgoF;2025-06-06;Zepancadaria;0;3;1;0;0;0;0;0;0;0;0;0;0;0;0;0
fzJ1dTgLF5Cex9v7bgoF;2025-06-06;Vakums;1;3;0;0;0;0;0;0;0;0;0;0;0;0;0;0
fzJ1dTgLF5Cex9v7bgoF;2025-06-06;Egli;0;6;0;0;0;0;0;0;0;0;0;0;0;0;0;0
fzJ1dTgLF5Cex9v7bgoF;2025-06-06;Buck Man;0;2;0;0;0;5;0;0;0;0;0;0;0;0;0;0
fzJ1dTgLF5Cex9v7bgoF;2025-06-06;Hexe Kaukau;0;2;0;1;0;0;0;0;0;0;0;0;0;0;0;0
fzJ1dTgLF5Cex9v7bgoF;2025-06-06;Cerberus;0;0;0;0;0;0;0;0;0;0;0;0;0;0;0;0
fzJ1dTgLF5Cex9v7bgoF;2025-06-06;Barsian;0;0;0;0;0;0;0;0;0;0;0;0;0;0;0;0
fzJ1dTgLF5Cex9v7bgoF;2025-06-06;Bluebird;0;0;0;0;0;0;0;0;0;0;0;0;0;0;0;0
fzJ1dTgLF5Cex9v7bgoF;2025-06-06;Tehn;0;1;0;0;0;0;0;0;0;0;0;0;0;0;0;0
fzJ1dTgLF5Cex9v7bgoF;2025-06-06;Lassus;0;0;0;0;0;0;0;0;0;0;0;0;0;0;0;0
fzJ1dTgLF5Cex9v7bgoF;2025-06-06;MIkl;0;0;0;0;0;0;0;0;0;0;0;0;0;0;0;0
fzJ1dTgLF5Cex9v7bgoF;2025-06-06;Jannoz;0;7;0;0;0;0;0;0;0;0;0;0;0;0;0;0
fzJ1dTgLF5Cex9v7bgoF;2025-06-06;El Mosca;0;0;0;0;0;0;0;0;0;0;0;0;0;0;0;0
fzJ1dTgLF5Cex9v7bgoF;2025-06-06;Kobani;0;6;1;2;0;2;0;0;0;0;0;0;0;0;0;0
fzJ1dTgLF5Cex9v7bgoF;2025-06-06;Ivanhoe;0;0;0;0;0;0;0;0;0;0;0;0;0;0;0;0
fzJ1dTgLF5Cex9v7bgoF;2025-06-06;Traiano;0;0;0;0;0;0;0;0;0;0;0;0;0;0;0;0
fzJ1dTgLF5Cex9v7bgoF;2025-06-06;YurasiK;1;8;1;1;0;0;0;0;0;0;0;0;0;0;0;0
fzJ1dTgLF5Cex9v7bgoF;2025-06-06;Seryoga;0;0;0;0;0;0;0;0;0;0;0;0;0;0;0;0
fzJ1dTgLF5Cex9v7bgoF;2025-06-06;Rover;0;7;1;2;0;9;0;0;0;0;0;0;0;0;0;0
fzJ1dTgLF5Cex9v7bgoF;2025-06-06;T-34;0;3;0;407;0;1;0;0;0;0;0;0;0;0;0;0
fzJ1dTgLF5Cex9v7bgoF;2025-06-06;Miaso;0;3;0;0;0;0;0;0;0;0;0;0;0;0;0;0
fzJ1dTgLF5Cex9v7bgoF;2025-06-06;kuromi;0;0;0;0;0;0;0;0;0;0;0;0;0;0;0;0
fzJ1dTgLF5Cex9v7bgoF;2025-06-06;Brodyaga;0;0;4;0;0;0;0;0;0;0;0;0;0;0;0;0
fzJ1dTgLF5Cex9v7bgoF;2025-06-06;Mazura;0;0;0;0;0;0;0;0;0;0;0;0;0;0;0;0
fzJ1dTgLF5Cex9v7bgoF;2025-06-06;Shahanna;0;0;0;0;0;0;0;0;0;0;0;0;0;0;0;0
fzJ1dTgLF5Cex9v7bgoF;2025-06-06;Hulsa;0;6;0;0;0;0;0;0;0;0;0;0;0;0;0;0
fzJ1dTgLF5Cex9v7bgoF;2025-06-06;Serdriilas;0;3;0;0;0;0;0;0;0;0;0;0;0;0;0;0
fzJ1dTgLF5Cex9v7bgoF;2025-06-06;Gustav Gans;0;0;0;0;0;0;0;0;0;0;0;0;0;0;0;0
fzJ1dTgLF5Cex9v7bgoF;2025-06-06;Petrov val;0;0;0;0;0;0;0;0;0;0;0;0;0;0;0;0
fzJ1dTgLF5Cex9v7bgoF;2025-06-06;Miss Pelace;0;4;0;0;0;0;0;3;0;0;0;0;0;0;0;0
fzJ1dTgLF5Cex9v7bgoF;2025-06-06;steboulet 2;0;1;0;0;0;0;0;0;0;0;0;0;0;0;0;0
fzJ1dTgLF5Cex9v7bgoF;2025-06-06;Mary Pili;0;0;0;0;0;0;0;0;0;0;0;0;0;0;0;0
fzJ1dTgLF5Cex9v7bgoF;2025-06-06;Elsa;0;5;0;1;0;0;0;0;0;0;0;0;0;0;0;0
fzJ1dTgLF5Cex9v7bgoF;2025-06-06;Mikoikt;0;4;0;2;0;0;0;0;0;0;0;0;0;0;0;0
fzJ1dTgLF5Cex9v7bgoF;2025-06-06;MELISA;0;0;0;0;0;0;0;0;0;0;0;0;0;0;0;0
fzJ1dTgLF5Cex9v7bgoF;2025-06-06;Lanmoin der Kleine;0;2;0;0;0;0;0;0;0;0;0;0;0;0;0;0
fzJ1dTgLF5Cex9v7bgoF;2025-06-06;Romazan;0;9;1;2;0;4;0;0;0;0;0;0;0;0;0;0
fzJ1dTgLF5Cex9v7bgoF;2025-06-06;Rein;0;0;0;0;0;2;0;0;0;0;0;0;0;0;0;0
fzJ1dTgLF5Cex9v7bgoF;2025-06-05;Eiskönigin;0;0;0;0;0;0;0;0;0;0;0;0;0;0;0;0
fzJ1dTgLF5Cex9v7bgoF;2025-06-05;White Los;0;0;0;0;0;0;0;0;0;0;0;0;0;0;0;0
fzJ1dTgLF5Cex9v7bgoF;2025-06-05;Romazan;0;0;0;0;0;0;0;0;0;0;0;0;0;0;0;0
fzJ1dTgLF5Cex9v7bgoF;2025-06-05;Brodyaga;0;5;0;3;0;2;0;0;0;0;0;0;0;0;0;0
fzJ1dTgLF5Cex9v7bgoF;2025-06-05;Lanmoin der Kleine;0;0;0;0;0;0;0;0;0;0;0;0;0;0;0;0
fzJ1dTgLF5Cex9v7bgoF;2025-06-05;Frostterror;1;4;0;0;0;0;0;0;0;0;0;0;0;0;0;0
fzJ1dTgLF5Cex9v7bgoF;2025-06-05;Fendis;0;8;0;0;0;0;0;0;0;0;0;0;0;0;0;0
fzJ1dTgLF5Cex9v7bgoF;2025-06-05;Drago;0;0;0;0;0;0;0;0;0;0;0;0;0;0;0;0
fzJ1dTgLF5Cex9v7bgoF;2025-06-05;Lassus;1;6;0;0;0;54;0;0;0;0;0;0;0;0;0;0
fzJ1dTgLF5Cex9v7bgoF;2025-06-05;Rein;0;0;0;0;0;16;0;0;0;0;3;0;0;0;0;0
fzJ1dTgLF5Cex9v7bgoF;2025-06-05;T-34;0;7;1;4;0;0;0;0;0;0;0;0;0;0;0;0
fzJ1dTgLF5Cex9v7bgoF;2025-06-05;Jackal;0;6;0;11;0;0;0;0;0;0;0;0;0;0;0;0
fzJ1dTgLF5Cex9v7bgoF;2025-06-05;Rover;0;12;4;3;0;9;0;0;0;0;0;0;0;0;0;0
fzJ1dTgLF5Cex9v7bgoF;2025-06-05;steboulet;0;0;0;0;0;0;0;0;0;0;0;0;0;0;0;0
fzJ1dTgLF5Cex9v7bgoF;2025-06-05;Lanmoin der 3te;0;15;0;0;0;0;0;0;0;0;1;0;0;0;0;0
fzJ1dTgLF5Cex9v7bgoF;2025-06-05;Bluebird;0;0;0;0;0;0;0;0;0;0;0;0;0;0;0;0
fzJ1dTgLF5Cex9v7bgoF;2025-06-05;kingchris;0;3;0;1;0;0;0;0;0;0;0;0;0;0;0;0
fzJ1dTgLF5Cex9v7bgoF;2025-06-05;Gustav Gans;1;2;0;0;0;0;0;0;0;0;0;0;0;0;0;0
fzJ1dTgLF5Cex9v7bgoF;2025-06-05;MIkl;0;0;0;0;0;0;0;0;0;0;0;0;0;0;0;0
fzJ1dTgLF5Cex9v7bgoF;2025-06-05;Hulsa;0;3;0;0;0;0;0;0;0;0;0;0;0;0;0;0
fzJ1dTgLF5Cex9v7bgoF;2025-06-05;MELISA;0;10;5;3;0;3;0;0;0;0;2;0;0;0;0;0
fzJ1dTgLF5Cex9v7bgoF;2025-06-05;Kobani;0;2;0;0;0;1;0;0;0;0;0;0;0;0;0;0
fzJ1dTgLF5Cex9v7bgoF;2025-06-05;Ivanhoe;0;3;2;1;0;0;0;0;0;0;0;0;0;0;0;0
fzJ1dTgLF5Cex9v7bgoF;2025-06-05;Rifur;0;0;0;0;0;0;0;0;0;0;0;0;0;0;0;0
fzJ1dTgLF5Cex9v7bgoF;2025-06-05;Lord Rahl;0;0;0;0;0;0;0;0;0;0;0;0;0;0;0;0
fzJ1dTgLF5Cex9v7bgoF;2025-06-05;Traiano;0;0;0;0;0;0;0;0;0;0;0;0;0;0;0;0
fzJ1dTgLF5Cex9v7bgoF;2025-06-05;Hexe Kaukau;0;10;0;2;0;0;0;0;0;0;0;0;0;0;0;0
fzJ1dTgLF5Cex9v7bgoF;2025-06-05;Tehn;0;0;0;0;0;0;0;0;0;0;0;0;0;0;0;0
fzJ1dTgLF5Cex9v7bgoF;2025-06-05;Miss Pelace;0;3;0;0;0;0;0;0;0;0;0;0;0;0;0;0
fzJ1dTgLF5Cex9v7bgoF;2025-06-05;KlaxxoN;0;0;0;0;0;0;0;0;0;0;0;0;0;0;0;0
fzJ1dTgLF5Cex9v7bgoF;2025-06-05;Nightfang;0;7;1;0;0;3;0;0;0;0;2;0;0;0;0;0
fzJ1dTgLF5Cex9v7bgoF;2025-06-05;Zuzilkree;1;4;0;2;0;0;0;0;0;0;0;0;0;0;0;0
fzJ1dTgLF5Cex9v7bgoF;2025-06-05;Donald Duck;1;2;0;0;0;0;0;0;0;0;0;0;0;0;0;0
fzJ1dTgLF5Cex9v7bgoF;2025-06-05;Gocha;0;10;0;0;0;0;0;0;0;0;0;0;0;0;0;0
fzJ1dTgLF5Cex9v7bgoF;2025-06-05;Fray;0;31;3;2;0;3;0;0;0;0;0;0;0;0;0;0
fzJ1dTgLF5Cex9v7bgoF;2025-06-05;Eragon;0;3;16;0;0;0;0;0;0;0;0;0;0;0;0;0
fzJ1dTgLF5Cex9v7bgoF;2025-06-05;Friedoline;0;13;0;0;0;0;0;0;0;0;0;0;0;0;0;0
fzJ1dTgLF5Cex9v7bgoF;2025-06-05;Vakums;0;3;2;1;0;0;0;0;0;0;0;0;0;0;0;0
fzJ1dTgLF5Cex9v7bgoF;2025-06-05;Lindis;0;5;3;1;0;1;0;0;0;0;0;0;0;0;0;0
fzJ1dTgLF5Cex9v7bgoF;2025-06-05;Seryoga;0;0;0;0;0;0;0;0;0;0;0;0;0;0;0;0
fzJ1dTgLF5Cex9v7bgoF;2025-06-05;TrAIANO 2;0;0;0;0;0;0;0;0;0;0;0;0;0;0;0;0
fzJ1dTgLF5Cex9v7bgoF;2025-06-05;Egli;0;3;0;0;0;0;0;0;0;0;0;0;0;0;0;0
fzJ1dTgLF5Cex9v7bgoF;2025-06-05;koi;0;14;0;1;0;12;0;0;0;0;0;0;0;0;0;0
fzJ1dTgLF5Cex9v7bgoF;2025-06-05;Cerberus;0;2;1;2;0;0;0;0;0;0;0;0;0;0;0;0
fzJ1dTgLF5Cex9v7bgoF;2025-06-05;Zepancadaria;0;0;15;0;0;0;0;0;0;0;0;0;0;0;0;0
fzJ1dTgLF5Cex9v7bgoF;2025-06-05;Shahanna;0;9;0;2;0;0;0;0;0;0;0;0;0;0;0;0
fzJ1dTgLF5Cex9v7bgoF;2025-06-05;Perros;0;3;0;0;0;19;0;0;0;0;0;0;0;0;0;0
fzJ1dTgLF5Cex9v7bgoF;2025-06-05;SBzBy ll;0;3;0;0;0;0;0;3;0;0;0;0;0;0;0;0
fzJ1dTgLF5Cex9v7bgoF;2025-06-05;kuromi;0;0;0;0;0;0;0;0;0;0;0;0;0;0;0;0
fzJ1dTgLF5Cex9v7bgoF;2025-06-05;Moginn;0;4;0;0;0;1;0;0;0;0;0;0;0;0;0;0
fzJ1dTgLF5Cex9v7bgoF;2025-06-05;Gardashura;0;0;0;2;0;0;0;0;0;0;0;0;0;0;0;0
fzJ1dTgLF5Cex9v7bgoF;2025-06-05;Ya kut;0;5;0;0;0;0;0;0;0;0;0;0;0;0;0;0
fzJ1dTgLF5Cex9v7bgoF;2025-06-05;BlueBird;0;0;0;0;0;0;0;0;0;0;0;0;0;0;0;0
fzJ1dTgLF5Cex9v7bgoF;2025-06-05;PizzaOnkel IV;0;72;1;1;0;0;0;0;0;0;0;0;0;0;0;0
fzJ1dTgLF5Cex9v7bgoF;2025-06-05;Elsa;0;7;1;3;0;0;0;0;0;0;0;0;0;0;0;0
fzJ1dTgLF5Cex9v7bgoF;2025-06-05;steboulet 2;0;0;0;0;0;0;0;0;0;0;0;0;0;0;0;0
fzJ1dTgLF5Cex9v7bgoF;2025-06-05;WildMG;0;3;0;0;0;0;0;0;0;0;1;0;0;0;0;0
fzJ1dTgLF5Cex9v7bgoF;2025-06-05;Upasara Wulung;0;0;0;0;0;0;0;0;0;0;0;0;0;0;0;0
fzJ1dTgLF5Cex9v7bgoF;2025-06-05;Karel;1;3;0;0;0;0;0;0;0;0;0;0;0;0;0;0
fzJ1dTgLF5Cex9v7bgoF;2025-06-05;Mary Pili;0;0;0;1;0;0;0;0;0;0;0;0;0;0;0;0
fzJ1dTgLF5Cex9v7bgoF;2025-06-05;Forondod;0;5;1;0;0;0;0;0;0;0;0;0;0;0;0;0
fzJ1dTgLF5Cex9v7bgoF;2025-06-05;Tigra;0;7;2;0;0;1;0;0;0;0;0;0;0;0;0;0
fzJ1dTgLF5Cex9v7bgoF;2025-06-05;Nightwulf;0;0;0;0;0;0;0;0;0;0;0;0;0;0;0;0
fzJ1dTgLF5Cex9v7bgoF;2025-06-05;Jannoz;0;7;2;2;0;1;0;0;0;0;0;0;0;0;0;0
fzJ1dTgLF5Cex9v7bgoF;2025-06-05;Serdriilas;1;13;0;2;0;0;0;3;0;0;0;0;0;0;0;0
fzJ1dTgLF5Cex9v7bgoF;2025-06-05;Petrov val;0;5;2;1;0;1;0;0;0;0;0;0;0;0;0;0
fzJ1dTgLF5Cex9v7bgoF;2025-06-05;Mikoikt;0;9;0;2;0;0;0;0;0;0;0;0;0;0;0;0
fzJ1dTgLF5Cex9v7bgoF;2025-06-05;Danara;0;9;5;0;0;0;0;0;0;0;0;0;0;2;0;0
fzJ1dTgLF5Cex9v7bgoF;2025-06-05;El Mosca;0;0;0;0;0;0;0;0;0;0;0;0;0;0;0;0
fzJ1dTgLF5Cex9v7bgoF;2025-06-05;Miaso;0;0;0;0;0;0;0;0;0;0;0;0;0;0;0;0
fzJ1dTgLF5Cex9v7bgoF;2025-06-05;Mazura;0;0;0;0;0;0;0;0;0;0;0;0;0;0;0;0
fzJ1dTgLF5Cex9v7bgoF;2025-06-05;roger;0;5;0;0;0;1;0;0;0;0;0;0;0;0;0;0
fzJ1dTgLF5Cex9v7bgoF;2025-06-05;Daijind;0;1;1;0;0;0;0;0;0;0;0;0;0;0;0;0
fzJ1dTgLF5Cex9v7bgoF;2025-06-05;Barsian;0;2;0;0;0;0;0;0;0;0;1;0;0;0;0;0
fzJ1dTgLF5Cex9v7bgoF;2025-06-05;Kupriyanych;0;5;0;0;0;0;0;0;0;0;0;0;0;0;0;0
fzJ1dTgLF5Cex9v7bgoF;2025-06-05;YurasiK;0;24;10;4;0;0;0;0;0;0;0;0;0;0;0;0
fzJ1dTgLF5Cex9v7bgoF;2025-06-05;Adoran;0;3;0;0;0;0;0;0;0;0;0;0;0;0;0;0
fzJ1dTgLF5Cex9v7bgoF;2025-06-05;NikolajDNK;0;0;0;0;0;0;0;0;0;0;0;0;0;0;0;0
fzJ1dTgLF5Cex9v7bgoF;2025-06-05;DerVerständnisvolle;0;0;0;0;0;0;0;0;0;0;0;0;0;0;0;0
fzJ1dTgLF5Cex9v7bgoF;2025-06-05;Buck Man;0;18;3;0;0;9;0;0;0;0;0;0;0;0;0;0
fzJ1dTgLF5Cex9v7bgoF;2025-06-05;Heinrich der Löwe;0;3;0;0;0;0;0;0;0;0;0;0;0;0;0;0
2bil8e6wxViZJPJuynDH;2025-07-06;Hexe Kaukau;0;4;1;0;0;0;0;0;0;0;0;0;0;0;0;0
2bil8e6wxViZJPJuynDH;2025-07-06;Heinrich der Lowe;0;0;0;0;0;0;0;0;0;0;0;0;0;0;0;0
2bil8e6wxViZJPJuynDH;2025-07-06;Jannoz;0;3;0;0;0;0;0;0;0;0;0;0;0;0;0;0
2bil8e6wxViZJPJuynDH;2025-07-06;Alpha Logburg;0;2;0;0;0;0;0;0;0;0;0;0;0;0;0;0
2bil8e6wxViZJPJuynDH;2025-07-06;Traiano;0;0;0;0;0;0;0;0;0;0;0;0;0;0;0;0
2bil8e6wxViZJPJuynDH;2025-07-06;Hulsa;0;0;0;0;0;0;0;0;0;0;0;0;0;0;0;0
2bil8e6wxViZJPJuynDH;2025-07-06;Fendis;0;0;0;0;0;0;0;0;0;0;0;0;0;0;0;0
2bil8e6wxViZJPJuynDH;2025-07-06;kingdom warrior jn;0;0;0;0;0;0;0;0;0;0;0;0;0;0;0;0
2bil8e6wxViZJPJuynDH;2025-07-06;Railkayilas;1;2;0;0;0;0;0;0;0;0;0;0;0;0;0;0
2bil8e6wxViZJPJuynDH;2025-07-06;DerVerstandnisvolle;0;0;0;0;0;0;0;0;0;0;0;0;0;0;0;0
2bil8e6wxViZJPJuynDH;2025-07-06;Fray;1;4;0;2;0;1;0;0;0;0;0;0;0;0;0;0
2bil8e6wxViZJPJuynDH;2025-07-06;Eiskonigin;0;0;0;0;0;0;0;0;0;0;0;0;0;0;0;0
2bil8e6wxViZJPJuynDH;2025-07-06;Vakums;0;3;0;0;0;11;0;0;0;0;1;0;0;0;0;0
2bil8e6wxViZJPJuynDH;2025-07-06;Shahanna;0;8;0;0;0;0;0;0;0;0;0;0;0;0;0;0
2bil8e6wxViZJPJuynDH;2025-07-06;Buck Man;0;3;0;1;0;3;0;0;0;0;0;0;0;0;0;0
2bil8e6wxViZJPJuynDH;2025-07-06;Cerberus;0;0;1;0;0;14;0;0;0;0;0;0;0;0;0;0
2bil8e6wxViZJPJuynDH;2025-07-06;Miaso;0;3;0;0;0;0;0;0;0;0;0;0;0;0;0;0
2bil8e6wxViZJPJuynDH;2025-07-06;Miss Pelace;0;3;0;0;0;1;0;0;0;0;0;0;0;0;0;0
2bil8e6wxViZJPJuynDH;2025-07-06;Perros;0;0;0;0;0;0;0;0;0;0;0;0;0;0;0;0
2bil8e6wxViZJPJuynDH;2025-07-06;Forondod;0;6;8;0;0;1;0;0;0;0;0;0;0;0;0;0
2bil8e6wxViZJPJuynDH;2025-07-06;Dalinad;0;0;0;0;0;0;0;0;0;0;0;0;0;0;0;0
2bil8e6wxViZJPJuynDH;2025-07-06;Friedoline;0;3;0;1;0;0;0;0;0;0;0;0;0;0;0;0
2bil8e6wxViZJPJuynDH;2025-07-06;Monkey De Luffy;0;3;0;0;0;0;0;0;0;0;0;0;0;0;0;0
2bil8e6wxViZJPJuynDH;2025-07-06;Serdriilas;0;17;3;2;0;3;0;0;0;0;2;0;0;0;0;0
2bil8e6wxViZJPJuynDH;2025-07-06;Angelina 2;0;3;0;0;0;0;0;0;0;0;4;0;0;0;0;0
2bil8e6wxViZJPJuynDH;2025-07-06;El Mosca;0;0;0;0;0;0;0;0;0;0;0;0;0;0;0;0
2bil8e6wxViZJPJuynDH;2025-07-06;Romazan;0;2;0;1;0;2;0;0;0;0;0;0;0;0;0;0
2bil8e6wxViZJPJuynDH;2025-07-06;TrAIANO 2;0;0;0;0;0;0;0;0;0;0;0;0;0;0;0;0
2bil8e6wxViZJPJuynDH;2025-07-06;koi;0;20;0;0;0;30;1;0;0;1;0;0;0;0;0;0
2bil8e6wxViZJPJuynDH;2025-07-06;Serdriel;0;3;0;0;0;0;0;0;0;0;0;0;0;0;0;0
2bil8e6wxViZJPJuynDH;2025-07-06;Mikoikt;0;2;0;1;0;0;0;0;0;0;0;0;0;0;0;0
2bil8e6wxViZJPJuynDH;2025-07-06;Brodyaga;0;10;0;0;0;0;0;0;0;0;0;0;0;0;0;0
2bil8e6wxViZJPJuynDH;2025-07-06;Gocha;0;0;0;0;0;0;0;0;0;0;0;0;0;0;0;0
2bil8e6wxViZJPJuynDH;2025-07-06;Rainblade;0;6;0;0;0;0;0;0;0;0;0;0;0;0;0;0
2bil8e6wxViZJPJuynDH;2025-07-06;Rifur;0;3;4;0;0;0;0;0;0;0;0;0;0;0;0;0
2bil8e6wxViZJPJuynDH;2025-07-06;Elsa;0;5;0;2;0;0;0;0;0;0;0;0;0;0;0;0
2bil8e6wxViZJPJuynDH;2025-07-06;YurasiK;0;16;1;2;0;0;0;0;0;0;0;0;0;0;0;0
2bil8e6wxViZJPJuynDH;2025-07-06;Roland;0;3;4;4;0;4;0;0;0;0;0;0;0;0;0;0
2bil8e6wxViZJPJuynDH;2025-07-06;Daijind;0;3;0;0;0;0;0;0;0;0;0;0;0;0;0;0
2bil8e6wxViZJPJuynDH;2025-07-06;Donald Duck;0;2;0;0;0;0;0;0;0;0;0;0;0;0;0;0
2bil8e6wxViZJPJuynDH;2025-07-06;Kantrius;0;4;11;0;0;5;0;0;0;0;0;0;0;0;0;0
2bil8e6wxViZJPJuynDH;2025-07-06;MIKI;0;0;0;0;0;0;0;1;0;0;0;0;0;0;0;0
2bil8e6wxViZJPJuynDH;2025-07-06;LosBolLos;0;27;2;0;0;0;0;0;0;0;20;0;0;0;0;0
2bil8e6wxViZJPJuynDH;2025-07-06;kingchris;1;3;0;0;0;1;0;0;0;0;0;0;0;0;0;0
2bil8e6wxViZJPJuynDH;2025-07-06;Kelerosir;1;3;1;0;0;0;0;0;0;0;0;0;0;0;0;0
2bil8e6wxViZJPJuynDH;2025-07-06;Ya kut;0;6;0;0;0;1;0;0;0;0;0;0;0;0;0;0
2bil8e6wxViZJPJuynDH;2025-07-06;Adoran;0;3;0;3;0;0;0;0;0;0;0;0;0;0;0;0
2bil8e6wxViZJPJuynDH;2025-07-06;Frostterror;0;6;0;0;0;0;0;0;0;0;0;0;0;0;0;0
2bil8e6wxViZJPJuynDH;2025-07-06;Nightfang;0;5;0;0;0;0;0;0;0;0;0;0;0;0;0;0
2bil8e6wxViZJPJuynDH;2025-07-06;Nightwulf;0;9;0;4;0;3;0;0;0;0;0;0;0;0;0;0
2bil8e6wxViZJPJuynDH;2025-07-06;BlueBird;0;0;0;0;0;0;0;0;0;0;0;0;0;0;0;0
2bil8e6wxViZJPJuynDH;2025-07-06;kingdom warrior 2;0;0;0;0;0;0;0;0;0;0;0;0;0;0;0;0
2bil8e6wxViZJPJuynDH;2025-07-06;rami;0;4;2;0;0;1;0;0;0;0;0;0;0;0;0;0
2bil8e6wxViZJPJuynDH;2025-07-06;Kamaw DOC;0;3;0;0;0;0;0;0;0;0;0;0;0;0;0;0
2bil8e6wxViZJPJuynDH;2025-07-06;White Los;0;3;0;0;0;0;0;0;0;0;0;0;0;0;0;0
2bil8e6wxViZJPJuynDH;2025-07-06;Gardashura;0;0;0;0;0;0;0;0;0;0;0;0;0;0;0;0
2bil8e6wxViZJPJuynDH;2025-07-06;MELISA;0;3;0;0;0;0;0;0;0;0;2;0;0;0;0;0
2bil8e6wxViZJPJuynDH;2025-07-06;Upasara Wulung;0;3;0;0;0;0;0;0;0;0;2;0;0;0;0;0
2bil8e6wxViZJPJuynDH;2025-07-06;Tigra;0;1;0;1;0;0;0;0;0;0;0;0;0;0;0;0
2bil8e6wxViZJPJuynDH;2025-07-06;Elgi;0;0;0;0;0;0;0;0;0;0;0;0;0;0;0;0
2bil8e6wxViZJPJuynDH;2025-07-06;Rein;0;0;0;0;0;0;0;0;0;0;0;0;0;0;0;0
2bil8e6wxViZJPJuynDH;2025-07-06;T-34;0;3;0;2;0;0;0;0;0;0;1;0;0;0;0;0
2bil8e6wxViZJPJuynDH;2025-07-06;Moginn;0;5;1;0;0;1;0;0;0;0;0;0;0;0;0;0
2bil8e6wxViZJPJuynDH;2025-07-06;Lanmoin der 3te;0;0;0;0;0;0;0;0;0;0;0;0;0;0;0;0
2bil8e6wxViZJPJuynDH;2025-07-06;KlaxxoN;0;1;2;2;0;3;0;0;0;0;0;0;0;0;0;0
2bil8e6wxViZJPJuynDH;2025-07-06;Barsian;0;2;0;0;0;0;0;0;0;0;1;0;0;0;0;0
2bil8e6wxViZJPJuynDH;2025-07-06;Lord Rahl;0;6;0;0;0;0;0;0;0;0;0;0;0;0;0;0
2bil8e6wxViZJPJuynDH;2025-07-06;Lindis;0;1;0;0;0;5;0;0;0;0;0;0;0;0;0;0
2bil8e6wxViZJPJuynDH;2025-07-06;Rover;0;4;1;1;0;8;0;0;0;0;0;0;0;0;0;0
2bil8e6wxViZJPJuynDH;2025-07-06;WildMG;0;0;0;0;0;0;0;0;0;0;0;0;0;0;0;0
2bil8e6wxViZJPJuynDH;2025-07-06;Bluebird;0;0;0;0;0;0;0;0;0;0;0;0;0;0;0;0
2bil8e6wxViZJPJuynDH;2025-07-06;NikolajDNK;0;4;0;0;0;0;0;0;0;0;0;0;0;0;0;0
2bil8e6wxViZJPJuynDH;2025-07-06;Lanmoin der Kleine;0;0;0;0;0;0;0;0;0;0;0;0;0;0;0;0
2bil8e6wxViZJPJuynDH;2025-07-06;Jackal;0;3;0;0;0;0;0;0;0;0;0;0;0;0;0;0
2bil8e6wxViZJPJuynDH;2025-07-06;Tehn;0;0;0;0;0;0;0;0;0;0;0;0;0;0;0;0
2bil8e6wxViZJPJuynDH;2025-07-06;Mary Pili;0;0;0;0;0;0;0;0;0;0;0;0;0;0;0;0
2bil8e6wxViZJPJuynDH;2025-07-06;Zuzilkree;0;8;2;2;0;1;0;0;0;0;0;0;0;0;0;0
2bil8e6wxViZJPJuynDH;2025-07-06;Eragon;1;5;1;0;0;1;0;0;0;0;1;0;0;0;0;0
2bil8e6wxViZJPJuynDH;2025-07-06;Danara;0;3;0;0;0;0;0;0;0;0;2;0;0;0;0;0
2bil8e6wxViZJPJuynDH;2025-07-06;Petrov val;0;5;2;3;0;3;0;0;0;0;0;0;0;0;0;0
2bil8e6wxViZJPJuynDH;2025-07-06;Ivanhoe;0;6;1;1;0;0;0;0;0;0;2;0;0;0;0;0
2bil8e6wxViZJPJuynDH;2025-07-06;SBzBy li;1;5;1;0;0;1;0;0;0;1;0;0;0;0;0;0
2bil8e6wxViZJPJuynDH;2025-07-06;Kupriyanych;0;4;0;1;0;0;0;0;0;0;0;0;0;0;0;0
Shqd0HHzkY2wJUKqVDbe;2025-06-02;Eiskönigin;0;0;0;0;0;0;0;0;0;0;0;0;0;0;0;0
Shqd0HHzkY2wJUKqVDbe;2025-06-02;Ya kut;0;0;0;0;0;0;0;0;0;0;0;0;0;0;0;0
Shqd0HHzkY2wJUKqVDbe;2025-06-02;KlaxxoN;0;0;0;0;0;0;0;0;0;0;0;0;0;0;0;0
Shqd0HHzkY2wJUKqVDbe;2025-06-02;Cerberus;0;2;0;0;0;0;0;0;0;0;0;0;0;0;0;0
Shqd0HHzkY2wJUKqVDbe;2025-06-02;Elgi;0;0;0;0;0;0;0;0;0;0;0;0;0;0;0;0
Shqd0HHzkY2wJUKqVDbe;2025-06-02;Zuzilkree;0;13;0;0;0;1;0;0;0;0;0;0;0;0;0;0
Shqd0HHzkY2wJUKqVDbe;2025-06-02;White Los;0;0;0;0;0;0;0;0;0;0;0;0;0;0;0;0
Shqd0HHzkY2wJUKqVDbe;2025-06-02;Lanmoin der Kleine;0;0;0;0;0;0;0;0;0;0;0;0;0;0;0;0
Shqd0HHzkY2wJUKqVDbe;2025-06-02;DerVerständnisvolle;0;0;0;0;0;0;0;0;0;0;0;0;0;0;0;0
Shqd0HHzkY2wJUKqVDbe;2025-06-02;Serdriilas;0;0;0;0;0;0;0;0;0;0;0;0;0;0;0;0
Shqd0HHzkY2wJUKqVDbe;2025-06-02;roger;0;0;0;0;0;0;0;0;0;0;0;0;0;0;0;0
Shqd0HHzkY2wJUKqVDbe;2025-06-02;Mazura;0;0;0;0;0;0;0;0;0;0;0;0;0;0;0;0
Shqd0HHzkY2wJUKqVDbe;2025-06-02;Ivanhoe;0;0;0;0;0;0;0;0;0;0;0;0;0;0;0;0
Shqd0HHzkY2wJUKqVDbe;2025-06-02;Fendis;0;0;0;0;0;0;0;0;0;0;0;0;0;0;0;0
Shqd0HHzkY2wJUKqVDbe;2025-06-02;TrAiAnO 2;0;0;0;0;0;0;0;0;0;0;0;0;0;0;0;0
Shqd0HHzkY2wJUKqVDbe;2025-06-02;Kantrius;0;0;0;0;0;0;0;0;0;0;0;0;0;0;0;0
Shqd0HHzkY2wJUKqVDbe;2025-06-02;PizzaOnkel IV;0;0;0;0;0;0;0;0;0;0;0;0;0;0;0;0
Shqd0HHzkY2wJUKqVDbe;2025-06-02;Moginn;0;0;0;0;0;0;0;0;0;0;0;0;0;0;0;0
Shqd0HHzkY2wJUKqVDbe;2025-06-02;SBzBy II;0;3;0;0;0;0;0;0;0;0;0;0;0;0;0;0
Shqd0HHzkY2wJUKqVDbe;2025-06-02;NokolajDNK;0;0;0;0;0;0;0;0;0;0;0;0;0;0;0;0
Shqd0HHzkY2wJUKqVDbe;2025-06-02;Lord Rahl;0;0;0;0;0;0;0;0;0;0;0;0;0;0;0;0
Shqd0HHzkY2wJUKqVDbe;2025-06-02;Bluebird;0;0;0;0;0;0;0;0;0;0;0;0;0;0;0;0
Shqd0HHzkY2wJUKqVDbe;2025-06-02;El Mosca;0;0;0;0;0;0;0;0;0;0;0;0;0;0;0;0
Shqd0HHzkY2wJUKqVDbe;2025-06-02;Gardashura;0;0;0;0;0;0;0;0;0;0;0;0;0;0;0;0
Shqd0HHzkY2wJUKqVDbe;2025-06-02;FlockyRocky;0;0;0;0;0;0;0;0;0;0;0;0;0;0;0;0
Shqd0HHzkY2wJUKqVDbe;2025-06-02;Brodyaga;0;0;0;0;0;0;0;0;0;0;0;0;0;0;0;0
Shqd0HHzkY2wJUKqVDbe;2025-06-02;Gustav Gans;0;0;0;0;0;0;0;0;0;0;0;0;0;0;0;0
Shqd0HHzkY2wJUKqVDbe;2025-06-02;Perros;0;0;0;0;0;0;0;0;0;0;0;0;0;0;0;0
Shqd0HHzkY2wJUKqVDbe;2025-06-02;Wichtel Fichtel;0;0;0;0;0;0;0;0;0;0;0;0;0;0;0;0
Shqd0HHzkY2wJUKqVDbe;2025-06-02;MELISA;0;0;0;0;0;0;0;0;0;0;0;0;0;0;0;0
Shqd0HHzkY2wJUKqVDbe;2025-06-02;Traiano;0;0;0;0;0;0;0;0;0;0;0;0;0;0;0;0
Shqd0HHzkY2wJUKqVDbe;2025-06-02;Lanmoin der 3te;0;0;0;0;0;0;0;0;0;0;0;0;0;0;0;0
Shqd0HHzkY2wJUKqVDbe;2025-06-02;Graf de lya Fer;0;0;0;0;0;0;0;0;0;0;0;0;0;0;0;0
Shqd0HHzkY2wJUKqVDbe;2025-06-02;Daijind;0;0;0;0;0;0;0;0;0;0;0;0;0;0;0;0
Shqd0HHzkY2wJUKqVDbe;2025-06-02;Upasara Wulung;0;0;0;0;0;0;0;0;0;0;0;0;0;0;0;0
Shqd0HHzkY2wJUKqVDbe;2025-06-02;NikolajDNK;0;0;0;0;0;0;0;0;0;0;0;0;0;0;0;0
Shqd0HHzkY2wJUKqVDbe;2025-06-02;Hulsa;0;0;0;0;0;0;0;0;0;0;0;0;0;0;0;0
Shqd0HHzkY2wJUKqVDbe;2025-06-02;Danara;0;0;0;0;0;0;0;0;0;0;0;0;0;0;0;0
Shqd0HHzkY2wJUKqVDbe;2025-06-02;Friedoline;0;0;0;0;0;0;0;0;0;0;0;0;0;0;0;0
Shqd0HHzkY2wJUKqVDbe;2025-06-02;steboulet;0;4;0;4;0;0;0;0;0;0;0;0;0;0;0;0
Shqd0HHzkY2wJUKqVDbe;2025-06-02;Buck Man;0;0;0;0;0;0;0;0;0;0;0;0;0;0;0;0
Shqd0HHzkY2wJUKqVDbe;2025-06-02;Elsa;0;0;0;1;0;0;0;0;0;0;0;0;0;0;0;0
Shqd0HHzkY2wJUKqVDbe;2025-06-02;Tigra;0;0;0;0;0;0;0;0;0;0;0;0;0;0;0;0
Shqd0HHzkY2wJUKqVDbe;2025-06-02;Romazan;0;0;0;0;0;0;0;0;0;0;0;0;0;0;0;0
Shqd0HHzkY2wJUKqVDbe;2025-06-02;Kupriyanych;0;0;0;0;0;0;0;0;0;0;0;0;0;0;0;0
Shqd0HHzkY2wJUKqVDbe;2025-06-02;Fray;0;3;0;0;0;0;0;0;0;0;0;0;0;0;0;0
Shqd0HHzkY2wJUKqVDbe;2025-06-02;Lindis;0;1;0;1;0;0;0;0;0;0;0;0;0;0;0;0
Shqd0HHzkY2wJUKqVDbe;2025-06-02;Angelina 2;0;0;0;0;0;0;0;0;0;0;0;0;0;0;0;0
Shqd0HHzkY2wJUKqVDbe;2025-06-02;morgaine;0;0;0;0;0;0;0;0;0;0;0;0;0;0;0;0
Shqd0HHzkY2wJUKqVDbe;2025-06-02;kingchris;0;0;0;0;0;0;0;0;0;0;0;0;0;0;0;0
Shqd0HHzkY2wJUKqVDbe;2025-06-02;Karel;0;0;0;0;0;0;0;0;0;0;0;0;0;0;0;0
Shqd0HHzkY2wJUKqVDbe;2025-06-02;ruda bestia;0;0;0;0;0;0;0;0;0;0;0;0;0;0;0;0
Shqd0HHzkY2wJUKqVDbe;2025-06-02;Rover;0;0;0;0;0;2;0;0;0;0;0;0;0;0;0;0
Shqd0HHzkY2wJUKqVDbe;2025-06-02;Tehn;0;0;0;0;0;0;0;0;0;0;0;0;0;0;0;0
Shqd0HHzkY2wJUKqVDbe;2025-06-02;BlueBird;0;0;0;0;0;0;0;0;0;0;0;0;0;0;0;0
Shqd0HHzkY2wJUKqVDbe;2025-06-02;Seryoga;0;0;0;0;0;0;0;0;0;0;0;0;0;0;0;0
Shqd0HHzkY2wJUKqVDbe;2025-06-02;Vakums;0;0;0;0;0;0;0;0;0;0;0;0;0;0;0;0
Shqd0HHzkY2wJUKqVDbe;2025-06-02;09MUSLERA09;0;0;0;0;0;0;0;0;0;0;0;0;0;0;0;0
Shqd0HHzkY2wJUKqVDbe;2025-06-02;Shahanna;0;0;0;0;0;0;0;0;0;0;0;0;0;0;0;0
Shqd0HHzkY2wJUKqVDbe;2025-06-02;Frostterror;0;5;1;0;0;0;0;0;0;0;0;0;0;0;0;0
Shqd0HHzkY2wJUKqVDbe;2025-06-02;Forondod;0;3;0;1;0;0;0;0;0;0;0;0;0;0;0;0
Shqd0HHzkY2wJUKqVDbe;2025-06-02;Miaso;0;0;0;0;0;0;0;0;0;0;0;0;0;0;0;0
Shqd0HHzkY2wJUKqVDbe;2025-06-02;Triano;0;0;0;0;0;0;0;0;0;0;0;0;0;0;0;0
Shqd0HHzkY2wJUKqVDbe;2025-06-02;jannoz;0;0;0;0;0;0;0;0;0;0;0;0;0;0;0;0
Shqd0HHzkY2wJUKqVDbe;2025-06-02;Adoran;0;0;0;0;0;0;0;0;0;0;0;0;0;0;0;0
Shqd0HHzkY2wJUKqVDbe;2025-06-02;Mikoikt;0;0;0;0;0;0;0;0;0;0;0;0;0;0;0;0
Shqd0HHzkY2wJUKqVDbe;2025-06-02;Mary Pili;0;0;0;0;0;0;0;0;0;0;0;0;0;0;0;0
Shqd0HHzkY2wJUKqVDbe;2025-06-02;Jackal;0;10;0;0;0;0;0;0;0;0;0;0;0;0;0;0
Shqd0HHzkY2wJUKqVDbe;2025-06-02;Smotryaschij;0;0;0;0;0;0;0;0;0;0;0;0;0;0;0;0
Shqd0HHzkY2wJUKqVDbe;2025-06-02;Heinrich der Löwe;0;0;0;0;0;0;0;0;0;0;0;0;0;0;0;0
Shqd0HHzkY2wJUKqVDbe;2025-06-02;Drago;0;0;0;0;0;0;0;0;0;0;0;0;0;0;0;0
Shqd0HHzkY2wJUKqVDbe;2025-06-02;Nightwulf;0;0;0;0;0;0;0;0;0;0;0;0;0;0;0;0
Shqd0HHzkY2wJUKqVDbe;2025-06-02;steboulet 2;0;0;0;0;0;0;0;0;0;0;0;0;0;0;0;0
Shqd0HHzkY2wJUKqVDbe;2025-06-02;Eragon;0;3;0;0;0;0;0;0;0;0;0;0;0;0;0;0
Shqd0HHzkY2wJUKqVDbe;2025-06-02;Lassus;0;0;0;0;0;0;0;0;0;0;0;0;0;0;0;0
Shqd0HHzkY2wJUKqVDbe;2025-06-02;Rein;0;0;0;0;0;0;0;0;0;0;0;0;0;0;0;0
Shqd0HHzkY2wJUKqVDbe;2025-06-02;A R I S E;0;0;0;0;0;0;0;0;0;0;0;0;0;0;0;0
Shqd0HHzkY2wJUKqVDbe;2025-06-02;Hexe Kaukau;0;0;0;0;0;0;0;0;0;0;0;0;0;0;0;0
Shqd0HHzkY2wJUKqVDbe;2025-06-02;Petrov val;0;1;0;0;0;0;0;0;0;0;0;0;0;0;0;0
Shqd0HHzkY2wJUKqVDbe;2025-06-02;kuromi;0;0;0;0;0;0;0;0;0;0;0;0;0;0;0;0
Shqd0HHzkY2wJUKqVDbe;2025-06-02;Barsian;0;0;0;0;0;0;0;0;0;0;0;0;0;0;0;0
Shqd0HHzkY2wJUKqVDbe;2025-06-02;T-34;0;0;0;0;0;0;0;0;0;0;0;0;0;0;0;0
Shqd0HHzkY2wJUKqVDbe;2025-06-02;YurasiK;0;0;0;0;0;9;0;0;0;0;0;0;0;0;0;0
Shqd0HHzkY2wJUKqVDbe;2025-06-02;WildMG;0;3;2;0;0;0;0;0;0;0;0;0;0;0;0;0
Shqd0HHzkY2wJUKqVDbe;2025-06-02;koi;0;3;0;0;0;1;0;0;0;0;0;0;0;0;0;0
Shqd0HHzkY2wJUKqVDbe;2025-06-02;Zepancadaria;0;0;0;0;0;0;0;0;0;0;0;0;0;0;0;0
Shqd0HHzkY2wJUKqVDbe;2025-06-02;Kobani;0;0;0;0;0;0;0;0;0;0;0;0;0;0;0;0
Shqd0HHzkY2wJUKqVDbe;2025-06-02;Nightfang;0;0;0;0;0;0;0;0;0;0;0;0;0;0;0;0
Shqd0HHzkY2wJUKqVDbe;2025-06-02;MIkl;0;0;0;0;0;0;0;0;0;0;0;0;0;0;0;0
Shqd0HHzkY2wJUKqVDbe;2025-06-02;Miss Pelace;0;4;0;3;0;0;0;0;0;0;0;0;0;0;0;0
Shqd0HHzkY2wJUKqVDbe;2025-06-02;Rifur;0;0;0;0;0;0;0;0;0;0;0;0;0;0;0;0
Shqd0HHzkY2wJUKqVDbe;2025-06-02;Gocha;0;0;0;0;0;0;0;0;0;0;0;0;0;0;0;0
7IzhLWKQbe5aLGu3aGSJ;2025-06-20;Tehn;0;0;0;0;0;0;0;0;0;0;0;0;0;0;0;0
7IzhLWKQbe5aLGu3aGSJ;2025-06-20;El Mosca;0;0;0;0;0;0;0;0;0;0;0;0;0;0;6;0
7IzhLWKQbe5aLGu3aGSJ;2025-06-20;Miaso;0;0;0;0;0;0;0;0;0;0;0;0;0;0;5;0
7IzhLWKQbe5aLGu3aGSJ;2025-06-20;Hulsa;0;2;0;0;0;0;0;0;0;0;0;0;0;0;0;0
7IzhLWKQbe5aLGu3aGSJ;2025-06-20;Hexe Kaukau;0;0;0;0;0;0;0;0;0;0;0;0;0;0;5;0
7IzhLWKQbe5aLGu3aGSJ;2025-06-20;WildMG;0;0;0;0;0;0;0;0;0;0;0;0;0;0;5;0
7IzhLWKQbe5aLGu3aGSJ;2025-06-20;Zuzilkree;0;2;0;1;0;0;0;0;0;0;0;0;0;0;0;0
7IzhLWKQbe5aLGu3aGSJ;2025-06-20;Kantrius;0;1;0;0;0;0;0;0;0;0;0;0;0;0;0;0
7IzhLWKQbe5aLGu3aGSJ;2025-06-20;Buck Man;0;1;2;4;0;6;0;0;0;0;0;0;0;0;0;0
7IzhLWKQbe5aLGu3aGSJ;2025-06-20;Rifur;0;0;0;0;0;0;0;0;0;0;0;0;0;0;5;0
7IzhLWKQbe5aLGu3aGSJ;2025-06-20;kingchris;0;0;0;0;0;0;0;0;0;0;0;0;0;0;5;0
7IzhLWKQbe5aLGu3aGSJ;2025-06-20;Petrov val;0;0;0;0;0;0;0;0;0;0;0;0;0;0;0;0
7IzhLWKQbe5aLGu3aGSJ;2025-06-20;Forondod;0;1;0;0;0;0;0;0;0;0;0;0;0;0;0;0
7IzhLWKQbe5aLGu3aGSJ;2025-06-20;Vakums;0;0;0;0;0;0;0;0;0;0;0;0;0;0;0;0
7IzhLWKQbe5aLGu3aGSJ;2025-06-20;Kobani;0;0;1;2;0;0;0;0;0;0;0;0;0;0;0;0
7IzhLWKQbe5aLGu3aGSJ;2025-06-20;LosBoLos;0;0;0;7;0;0;0;0;0;0;0;0;0;0;0;0
7IzhLWKQbe5aLGu3aGSJ;2025-06-20;Miss Pelace;0;0;0;0;0;0;0;0;0;0;0;0;0;0;0;0
7IzhLWKQbe5aLGu3aGSJ;2025-06-20;Adoran;0;0;4;4;0;0;0;0;0;0;0;0;0;0;0;0
7IzhLWKQbe5aLGu3aGSJ;2025-06-20;Kamaw DOC;0;0;9;13;0;0;0;0;0;0;0;0;0;0;0;0
7IzhLWKQbe5aLGu3aGSJ;2025-06-20;Angelina 2;0;0;0;0;0;0;0;0;0;0;0;0;0;0;0;0
7IzhLWKQbe5aLGu3aGSJ;2025-06-20;koi;0;0;0;0;0;18;0;0;0;0;0;0;0;0;0;0
7IzhLWKQbe5aLGu3aGSJ;2025-06-20;Tigra;0;0;0;0;0;0;0;0;0;0;0;0;0;0;0;0
7IzhLWKQbe5aLGu3aGSJ;2025-06-20;Elgi;0;0;0;0;0;0;0;0;0;0;0;0;0;0;5;0
7IzhLWKQbe5aLGu3aGSJ;2025-06-20;Serdriilas;0;0;1;2;0;0;0;0;0;0;0;0;0;0;0;0
7IzhLWKQbe5aLGu3aGSJ;2025-06-20;Germano1;1;0;0;0;0;0;0;0;0;0;0;0;0;0;0;0
7IzhLWKQbe5aLGu3aGSJ;2025-06-20;Germanol;0;0;0;0;0;0;0;0;0;0;0;0;0;0;0;0
7IzhLWKQbe5aLGu3aGSJ;2025-06-20;SBzBy Il;0;0;0;0;0;0;0;0;0;0;0;0;0;0;5;0
7IzhLWKQbe5aLGu3aGSJ;2025-06-20;Frostterror;1;1;1;0;0;0;0;0;0;0;0;0;0;0;0;0
7IzhLWKQbe5aLGu3aGSJ;2025-06-20;Friedoline;0;0;0;0;0;0;0;0;0;0;0;0;0;0;5;0
7IzhLWKQbe5aLGu3aGSJ;2025-06-20;Upasara Wulung;0;0;0;0;0;0;0;0;0;0;0;0;0;0;5;0
7IzhLWKQbe5aLGu3aGSJ;2025-06-20;TrAiAnO 2;0;0;0;0;0;0;0;0;0;0;0;0;0;0;2;0
7IzhLWKQbe5aLGu3aGSJ;2025-06-20;kuromi;0;0;0;0;0;0;0;0;0;0;0;0;0;0;1;0
7IzhLWKQbe5aLGu3aGSJ;2025-06-20;shining pearl;0;0;0;0;0;0;0;0;0;0;0;0;0;0;4;0
7IzhLWKQbe5aLGu3aGSJ;2025-06-20;Brodyaga;0;0;3;0;0;0;0;0;0;0;0;0;0;0;5;0
7IzhLWKQbe5aLGu3aGSJ;2025-06-20;Perros;0;0;0;0;0;9;0;0;0;0;0;0;0;0;0;0
7IzhLWKQbe5aLGu3aGSJ;2025-06-20;YurasiK;0;3;2;1;0;0;0;0;0;0;0;0;0;0;0;0
7IzhLWKQbe5aLGu3aGSJ;2025-06-20;Roland;0;0;0;1;0;1;0;0;0;0;0;0;0;0;0;0
7IzhLWKQbe5aLGu3aGSJ;2025-06-20;Lindis;0;1;1;2;0;0;0;0;0;0;0;0;0;0;5;0
7IzhLWKQbe5aLGu3aGSJ;2025-06-20;Barsian;0;0;0;0;0;0;0;0;0;0;0;0;0;0;2;0
7IzhLWKQbe5aLGu3aGSJ;2025-06-20;Rein;0;0;0;0;0;0;0;0;0;0;0;0;0;0;4;0
7IzhLWKQbe5aLGu3aGSJ;2025-06-20;Daijind;0;0;0;3;0;0;0;0;0;0;0;0;0;0;0;0
7IzhLWKQbe5aLGu3aGSJ;2025-06-20;Rainblade;0;0;0;0;0;1;0;0;0;0;0;0;0;0;0;0
7IzhLWKQbe5aLGu3aGSJ;2025-06-20;Romazan;0;1;5;1;0;3;0;0;0;0;0;0;0;0;5;0
7IzhLWKQbe5aLGu3aGSJ;2025-06-20;Jackal;0;1;0;0;0;0;0;0;0;0;0;0;0;0;5;0
7IzhLWKQbe5aLGu3aGSJ;2025-06-20;White Los;0;0;0;3;0;0;0;0;0;0;0;0;0;0;3;0
7IzhLWKQbe5aLGu3aGSJ;2025-06-20;Mary Pili;0;0;0;0;0;0;0;0;0;0;0;0;0;0;2;0
0PoYXhorC0vK0U0Cx7d7;2025-05-18;Miss Pelace;0;0;0;0;0;0;0;0;0;0;0;0;0;0;0;0
0PoYXhorC0vK0U0Cx7d7;2025-05-18;Romazan;0;0;0;0;0;0;0;0;0;0;0;0;0;0;0;0
0PoYXhorC0vK0U0Cx7d7;2025-05-18;Wichtel Fichtel;0;0;0;0;0;0;0;0;0;0;0;0;0;0;0;0
0PoYXhorC0vK0U0Cx7d7;2025-05-18;PizzaOnkel IV;0;0;0;0;0;0;0;0;0;0;0;0;0;0;0;0
0PoYXhorC0vK0U0Cx7d7;2025-05-18;WildMG;0;0;0;0;0;0;0;0;0;0;0;0;0;0;0;0
0PoYXhorC0vK0U0Cx7d7;2025-05-18;Eiskönigin;0;0;0;0;0;0;0;0;0;0;0;0;0;0;0;0
0PoYXhorC0vK0U0Cx7d7;2025-05-18;Nightfang;0;0;0;0;0;0;0;0;0;0;0;0;0;0;0;0
0PoYXhorC0vK0U0Cx7d7;2025-05-18;Serdriilas;0;0;0;0;0;0;0;0;0;0;0;0;0;0;0;0
0PoYXhorC0vK0U0Cx7d7;2025-05-18;Lanmoin der 3te;0;0;0;0;0;0;0;0;0;0;0;0;0;0;0;0
0PoYXhorC0vK0U0Cx7d7;2025-05-18;T-34;0;0;0;0;0;0;0;0;0;0;0;0;0;0;0;0
0PoYXhorC0vK0U0Cx7d7;2025-05-18;Ivanhoe;0;0;0;0;0;0;0;0;0;0;0;0;0;0;0;0
0PoYXhorC0vK0U0Cx7d7;2025-05-18;BlueBird;0;0;0;0;0;0;0;0;0;0;0;0;0;0;0;0
ypVnj9leLPqaua9AXiOm;2025-06-15;Eiskönigin;0;0;0;0;0;0;0;0;0;0;0;0;0;0;0;0
ypVnj9leLPqaua9AXiOm;2025-06-15;BlueBird;0;0;0;0;0;0;0;0;0;0;0;0;0;0;0;0
ypVnj9leLPqaua9AXiOm;2025-06-15;Traiano;0;0;0;0;0;0;0;0;0;0;0;0;0;0;0;0
ypVnj9leLPqaua9AXiOm;2025-06-15;kingchris;0;4;0;0;0;0;0;0;0;0;0;0;0;0;0;0
ypVnj9leLPqaua9AXiOm;2025-06-15;White Los;0;0;0;0;0;0;0;0;0;0;0;0;0;0;0;0
ypVnj9leLPqaua9AXiOm;2025-06-15;LosBoLos;0;0;0;0;0;0;0;0;0;0;0;0;0;0;0;0
ypVnj9leLPqaua9AXiOm;2025-06-15;Daijind;0;3;1;0;0;0;0;0;0;0;0;0;0;0;0;0
ypVnj9leLPqaua9AXiOm;2025-06-15;Lord Rahl;0;0;0;0;0;0;0;0;0;0;0;0;0;0;0;0
ypVnj9leLPqaua9AXiOm;2025-06-15;Fendis;0;16;0;0;0;0;0;0;0;0;0;0;0;0;0;0
ypVnj9leLPqaua9AXiOm;2025-06-15;Elgi;0;0;0;0;0;0;0;0;0;0;0;0;0;0;0;0
ypVnj9leLPqaua9AXiOm;2025-06-15;Kupriyanych;0;0;0;0;0;0;0;0;0;0;0;0;0;0;0;0
ypVnj9leLPqaua9AXiOm;2025-06-15;shining pearl;0;0;0;0;0;0;0;0;0;0;0;0;0;0;0;0
ypVnj9leLPqaua9AXiOm;2025-06-15;Hexe KauKau;0;0;0;0;0;0;0;0;0;0;0;0;0;0;0;0
ypVnj9leLPqaua9AXiOm;2025-06-15;Forondod;0;2;1;0;0;0;0;0;0;0;0;0;0;0;0;0
ypVnj9leLPqaua9AXiOm;2025-06-15;Mikoikt;0;2;0;0;0;1;0;24;0;0;0;0;0;0;0;0
ypVnj9leLPqaua9AXiOm;2025-06-15;Zuzilkree;0;0;0;0;0;0;0;0;0;0;0;0;0;0;0;0
ypVnj9leLPqaua9AXiOm;2025-06-15;DerVerstindnisvolle;0;0;0;0;0;0;0;0;0;0;0;0;0;0;0;0
ypVnj9leLPqaua9AXiOm;2025-06-15;Tehn;0;4;3;3;0;0;0;0;0;0;0;0;0;0;0;0
ypVnj9leLPqaua9AXiOm;2025-06-15;Z6pancadaria;0;0;0;0;0;0;0;0;0;0;0;0;0;0;0;0
ypVnj9leLPqaua9AXiOm;2025-06-15;Donald Duck;0;0;0;0;0;0;0;0;0;0;0;0;0;0;0;0
ypVnj9leLPqaua9AXiOm;2025-06-15;Eragon;0;14;0;3;0;0;0;0;0;0;0;0;0;0;0;0
ypVnj9leLPqaua9AXiOm;2025-06-15;Lassus;0;0;0;0;0;0;0;0;0;0;0;0;0;0;0;0
ypVnj9leLPqaua9AXiOm;2025-06-15;NikolajDNK;0;0;0;0;0;0;0;0;0;0;0;0;0;0;0;0
ypVnj9leLPqaua9AXiOm;2025-06-15;Frostterror;0;0;0;0;0;0;0;0;0;0;0;0;0;0;0;0
ypVnj9leLPqaua9AXiOm;2025-06-15;PizzaOnkel IV;0;0;0;0;0;0;0;0;0;0;0;0;0;0;0;0
ypVnj9leLPqaua9AXiOm;2025-06-15;MELISA;0;0;0;0;0;0;0;0;0;0;0;0;0;0;0;0
ypVnj9leLPqaua9AXiOm;2025-06-15;Shahanna;0;0;0;0;0;0;0;0;0;0;0;0;0;0;0;0
ypVnj9leLPqaua9AXiOm;2025-06-15;PizzaOnkel II;0;0;0;0;0;0;0;0;0;0;0;0;0;0;0;0
ypVnj9leLPqaua9AXiOm;2025-06-15;Perros;0;0;0;0;0;0;0;0;0;0;0;0;0;0;0;0
ypVnj9leLPqaua9AXiOm;2025-06-15;Tigra;0;3;0;0;0;0;0;0;0;0;0;0;0;0;0;0
ypVnj9leLPqaua9AXiOm;2025-06-15;Buck Man;0;0;0;0;0;0;0;6;0;0;0;0;0;0;0;0
ypVnj9leLPqaua9AXiOm;2025-06-15;Hulsa;0;0;0;0;0;0;0;0;0;0;0;0;0;0;0;0
ypVnj9leLPqaua9AXiOm;2025-06-15;Lindis;0;5;5;0;0;0;0;0;0;0;0;0;0;0;0;0
ypVnj9leLPqaua9AXiOm;2025-06-15;Cerberus;0;0;0;0;0;0;0;0;0;0;0;0;0;0;0;0
ypVnj9leLPqaua9AXiOm;2025-06-15;Barsian;0;0;0;0;0;0;0;0;0;0;0;0;0;0;0;0
ypVnj9leLPqaua9AXiOm;2025-06-15;Miaso;0;0;0;0;0;0;0;0;0;0;0;0;0;0;0;0
ypVnj9leLPqaua9AXiOm;2025-06-15;Gustav Gans;0;0;0;0;0;0;0;0;0;0;0;0;0;0;0;0
ypVnj9leLPqaua9AXiOm;2025-06-15;koi;0;0;0;1;0;29;0;0;0;0;0;0;0;0;0;0
ypVnj9leLPqaua9AXiOm;2025-06-15;Lanmoin der 3te;0;0;0;0;0;0;0;0;0;0;0;0;0;0;0;0
ypVnj9leLPqaua9AXiOm;2025-06-15;Mary Pili;0;0;0;0;0;0;0;0;0;0;0;0;0;0;0;0
ypVnj9leLPqaua9AXiOm;2025-06-15;Heinrich der Löwe;0;11;1;1;0;0;0;0;0;0;0;0;0;0;0;0
ypVnj9leLPqaua9AXiOm;2025-06-15;YurasiK;0;6;1;0;0;0;0;0;0;0;0;0;0;0;0;0
ypVnj9leLPqaua9AXiOm;2025-06-15;Romazan;0;0;0;0;0;0;0;0;0;0;0;0;0;0;0;0
ypVnj9leLPqaua9AXiOm;2025-06-15;Kantrius;0;12;0;0;0;0;0;0;0;0;0;0;0;0;0;0
ypVnj9leLPqaua9AXiOm;2025-06-15;kuromi;0;0;0;0;0;0;0;0;0;0;0;0;0;0;0;0
ypVnj9leLPqaua9AXiOm;2025-06-15;Miki;0;0;0;0;0;0;0;0;0;0;0;0;0;0;0;0
ypVnj9leLPqaua9AXiOm;2025-06-15;Railkayilas;0;0;0;0;0;0;0;0;0;0;0;0;0;0;0;0
ypVnj9leLPqaua9AXiOm;2025-06-15;Rifur;0;0;0;0;0;0;0;0;0;0;0;0;0;0;0;0
ypVnj9leLPqaua9AXiOm;2025-06-15;Fray;0;2;0;0;0;0;0;0;0;0;0;0;0;0;0;0
ypVnj9leLPqaua9AXiOm;2025-06-15;Rover;1;1;0;0;0;5;0;0;0;0;0;0;0;0;0;0
ypVnj9leLPqaua9AXiOm;2025-06-15;Monkey De Luffy;0;0;0;0;0;0;0;0;0;0;0;0;0;0;0;0
ypVnj9leLPqaua9AXiOm;2025-06-15;Gardashura;0;0;0;0;0;0;0;0;0;0;0;0;0;0;0;0
ypVnj9leLPqaua9AXiOm;2025-06-15;Jannoz;0;2;0;0;0;0;0;0;0;0;0;0;0;0;0;0
ypVnj9leLPqaua9AXiOm;2025-06-15;Harko;0;0;0;0;0;0;0;0;0;0;0;0;0;0;0;0
ypVnj9leLPqaua9AXiOm;2025-06-15;Kobani;0;0;0;0;0;0;0;0;0;0;0;0;0;0;0;0
ypVnj9leLPqaua9AXiOm;2025-06-15;Bluebird;0;0;0;0;0;0;0;0;0;0;0;0;0;0;0;0
ypVnj9leLPqaua9AXiOm;2025-06-15;Ivanhoe;0;0;0;2;0;0;0;0;0;0;0;0;0;0;0;0
ypVnj9leLPqaua9AXiOm;2025-06-15;KlaxxoN;0;0;0;0;0;3;0;0;0;0;0;0;0;0;0;0
ypVnj9leLPqaua9AXiOm;2025-06-15;Brodyaga;0;3;0;0;0;0;0;0;0;0;0;0;0;0;0;0
ypVnj9leLPqaua9AXiOm;2025-06-15;Elsa;1;8;0;0;0;0;0;0;0;0;0;0;0;0;0;0
ypVnj9leLPqaua9AXiOm;2025-06-15;Upasara Wulung;0;0;0;0;0;0;0;0;0;0;0;0;0;0;0;0
ypVnj9leLPqaua9AXiOm;2025-06-15;WildMG;0;0;0;0;0;0;0;0;0;0;0;0;0;0;0;0
ypVnj9leLPqaua9AXiOm;2025-06-15;Serdriilas;0;5;0;0;0;0;0;0;0;0;0;0;0;0;0;0
ypVnj9leLPqaua9AXiOm;2025-06-15;TrAlAnO 2;0;0;0;0;0;0;0;0;0;0;0;0;0;0;0;0
ypVnj9leLPqaua9AXiOm;2025-06-15;SBzBy Il;0;0;3;0;0;0;0;0;0;0;0;0;0;0;0;0
ypVnj9leLPqaua9AXiOm;2025-06-15;Adoran;0;3;5;2;0;0;0;0;0;0;0;0;0;0;0;0
ypVnj9leLPqaua9AXiOm;2025-06-15;Vakums;0;0;0;0;0;0;0;0;0;0;0;0;0;0;0;0
ypVnj9leLPqaua9AXiOm;2025-06-15;Jackal;0;0;0;0;0;0;0;0;0;0;0;0;0;0;0;0
ypVnj9leLPqaua9AXiOm;2025-06-15;Petrov val;0;0;0;0;0;0;0;0;0;0;0;0;0;0;0;0
ypVnj9leLPqaua9AXiOm;2025-06-15;T-34;0;0;0;0;0;0;0;0;0;0;0;0;0;0;0;0
ypVnj9leLPqaua9AXiOm;2025-06-15;El Mosca;0;0;0;0;0;0;0;0;0;0;0;0;0;0;0;0
ypVnj9leLPqaua9AXiOm;2025-06-15;Nightfang;0;1;0;0;0;0;0;0;0;0;0;0;0;0;0;0
ypVnj9leLPqaua9AXiOm;2025-06-15;Germanol;0;4;0;0;0;0;0;0;0;0;0;0;0;0;0;0
ypVnj9leLPqaua9AXiOm;2025-06-15;Friedoline;0;4;3;0;0;0;0;0;0;0;0;0;0;0;0;0
ypVnj9leLPqaua9AXiOm;2025-06-15;Lanmoin der kleine;0;18;0;0;0;0;0;0;0;0;0;0;0;0;0;0
ypVnj9leLPqaua9AXiOm;2025-06-15;Rainblade;0;1;0;0;0;0;0;0;0;0;0;0;0;0;0;0
ypVnj9leLPqaua9AXiOm;2025-06-15;Angelina 2;0;10;0;0;0;0;0;0;0;0;0;0;0;0;0;0
ypVnj9leLPqaua9AXiOm;2025-06-15;Rein;0;0;0;0;0;0;0;0;0;0;0;0;0;0;0;0
ypVnj9leLPqaua9AXiOm;2025-06-15;Roland;0;0;0;0;0;0;0;0;0;0;0;0;0;0;0;0
ypVnj9leLPqaua9AXiOm;2025-06-15;Miss Pelace;0;0;0;0;0;0;0;0;0;0;0;0;0;0;0;0